,nazwa ogloszenia,cena,opis,lokalizacja,pokoje,powierzchnia,rodzaj zabudowy,rynek,piętro,stan wykonczenia,balkon/ogrod/taras,miejsce parkingowe,telefon,link,rok budowy
0,"mieszkanie tys 33m, kawalerka Psie Pole",115 000 zł,"Szacowana rata:
603 zł / mies.
Wkład własny:
23 000 zł (20%)
Okres spłaty:
30 lat","Karłowice, Psie Pole, Wrocław, dolnośląskie",,33 m²,blok,wtórny,,,,,,https://www.otodom.pl/pl/oferta/mieszkanie-tys-33m-kawalerka-psie-pole-ID4oTvM,1969.0
1,Promocja!-Klucze odbiór!-1Pokój>Krzyki.,476 661 zł,"Inwestycja realizowana jest w południowej części Wrocławia w granicach dzielnicy Krzyki - Ołtaszyn. Ta urokliwa lokalizacja daje możliwość obcowania z naturą dzięki rozległym terenom zielonym - Tor Wyścigów Konnych Partynice, Park Kleciński, Park Południowy, zamek Topacz. Dzięki rozbudowanej sieci ścieżek rowerowych lokalizację pokochają aktywni. Inwestycja położona jest pośród budynków o niskiej zabuodowie co zapewni oderwanie od wielkomiejskiego zgiełku.
Prezentujemy do sprzedaży 1- pokojowe mieszkanie o powierzchni 40,43mkw usytuowane na I piętrze. Do mieszkania przynależy balkon- 7,12mkw.
NA MIESZKANIE SKŁADA SIĘ:","ul. Nefrytowa, Ołtaszyn, Krzyki, Wrocław, dolnośląskie",,"40,81 m²",blok,pierwotny,1/2,,balkon,garaż/miejsce parkingowe,535 004 852,https://www.otodom.pl/pl/oferta/promocja-klucze-odbior-1pokojkrzyki-ID4oToC,1969.0
2,Stablowicke piekne 2 pok/ Garaz/Komorka/Winda Park,629 000 zł,"Stablowicke piekne 2 pok/ GARAZ/KOMORKA/WINDA PARK
POLECAM do sprzedania rozkładowe 2 pokojowe mieszkanie o powierzchni 49,18 m2 znajdujące się na osiedlu Zielone Stabłowice.

Na sprzedaż mieszkanie 2-pokojowe o powierzchni 49,18 m²2 piętro w 4-piętrowym bloku z windą z 2011 rokuWrocław, Stabłowice, ul. StabłowickaBalkon, piwnica, osobna kuchniaOdrębna własność z księgą wieczystą
Mieszkanie na 1 piętrze w 4 piętrowym budynku z windą na zamkniętym osiedlu. Składa się z 2óch pokoi, łazienki, przedpokoju, osobnej kuchni i balkonu.
W pełni wyposażone - płyta indukcyjna, zmywarka, piekarnik, lodówka, pralka, tv, meble.




Do sprzedaży wraz z mieszkaniem obligatoryjnie miejsce postojowe w garażu podziemnym (13m2) oraz komórka lokatorska (4,4m2) w cenie 50000 zł

biuro 789 100 422

Oferta wysłana z programu dla biur nieruchomości ASARI CRM ()","Przedmieście Świdnickie, Stare Miasto, Wrocław, dolnośląskie",2.0,50 m²,blok,wtórny,1/4,,balkon,,789 100 422,https://www.otodom.pl/pl/oferta/stablowicke-piekne-2-pok-garaz-komorka-winda-park-ID4oTrf,1969.0
3,Nowoczesne 2-pokojowe mieszkanie na Jagodno,610 000 zł," Mam przyjemność przedstawić Państwu atrakcyjną ofertę jasnego 2 pokojowego mieszkania.
Usytuowanego w popularnej i prężnie rozwijającej się części Wrocławia- Jagodno. Nieruchomość znajduje się przy ul.Adama Kopycińskiego, w nowym budynku na 2 pietrze o powierzchni 38,4m2 z balkonem
Pokoje są bardzo dobrze doświetlone przez większość dnia.
Projekt został dopracowany o najmniejszy szczegóły, co tworzy niepowtarzalny klimat w połączeniu z funkcjonalnym układem pomieszczeń.
Dodatkowo do mieszkania przynależy miejsce postojowe w podziemnym parkingu. Teren jest całodobowo monitorowany.

ROZKŁAD POMIESZCZEŃ
- przedpokój -4.08m2
- łazienka -4.01m2
- sypialnia -10.33m2
- salon z aneksem kuchennym -20.00m2
- balkon -4.49m2

LOKALIZACJA
Cicha, spokojna, bezpieczna dzielnica. Obok nowoczesne place zabaw.
Okolica jest bardzo przyjazna z pełną infrastrukturą.
Dojazd do centrum Wrocławia zajmuje 15 minut autem. Nieruchomość jest usytuowana w pobliżu terenów rekreacyjnych oraz parków Brochowskiego i Wojszyce. Z kolei bogata oferta handlowo-usługowa, rozbudowana infrastruktura drogowa i komunikacyjna będą cennym udogodnieniem dla przyszłych mieszkańców. W sąsiedztwie działa kilka przedszkoli, żłobki i nowa szkoła podstawowa. Blisko budynku znajdują się nowe kawiarnie i sklepy.
W bliskiej odległości: Lidl, Biedronka, Centrum Medyczne, Aquapark Brochów, centrum handlowy Ferio Gaj.

ATUTY
- nowoczesne wykończenie mieszkania
- doskonała lokalizacja na południu Wrocławia
- materiały wykończeniowe wysokiej jakości
- gwarancja od producenta mebli, AGD – 2 lata
- rękojmi od dewelopera – 5 lat

CENA 
- 610 000 zl.(15 885 zł/m2) – mieszkanie z balkonem, ładny widok
- 40 000zl. – podziemne miejsce parkingowe

Serdecznie polecam i zapraszam do prezentacji.

Iryna Boiko
tel. +48 666 289 003","Jagodno, Krzyki, Wrocław, dolnośląskie",2.0,15 885 m²,blok,wtórny,2/4,do zamieszkania,balkon,garaż/miejsce parkingowe,666 289 003,https://www.otodom.pl/pl/oferta/nowoczesne-2-pokojowe-mieszkanie-na-jagodno-ID4oTaN,1969.0
4,PROMOCJA | Super Ustawne | Nowa Inwestycja | HIT!,506 979 zł,"Pracujemy 7 dni w tygodniu. Zainteresowała Cię oferta? Zadzwoń, zanim ubiegną Cię inni.
Ostatnie trzy mieszkania w ofercie dewelopera
-> umów się na prezentację mieszkania na żywo (w pierwszym etapie inwestycji)
-> bez jakichkolwiek prowizji
OFERTA BEZPOŚREDNIO OD DEWELOPERA. Inwestycja mieści się w zielonej części miasta z dobrą komunikacją miejską. 
Razem płynnie przejdziemy przez cały proces zakupu nieruchomości.
Wszystkie formalności związane z kredytowaniem nieruchomości załatwimy na miejscu.
Opis mieszkania:
Na sprzedaż słoneczne trzypokojowe mieszkanie położone na pierwszym piętrze w nowoczesnym budynku. Wystawa okien wschodnia. Do mieszkania przynależy przestronny balkon na którym znajdziesz dodatkową przestrzeń do odpoczynku.
Mieszkanie tworzy przestronny salon z aneksem kuchennym oraz z dwie ustawne sypialnie. W przedpokoju miejsce na dużą szafę. W łazience bez najmniejszych problemów zmieścimy wannę. Przemyślany układ pomieszczeń tworzy doskonałą funkcjonalność.
Opis budynku:
Dwupiętrowe kameralnie położone budynki w bardzo dobrym standardzie. Do każdego z mieszkań przynależy balkon bądź ogródek. Duże przestrzenie między budynkami gwarantują poczucie intymności.
Przy budynku przewidziane są miejsca parkingowe naziemne.
Opis lokalizacji:
Inwestycja mieści się w dobrze skomunikowanej okolicy, to gwarancja codziennej wygody, a bliskość arterii drogowych zapewnia szybki dojazd do Centrum. W pobliżu osiedla znajdziesz sklepy (zarówno małe, jak i duże), usługi, placówki edukacyjne, przychodnie i poradnie medyczne. I oczywiście miejsca do rekreacji.","ul. Woskowa, Brochów, Krzyki, Wrocław, dolnośląskie",3.0,"51,47 m²",apartamentowiec,pierwotny,1,,"balkon, taras",garaż/miejsce parkingowe,690 725 555,https://www.otodom.pl/pl/oferta/promocja-super-ustawne-nowa-inwestycja-hit-ID4oTmw,1969.0
5,Sztabowa Krzyki 3Pok/rozkad lux!!,699 996 zł,"Sztabowa/ Krzyki 58m2/Balkon /Lux !!
Polecamy na sprzedaż mieszkanie w pełnym rozkładzie ul Sztabowa Krzyki
Odpowietrznik
57,80m2, 1p z 4, 3 pok.
Pełny Rozkład, balkon, piwnica, blok po termo, nowe okna, media miejskie.
Biuro 789100423
Oferta wysłana z programu dla biur nieruchomości ASARI CRM ()","Przedmieście Świdnickie, Stare Miasto, Wrocław, dolnośląskie",3.0,60 m²,brak informacji,wtórny,,,balkon,,789 100 422,https://www.otodom.pl/pl/oferta/sztabowa-krzyki-3pok-rozkad-lux-ID4oTrh,1969.0
6,Przestronna KAWALERKA blisko rzeki | OŁBIN,449 000 zł,"PRZESTRONNA KAWALERKA BLISKO RZEKI / OŁBIN
  Opis nieruchomości
  Mieszkanie położone przy ul. Karola Miarki o powierzchni 29,63 m2 położone na 3 piętrze w kamienicy. Mieszkanie składa się z salonu połączonego z aneksem kuchennym, łazienki i przedpokoju. Mieszkanie jest po kapitalnym remoncie. Wymienione instalacje: wodna i elektryczna. Wyposażenie kuchni: piekarnik, zmywarka, piec gazowy, płyta elektryczna. Nowe okna PCV. Wysokość 3 m
  Apartament składa się z:
·        salon z aneksem kuchennym – 20,01 m2
·        łazienka (prysznic, wc) – 4,6 m2
·        Przedpokój – 5,02 m2
  Do mieszkania przynależy piwnica
Ogrzewanie i woda ciepła z dwufunkcyjnego pieca gazowego.  
Pełna własność z księgą wieczystą
Budynek cechuje się także czystą i zadbaną klatką schodową.
Kawalerka jest jasna, przestronna od strony wschodniej.
  Lokalizacja:
Świetna lokalizacja blisko mostu Warszawskiego, w spokojnej okolicy.
W pieszej dostępności szkoła oraz żłobek, sklepy, punkty usługowe.
Okolica jest bardzo dobrze skomunikowana w pobliżu przystanki autobusowe (A, 128, N, 106, 115) oraz tramwajowe (23,6,11)
2,9 km do wrocławskiego Rynku.
2,3 km do Pasażu Grunwaldzkiego
12 minut pieszo do Stanisław Tołpa Park oraz 20 min do Ogrodu Botanicznego.
   Atuty mieszkania:
- przestronne oraz jasne
- niski czynsz
- świetna lokalizacja
- blisko centrum
- wysoki sufit
  Cena: 449 000 zl.brutto
Serdecznie polecam i zapraszam do prezentacji.
Alla Nechkaliuk
tel. 666 289 004
 ","ul. Karola Miarki, Ołbin, Śródmieście, Wrocław, dolnośląskie",,"29,63 m²",kamienica,wtórny,3/3,do zamieszkania,,,666 289 004,https://www.otodom.pl/pl/oferta/przestronna-kawalerka-blisko-rzeki-olbin-ID4oTgg,1969.0
7,5 pokoi z balkonem/tereny zielone/gotowe,1 022 925 zł,"5-pokojowe mieszkanie z balkonem przy terenach zielonych
Opiekun oferty:
Julia Andrulewicz
tel. 602 101 602
Nieruchomość w stanie deweloperskim - do własnej aranżacji
Otoczenie:
Nowe, kameralne osiedle przy terenach zielonych tworzy przyjazną przestrzeń do życia.
5-pokojowe mieszkanie o projektowanej powierzchni 85,6m2 znajduje się na 2 piętrze 3-piętrowego budynku z windą.
Układ nieruchomości:
Salon z aneksem kuchennym - 21,4m2
Pokój - 12,3m2
Pokój - 11,2m2
Pokój - 9,7m2
Pokój - 9,1m2
Łazienka - 5m2
Wc - 1,6m2
Garderoba - 3,4m2
Przedpokój - 11,8m2
Balkon - ok. 8m2
Mieszkanie gotowe do odbioru - zamieszkaj już dziś
Dostępne miejsca postojowe i komórki lokatorskie dodatkowo płatne
Najważniejsze informacje:
Mieszkanie w stanie deweloperskim - do własnej aranżacji
Ogrzewanie: miejskie
Okna: PCV
Mieszkanie dwustronne, narożne, ciepłe i słoneczne
Bardzo dobry układ nieruchomości
Wystawa okien: Południowo-Zachodnia
Zapraszam na bezpłatną prezentację
Opiekun oferty:
Julia Andrulewicz
tel. 602 101 602","ul. Jordanowska, Oporów, Fabryczna, Wrocław, dolnośląskie",5.0,"85,6 m²",blok,pierwotny,2/3,do wykończenia,balkon,garaż/miejsce parkingowe,602 101 602,https://www.otodom.pl/pl/oferta/5-pokoi-z-balkonem-tereny-zielone-gotowe-ID4oTod,1969.0
8,"Dobra cena, pilna sprzedaż, świetna lokalizacja",488 000 zł,"Na sprzedaż ustawna 3 pokojowe mieszkanie w ścisłym centrum obok Skytower
Pilna sprzedaż !!! możliwość kontaktu i prezentacji w weekendy
Tel 537 301 807 Bartosz Domin biuro Skyhouse , nr licencji 28949
Mam przyjemność zaprezentować Państwu inwestycyjne mieszkanie znajdujące się na 3 piętrze w 5 piętrowym bloku położonym przy ul. Zaporoskiej w dzielnicy Krzyki.
Cena: 488 000 zł
Powierzchnia mieszkania 44 m2
Dodatkowo powierzchnia piwnicy
Mieszkanie składa się z : centralnego salonu, 2 osobnych sypialni, osobnej kuchnią, łazienki z wc, przedpokoju.
Szczegóły oferty
- zadbany blok z nową windą, niedawno zamontowaną w budynku
- mieszkanie w stanie do remontu idealne pod inwestycję
- na podłodze mozaika parkietowa nadająca się do cyklinowania
- okna PCV
- wszystkie media miejskie, czynsz 480 zł miesięcznie z zaliczkami na wodę i ogrzewanie, fundusz remontowy
- forma własności : pełna własność z Księgą Wieczystą ( czysty  stan prawny bez hipotek i    służebności)
Gorąco polecam i zapraszam do obejrzenia mieszkania.
…………………………………………………………………………………………………
  Tel.  537 301 807
Numer  oferty w biurze
  Telefon dostępny 7 dni w tygodniu w godzinach 7:00-23:00
Proszę również o sms, na pewno oddzwonię z informacjami.
.
Chcecie Państwo sprzedać nieruchomość ? Z przyjemnością zajmiemy się tematem,
TEL. 537 301 807
Pomagamy w zorganizowaniu najkorzystniejszego kredytu hipotecznego !!! Nasi doradcy finansowi pomogą w szybkim uzyskaniu finansowania.
  Zapraszamy do zapoznania się z pełną ofertą biura. 
Odwiedź naszą stronę: 
Biuro Nieruchomości SkyHouse
ul. Piłsudskiego 74, lokal 308b
Wrocław
  Opis oferty zawarty na stronie internetowej sporządzany jest na podstawie oględzin nieruchomości oraz informacji uzyskanych od właściciela, może podlegać aktualizacji i nie stanowi oferty określonej w art. 66 i następnych K.C.
   
Pośrednik odpowiedzialny zawodowo za wykonanie umowy pośrednictwa: Bartosz Domin (licencja nr: 28949)","Gajowice, Fabryczna, Wrocław, dolnośląskie",3.0,44 m²,blok,wtórny,3/5,,,,537 301 807,https://www.otodom.pl/pl/oferta/dobra-cena-pilna-sprzedaz-swietna-lokalizacja-ID4oTtl,1969.0
9,Sprzedam apartament super lokalizacja wykończony,481 000 zł,"Super lokata mieszkanie sprzedaje się z najemcą tak ze od razu jest dochód  można wypowiedzieć najem lub pozostawić. Apartament nowy powierzchnia mieszkalna 26m2 balkon 5,16 m2 wykończone podłoga gres marmur KL I kuchnia wyposażona zmywarka lodówka płyta do gotowania okap nad płytą, Pokój sofa dwuosobowa dywan, łazienka pralka ,prysznic ,geberyt toaleta ,umywalka na szafce wiszącej ,lustro podświetlane płytki gres marmur połysk , hol szafa z lustrem komoda ławka z schowkiem .Wszystkie sprzęty nowe wysokiej jakości  .Na ścianach gładź ,pomalowane farba hiper alergiczną beckers . Do mieszkania należy miejsce postojowe w garażu podziemnym dodatkowo płatne 50000 zł Do miejsca postojowego jest winda która dostajemy się do mieszkania bez wychodzenia na zewnątrz .","ul. Piękna 66, Tarnogaj, Krzyki, Wrocław, dolnośląskie",,26 m²,kamienica,pierwotny,1/4,do zamieszkania,balkon,garaż/miejsce parkingowe,602 219 885,https://www.otodom.pl/pl/oferta/sprzedam-apartament-super-lokalizacja-wykonczony-ID4oTt3,1969.0
10,"Przestronne 3-pok. mieszkanie 75,2 m2, 2 balkony",940 000 zł,"  Doskonała lokalizacja zapewnia łatwy dostęp do najważniejszych punktów miasta, a jednocześnie gwarantuje spokój i prywatność. Mieszkanie jest dwustronne i rozkładowe, zostało w pełni urządzone i wyposażone z największą starannością zgodnie z indywidualnym projektem, tworząc luksusowe, designerskie wnętrza. 
3-pokojowe mieszkanie o projektowanej powierzchni 75,2 m2 znajduje się na 1 piętrze budynku.
Układ nieruchomości:
Salon z aneksem kuchennym
Pokój z garderobą
 2 Sypialni
Łazienka
Przedpokój
Korytarz
2 Balkony
Tylko 2 mieszkania na piętrze
Drzwi antywłamaniowe
Dostępne prywatne miejsce postojowe w garażu podziemnym dodatkowo płatne - 30000zł.
 ","ul. Jurija Gagarina, Muchobór Wielki, Fabryczna, Wrocław, dolnośląskie",3.0,"75,2 m²",blok,wtórny,1/3,do zamieszkania,balkon,garaż/miejsce parkingowe,732 329 224,https://www.otodom.pl/pl/oferta/przestronne-3-pok-mieszkanie-75-2-m2-2-balkony-ID4oTuf,1969.0
11,"Wysoki standard, Nowe budownictwo, Balkon",610 000 zł,"Dwu-pokojowe mieszkanie w wysokim standardzie w nowoczesnym budynku na ul. Kopycińskiego.

MIESZKANIE
- Pokój dzienny połączony z kuchnią,
- Sypialnia,
- Łazienka,
- Przedpokój
+ Balkon.

Mieszkanie umeblowane i wyposażone jak na zdjęciach.
Kuchnia ze sprzętem AGD.
W łazience wanna z opcją prysznica.

Miejsce postojowe w garażu podziemnym - 40.000 zł.
W budynku winda.


Blisko przystanek autobusowy, skąd 110 zawiezie nas na Dworzec, a 145 dodatkowo na Sępolno (mijając po drodze Politechnikę Wrocławską i ZOO).
W najbliższym otoczeniu znajdują się sklepy, np. Żabka, Biedronka, Lidl czy Rossmann.


730 530 680
Marek Pernal

Potrzebujesz pomocy przy wyborze najkorzystniejszej oferty kredytowej?
→ dla naszych klientów zapewniamy bezpłatne wizyty u profesjonalnych doradców finansowych z ofertą kredytową.

Zamieszczona oferta nie stanowią oferty w rozumieniu Kodeksu Cywilnego, a dane w nich zawarte mają jedynie charakter informacyjny.","Adama Kopycińskiego, Jagodno, Krzyki, Wrocław, dolnośląskie",2.0,"38,4 m²",blok,wtórny,2/4,,balkon,garaż/miejsce parkingowe,730 530 680,https://www.otodom.pl/pl/oferta/wysoki-standard-nowe-budownictwo-balkon-ID4oTvq,1969.0
12,Mieszkanie | 2pokoje | Taras | Ogródek,662 000 zł,"Z przyjemnością prezentuję dla państwa Dwupokojowe mieszkanie we Wrocławiu w bloku przy ulicy Agrestowej o powierzchni 45m2 z tarasem i dużym ogrodem..


Mieszkanie składa się z:
- Dużego salonu z aneksem kuchennym.
- Sypialni
- Łazienki
- komunikacji

Mieszkanie:
- Jest w pełnie wyposażone sprzętem AGD, meblami oraz wszystkim niezbędnym dla życia.
- Gotowe do zamieszkania od zaraz.
- Posiada osobny taras oraz duży ogródek o powierzchni 100m2.

Lokalizacja:
- Dużym atutem tego mieszkania jest to, że ono znajduję się w cichej i spokojnej dzielnicy Wrocławia.
- Blisko: Auchan, biedronka, restauracje, sushi, pizzerii, fitness, boisko, park, plac zabaw, apteka,

Dodatkowa informacja:
- Rok budowy bloku: 2012.
- Czynsz administracyjny: 450zł + prąd wg. zużycia.
- Mieszkanie posiada KW.
- Mieszkanie posiada świadectwo charakterystyki energetycznej.

Cena: 662.000 złotych.

Serdecznie zachęcam do umówienia się na bezpłatną prezentację.

Opiekun oferty: Sprawdzony Pośrednik Nieruchomości Maksym Mytchyk, tel. 517335866.

Pomagamy Państwu również w zdobyciu finansowania na wymarzoną nieruchomość.

Szanowni Państwo, zawsze dążymy do tego, aby informacje o proponowanych przez nas ofertach były jak najbardziej dokładne i aktualne. Warto jednak mieć na uwadze fakt, iż opis oferty zawarty na stronie internetowej sporządzany jest na podstawie oględzin nieruchomości oraz informacji uzyskanych od właściciela, może podlegać aktualizacji i nie stanowi oferty określonej w art. 66 i następnych K.C.























Oferta wysłana z programu dla biur nieruchomości ASARI CRM ()","ul. Agrestowa, Partynice, Krzyki, Wrocław, dolnośląskie",2.0,45 m²,blok,wtórny,parter/3,,"ogródek, taras",,517 335 866,https://www.otodom.pl/pl/oferta/mieszkanie-2pokoje-taras-ogrodek-ID4oTuP,1969.0
13,Super Promocja|Nowa Inwestycja|OGRÓDEK|SprawdźHIT,426 190 zł,"Pracujemy 7 dni w tygodniu. Zainteresowała Cię oferta? Zadzwoń, zanim ubiegną Cię inni.
OSTATNIE MIESZKANIA W OFERCIE!!
->okna od słonecznej strony
-> umów się na prezentację mieszkania na żywo 
-> bez prowizji
OFERTA BEZPOŚREDNIO OD DEWELOPERA.","ul. Woskowa, Brochów, Krzyki, Wrocław, dolnośląskie",2.0,"37,06 m²",apartamentowiec,pierwotny,parter,,"ogródek, taras",garaż/miejsce parkingowe,690 725 555,https://www.otodom.pl/pl/oferta/super-promocja-nowa-inwestycja-ogrodek-sprawdzhit-ID4oTmo,1969.0
14,PROMOCJA | Piękny i duży Ogródek|OSTATNIE|Sprawdź!,575 732 zł,"Pracujemy 7 dni w tygodniu. Zainteresowała Cię oferta? Zadzwoń, zanim ubiegną Cię inni.
OSTATNIE!!
Na sprzedaż mieszkanie z największym ogródkiem w inwestycji.
-> umów się na prezentację mieszkania na żywo
-> dogodny harmonogram płatności
-> wysoki standard mieszkania","ul. Ignacego Mościckiego, Brochów, Krzyki, Wrocław, dolnośląskie",4.0,"68,95 m²",apartamentowiec,pierwotny,parter,,"ogródek, taras",garaż/miejsce parkingowe,690 725 555,https://www.otodom.pl/pl/oferta/promocja-piekny-i-duzy-ogrodek-ostatnie-sprawdz-ID4oTmD,1969.0
15,3-pokojowe mieszkanie w centrum Wrocławia- bezPcc,949 000 zł,"Oferuję do sprzedaży przestronne mieszkanie,
o powierzchni 59,50 m2, usytuowane na czwartym piętrze w czteropiętrowym budynku, położonym
w ścisłym centrum Wrocławia.
Lokal składa się z trzech niezależnych pokoi, co czyni go idealnym zarówno dla rodziny, jak i inwestora poszukującego atrakcyjnej nieruchomości pod wynajem.
Mieszkanie jest dwustronnie rozkładowe, co zapewnia optymalne doświetlenie pomieszczeń przez cały dzień.
Budynek znajduje się na zamkniętym osiedlu o wysokim standardzie - z ochroną, placem zabaw dla dzieci oraz starodrzewiem, co gwarantuje spokój i bezpieczeństwo.
W pobliżu znajdują się liczne punkty usługowe, takie jak rynek, uczelnie, szkoły czy centra handlowe.
Ta lokalizacja jest więc idealna dla osób ceniących komfort i bliskość infrastruktury miejskiej.
Mieszkanie wróciło do sprzedaży, co jest doskonałą okazją dla osób, które pragną zamieszkać w samym sercu Wrocławia.
Standard deweloperski obejmuje ogrzewanie podłogowe oraz łazienkę z oknem - rzadko spotykane udogodnienie w mieszkaniach tej wielkości.
Nie obciąża go podatek PCC, co stanowi dodatkowy atut tej oferty.
Klucze są gotowe do odbioru - mieszkanie czeka na swojego nowego właściciela.
APARTAMENT SKŁADA SIĘ:

pokój dzienny, z aneksem kuchennym

2 sypialnie

łazienka z oknem

holl.

KOMUNIKACJA:

tramwaj linii 6,8,11,23

autobus linii 128, 111,259,C

W POBLIŻU ZNAJDUJĄ SIĘ:

wrocławski Rynek ( tylko 1 km)

Ogród Botaniczny

rekreacyjne tereny nad Odrą

Park Stanisława Tołpy

Uniwersytet Wrocławski

liczne punkty handlowe i usługowe

Zapraszam na prezentację Apartamentu oraz Inwestycji!","ul. Bolesława Prusa, Nadodrze, Śródmieście, Wrocław, dolnośląskie",3.0,"59,5 m²",brak informacji,pierwotny,4/4,,,garaż/miejsce parkingowe,535 004 852,https://www.otodom.pl/pl/oferta/3-pokojowe-mieszkanie-w-centrum-wroclawia-bezpcc-ID4oToD,1969.0
16,Promocja!2Pokoje>Klucze do odbioru> Krzyki.,515 075 zł,"Inwestycja realizowana jest w południowej części Wrocławia w granicach dzielnicy Krzyki - Ołtaszyn. Ta urokliwa lokalizacja daje możliwość obcowania z naturą dzięki rozległym terenom zielonym - Tor Wyścigów Konnych Partynice, Park Kleciński, Park Południowy, zamek Topacz. Dzięki rozbudowanej sieci ścieżek rowerowych lokalizację pokochają aktywni. Inwestycja położona jest pośród budynków o niskiej zabuodowie co zapewni oderwanie od wielkomiejskiego zgiełku.
Prezentujemy do sprzedaży 2- pokojowe mieszkanie o powierzchni 43,68mkw usytuowane na I piętrze. Do mieszkania przynależy balkon.
NA MIESZKANIE SKŁADA SIĘ:

salon z aneksem kuchennym

sypialni

łazienka

przedpokój

balkon.

TERMIN REALIZACJI: `I kwartał 2023
OGRZEWANIE:
W mieszkaniach 2 i więcej pokojowych zastosowane jest ogrzewanie podłogowe.
W mieszkaniach 1 pokojowych ogrzewanie standardowe - grzejniki.
MIEJSCE POSTOJOWE:
w garażu podziemnym pojedyncze - 35 000 zł - obligatoryjne
KOMÓRKA LOKATORSKA:
3500 zł/mkw - obligatoryjnie
KOMUNIKACJA:
autobus linii: 113, 612
odległość od rynku: 8km
W POBLIŻU ZNAJDUJĄ SIĘ:
Apteka (3min)
Biedronka (5min)
Szkoła podstawowa (3min)
Przedszkole (2min)
Zamek Topacz (7 min)
Bielany Wrocławskie (8 min)
Tor Wyścigów Konnych (10 min)
Park Kleciński (11 min)
Park Południowy (14 min)
Na inwestycji dostępne są również lokale mieszkalne z innym rozkładem i metrażem. Większość mieszkań posiada balkon lub loggie.
Jesteś zainteresowany, ale nie odpowiada Ci piętro, strona świata lub rozkład prezentowanego mieszkania?
Zapraszam do kontaktu - dostosujemy dla Ciebie idealną ofertę!","ul. Nefrytowa, Ołtaszyn, Krzyki, Wrocław, dolnośląskie",2.0,"43,32 m²",blok,pierwotny,1/2,,balkon,garaż/miejsce parkingowe,535 004 852,https://www.otodom.pl/pl/oferta/promocja-2pokojeklucze-do-odbioru-krzyki-ID4oToB,1969.0
17,3 Pokoje>Krzyki>Klucze do odbioru!,673 318 zł,"Inwestycja realizowana jest w południowej części Wrocławia w granicach dzielnicy Krzyki - Ołtaszyn. Ta urokliwa lokalizacja daje możliwość obcowania z naturą dzięki rozległym terenom zielonym - Tor Wyścigów Konnych Partynice, Park Kleciński, Park Południowy, zamek Topacz. Dzięki rozbudowanej sieci ścieżek rowerowych lokalizację pokochają aktywni. Inwestycja położona jest pośród budynków o niskiej zabuodowie co zapewni oderwanie od wielkomiejskiego zgiełku.
Prezentujemy do sprzedaży 3- pokojowe mieszkanie o powierzchni 58,17mkw usytuowane na I piętrze. Do mieszkania przynależy balkon.
NA MIESZKANIE SKŁADA SIĘ:

salon z aneksem kuchennym

2 sypialnie

łazienka

przedpokój

balkon.

TERMIN REALIZACJI: I kwartał 2023
OGRZEWANIE:
W mieszkaniach 2 i więcej pokojowych zastosowane jest ogrzewanie podłogowe.
W mieszkaniach 1 pokojowych ogrzewanie standardowe - grzejniki.
MIEJSCE POSTOJOWE:
w garażu podziemnym pojedyncze - 35 000 zł - obligatoryjne
KOMÓRKA LOKATORSKA:
3500 zł/mkw - obligatoryjnie
KOMUNIKACJA:
autobus linii: 113, 612
odległość od rynku: 8km
W POBLIŻU ZNAJDUJĄ SIĘ:
Apteka (3min)
Biedronka (5min)
Szkoła podstawowa (3min)
Przedszkole (2min)
Zamek Topacz (7 min)
Bielany Wrocławskie (8 min)
Tor Wyścigów Konnych (10 min)
Park Kleciński (11 min)
Park Południowy (14 min)
Na inwestycji dostępne są również lokale mieszkalne z innym rozkładem i metrażem. Większość mieszkań posiada balkon lub loggie.
Jesteś zainteresowany, ale nie odpowiada Ci piętro, strona świata lub rozkład prezentowanego mieszkania?
Zapraszam do kontaktu - dostosujemy dla Ciebie idealną ofertę!","ul. Nefrytowa, Ołtaszyn, Krzyki, Wrocław, dolnośląskie",3.0,"58,17 m²",blok,pierwotny,1/2,,balkon,garaż/miejsce parkingowe,535 004 852,https://www.otodom.pl/pl/oferta/3-pokojekrzykiklucze-do-odbioru-ID4oToA,1969.0
18,NOWY ETAP|Ostatnie takie Mieszkania|HIT|Sprawdź,357 552 zł,"Pracujemy 7 dni w tygodniu. Zainteresowała Cię oferta? Zadzwoń, zanim ubiegną Cię inni.
OSTATNIE MIESZKANIE Z OGRÓDKIEM!!
->okna od słonecznej strony
-> umów się na prezentację mieszkania na żywo 
-> bez prowizji
OFERTA BEZPOŚREDNIO OD DEWELOPERA.","ul. Woskowa, Brochów, Krzyki, Wrocław, dolnośląskie",2.0,"30,43 m²",apartamentowiec,pierwotny,parter,,"ogródek, taras",garaż/miejsce parkingowe,690 725 555,https://www.otodom.pl/pl/oferta/nowy-etap-ostatnie-takie-mieszkania-hit-sprawdz-ID4oTmn,1969.0
19,"Mieszkanie 3 pok.59,39m2 z tarasem 26,98m2 Wrocław",979 000 zł,"Wyjątkowe mieszkanie 3 pokojowe o powierzchni 59,39m2 z dużym tarasem o pow. 26.98m2 w świetnej lokalizacji na wrocławskich Krzykach ul. Braterska/ ul. Karkonoska.
Mieszkanie jest rozkładowe, 3 - pokojowe ma pow. 59,39 m2 znajduje się na 4 piętrze w 4 piętrowym bloku z windą. Główna część mieszkania to salon z otwartą kuchnią o pow. 25,36m2 (kuchnię można też wydzielić jako osobną) z salonu wyjście na niezwykle duży taras o pow. 26,98m2, w mieszkaniu też 2 osobne pokoje o pow. 10,80 i 8,55m2. W mieszkaniu jest też łazienka z toaletą o pow. 4,72m2 oraz przedpokój z miejscem na szafę w zabudowie. Zakup bezpośrednio od dewelopera bezpieczną umową deweloperską (bez PCC i bez prowizji).
Do mieszkania można dokupić miejsce postojowe w garażu podziemnym oraz komórkę lokatorską. Wysokość mieszkania 2,57m.
Osiedle ma bardzo atrakcyjną lokalizacje na południu Wrocławia w granicach dzielnicy Krzyki, zlokalizowane przy Karkonoskiej/ Przyjaźni/Braterskiej. Osiedle powstaje w pobliżu dwóch dużych parków miejskich: Klecińskiego i Południowego oraz w sąsiedztwie Wrocławskiego Toru Wyścigów Konnych Partynice. W I etapie osiedla powstanie jeden z mniejszych budynków, mieszczącym 187 lokali, na 4 i 8 piętrach przewidziano oddanie do użytku przestrzenie mieszkalne mających od 1 do 4 pokoi i powierzchnię od 39 do 77 m². Na terenie budynku znajdzie się garaż podziemny dla 166 samochodów. Będą tam także pomieszczenia zapewniające przechowywanie niewielkich pojazdów i przedmiotów: rowerownia wyposażona w haki na jednoślady, wózkownia oraz komórki lokatorskie. W ramach I etapu nowo powstającego osiedla zaplanowano również: klub mieszkańca, plac zabaw dla dzieci i przestrzenie do wypoczynku z ławkami.
Inwestycja z terminem realizacji na 04-2026 – atutem zakupu na tym etapie sprzedaży jest jeszcze duży wybór i (patrząc na trend wzrostowy dla wartości mieszkań) cena! Prezentacja odbywa się w biurze gdzie można przyjrzeć się zaprojektowanemu budynkowi i obejrzeć wybrane mieszkania dzięki wizytacji 3d. Zapraszam do kontaktu zainteresowanych klientów.
Ania Cieślak- Doradca klienta
tel. 535 422 198

Nr oferty 06PK2_ 10043a/AC
Zamieszczone na naszych stronach informacje nie stanowią oferty w rozumieniu Kodeksu Cywilnego, a dane w nich zawarte mają jedynie charakter informacyjny.","ul. Braterska, Krzyki, Krzyki, Wrocław, dolnośląskie",3.0,"59,39 m²",blok,pierwotny,parter/4,do wykończenia,taras,,535 422 198,https://www.otodom.pl/pl/oferta/mieszkanie-3-pok-59-39m2-z-tarasem-26-98m2-wroclaw-ID4oTkM,1969.0
20,3 pokoje z 2 tarasami/gotowe do odbioru,679 780 zł,"3-pokojowe mieszkanie/2 tarasy/Park
Opiekun oferty:
Julia Andrulewicz
tel. 602 101 602
Nieruchomość w stanie deweloperskim - do własnej aranżacji
Otoczenie:
Nowe, kameralne osiedle przy terenach zielonych tworzy przyjazną przestrzeń do życia.
3-pokojowe mieszkanie o projektowanej powierzchni 58,1m2 znajduje się na parterze 3-piętrowego budynku z windą.
Układ nieruchomości:
Salon z aneksem kuchennym - 26,2m2
Pokój - 10,3m2
Pokój - 8,6m2
Łazienka - 4,3m2
Przedpokój - 8,7m2
Taras - ok. 20m2
Taras - ok. 10m2
Mieszkanie gotowe do odbioru - zamieszkaj już dziś
Dostępne miejsca postojowe i komórki lokatorskie dodatkowo płatne
Najważniejsze informacje:
Mieszkanie w stanie deweloperskim - do własnej aranżacji
Rolety na parterach
Ogrzewanie: miejskie
Okna: PCV
Mieszkanie dwustronne, 2 tarasy
Bardzo dobry układ nieruchomości
Wystawa okien: Północno-Południowa
Na terenie osiedla dostępne:
Klub mieszkańca
Klub fitness
Stacje naprawy rowerów
W pobliżu
Park Oporowski, Park Grabiszyński
Liczne usługi w Pasażu Handlowo-Usługowym
Odległość od Centrum miasta - ok. 25minut
Zapraszam na bezpłatną prezentację
Opiekun oferty:
Julia Andrulewicz
tel. 602 101 602","ul. Jordanowska, Oporów, Fabryczna, Wrocław, dolnośląskie",3.0,"58,1 m²",blok,pierwotny,parter/3,do wykończenia,"balkon, taras",garaż/miejsce parkingowe,602 101 602,https://www.otodom.pl/pl/oferta/3-pokoje-z-2-tarasami-gotowe-do-odbioru-ID4oTof,1969.0
21,Ogródek|2Tarasy|Garderoba|NowaInwestycja|HIT!,612 510 zł,"Pracujemy 7 dni w tygodniu. Zainteresowała Cię oferta? Zadzwoń, zanim ubiegną Cię inni.
Jedyne w ofercie dewelopera narożne mieszkanie z ogródkiem!! 
Garderoba bądź oddzielne WC!
-> umów się na prezentację mieszkania na żywo (w pierwszym etapie inwestycji)
-> bez jakichkolwiek prowizji
OFERTA BEZPOŚREDNIO OD DEWELOPERA. Inwestycja mieści się w zielonej części miasta z dobrą komunikacją miejską. ","ul. Woskowa, Brochów, Krzyki, Wrocław, dolnośląskie",4.0,"60,05 m²",apartamentowiec,pierwotny,parter,,"ogródek, taras",garaż/miejsce parkingowe,690 725 555,https://www.otodom.pl/pl/oferta/ogrodek-2tarasy-garderoba-nowainwestycja-hit-ID4oTmv,1969.0
22,NAROŻNE z Pięknym Ogródkiem | Nowa Inwestycja|HIT!,546 728 zł,"Pracujemy 7 dni w tygodniu. Zainteresowała Cię oferta? Zadzwoń, zanim ubiegną Cię inni.
Jedyne w ofercie dewelopera narożne mieszkanie z ogródkiem!! 
-> umów się na prezentację mieszkania na żywo (w pierwszym etapie inwestycji)
-> bez jakichkolwiek prowizji
OFERTA BEZPOŚREDNIO OD DEWELOPERA. Inwestycja mieści się w zielonej części miasta z dobrą komunikacją miejską. 
Razem płynnie przejdziemy przez cały proces zakupu nieruchomości.
Wszystkie formalności związane z kredytowaniem nieruchomości załatwimy na miejscu.
Opis mieszkania:
Na sprzedaż słoneczne trzypokojowe mieszkanie położone na parterze w nowoczesnym budynku. Wystawa okien wschodnia. Do mieszkania przynależy przestronny taras oraz ogródek na którym znajdziesz dodatkową przestrzeń do odpoczynku.
Mieszkanie tworzy przestronny salon z aneksem kuchennym oraz z dwie ustawne sypialnie. W przedpokoju miejsce na dużą szafę. W łazience bez najmniejszych problemów zmieścimy wannę. Przemyślany układ pomieszczeń tworzy doskonałą funkcjonalność.
Opis budynku:
Dwupiętrowe kameralnie położone budynki w bardzo dobrym standardzie. Do każdego z mieszkań przynależy balkon bądź ogródek. Duże przestrzenie między budynkami gwarantują poczucie intymności.
Przy budynku przewidziane są miejsca parkingowe naziemne.
Opis lokalizacji:
Inwestycja mieści się w dobrze skomunikowanej okolicy, to gwarancja codziennej wygody, a bliskość arterii drogowych zapewnia szybki dojazd do Centrum. W pobliżu osiedla znajdziesz sklepy (zarówno małe, jak i duże), usługi, placówki edukacyjne, przychodnie i poradnie medyczne. I oczywiście miejsca do rekreacji.","ul. Woskowa, Brochów, Krzyki, Wrocław, dolnośląskie",3.0,"52,57 m²",apartamentowiec,pierwotny,parter,,"ogródek, taras",garaż/miejsce parkingowe,690 725 555,https://www.otodom.pl/pl/oferta/narozne-z-pieknym-ogrodkiem-nowa-inwestycja-hit-ID4oTms,1969.0
23,"Gotowa Inwestycja - Przy Lotnisku! Lokal 24,5m²",378 840 zł,Wirtualny spacer,"ul. Władysława Zarembowicza, Strachowice, Fabryczna, Wrocław, dolnośląskie",,"24,5 m²",blok,wtórny,4/4,do zamieszkania,balkon,,517 100 189,https://www.otodom.pl/pl/oferta/gotowa-inwestycja-przy-lotnisku-lokal-24-5m-ID4oTph,1969.0
24,Nowe / Komfortowe / Balkon / Komórka !!!,675 000 zł,"Oferta wyłącznie w Naszym biurze.
PIĘKNE / NOWE / WYKOŃCZONE / KOMÓRKA
Do sprzedaży nowe mieszkanie dwupokojowe o powierzchni 53,69mkw, usytuowane na drugim piętrze w niskim dwupiętrowym i kameralnym budynku z cichobieżną windą. Mieszkanie ma bardzo ładny rozkład i jest jasne (strona południowa). Komórka na 2 p. Parking tylko dla mieszkańców, wewnątrz osiedla.
MIESZKANIE W PEŁNI UMEBLOWANE I WYPOSAŻONE.
Kuchnia jasna, w pełni umeblowana i wyposażony w sprzęt AGD, oraz efektowne oświetlenie punktowe w podwieszonym suficie.
Salon z wyjściem na balkon.
W pokojach na podłogach panele. W łazience wanna z boczną szybą i deszczownicą. Muszla podwieszana z klapą wolno opadającą, umywalka z podwieszaną szafką z szufladami.
Na podłodze w kuchni, łazience duże jasne kafle
Informacje dodatkowe:
Cały blok podlega gwarancji deweloperskiej.
Niski czynsz.
Mieszkanie w pełni własnościowe z księgą.
Kuchnia w zabudowie wraz z :
- zmywarka
- piekarnik
- ceramiczna płyta grzewcza
- okap
- zlew kuchenny
- wysoka lodówka
Cały sprzęt agd nowy na gwarancji.
DOJAZD:
Połączenie z miastem zapewniają dwa główne ciągi komunikacyjne: obwodnica autostradowa i obwodnica śródmiejska. Linia 111 Kminkowa - Plac Grunwaldzki. Ponadto dojazd możliwy autobusami linii 143,105, 305 i 308.
Cena 675tys.
kontakt: Marta Popiel tel. 788 438 941
GORĄCO POLECAM I ZAPRASZAM DO OBEJRZENIA !!! KLUCZE W BIURZE
Więcej ofert znajdziecie Państwo na Naszej stronie:
Informacje zawarte w ofercie mają charakter wyłącznie informacyjny /mogą ulec zmianie/, nie są prawnie wiążące i nie stanowią oferty handlowej w rozumieniu art. 66 Kodeksu cywilnego.
_
Naszym klientom zapewniamy profesjonalną obsługę transakcji przez doświadczonych pośredników.
Bezpłatnie na Państwa życzenie pomagamy w uzyskaniu korzystnego kredytu, w ofercie propozycje 28 banków. Równolegle współpracujemy też z wybraną Kancelarią Notarialną, co również wiąże się z korzyścią dla kieszeni Klienta.","ul. Kminkowa, Lipa Piotrowska, Psie Pole, Wrocław, dolnośląskie",2.0,"53,59 m²",apartamentowiec,wtórny,2/2,,balkon,,788 438 941,https://www.otodom.pl/pl/oferta/nowe-komfortowe-balkon-komorka-ID4oTkL,1969.0
25,Kawalerka Komandorska 27m2/Rozklad!,349 999 zł,"Kawalerka Komandorska 27m2/ROZKLAD!

POLECAMY na sprzedaz kawalerkę w centrum Wrocławia.ul Komandorska
Na sprzedaż mieszkanie 1-pokojowe o powierzchni 26,70 m²2 piętro w 4-piętrowym bloku z 1979 rokuWrocław,

Elektryka wymieniona - miedziana
Osobno kuchnia, balkon franuski

KW



Dobra lokalizacja: vis a vis Akademii Ekonomicznej, Przedszkole, w pobliżu Szkoła Podstawowa oraz sklepy.


Śródmieście, ul. KomandorskaPiwnica,
garaż/miejsce parkingowe, osobna kuchnia


biuro 789 100 422

Oferta wysłana z programu dla biur nieruchomości ASARI CRM ()","Przedmieście Świdnickie, Stare Miasto, Wrocław, dolnośląskie",,27 m²,blok,wtórny,2/4,,,,789 100 422,https://www.otodom.pl/pl/oferta/kawalerka-komandorska-27m2-rozklad-ID4oTqI,1969.0
26,Komfortowe mieszkanie 54m² na Psim Polu,537 100 zł,"Przestronne, jasne mieszkanie o powierzchni 54 m², położone w atrakcyjnej lokalizacji, idealne dla rodzin i osób ceniących wygodę oraz bliskość infrastruktury miejskiej. Ta atrakcyjna oferta sprzedaży mieszkania jest dostępna bezpośrednio od właściciela, bez dodatkowych opłat za pośrednictwo czy prowizje.

Szczegóły mieszkania:
Pokój dzienny (22,8 m²): Przestronny i nasłoneczniony, idealny do spędzania czasu z rodziną i przyjaciółmi.
Sypialnia (11 m²): Komfortowa, z wystarczającą przestrzenią na łóżko i szafę.
Kuchnia z oknem (9 m²): Oddzielna, funkcjonalna, z możliwością własnej aranżacji.
Łazienka z wanną (4 m²): Łazienka z komfortową wanną, umywalką, pralką i WC.

Lokalizacja i Otoczenie:
Mieszkanie usytuowane jest na 4. piętrze. W bezpośrednim sąsiedztwie znajdują się sklepy, restauracje oraz usługi, zapewniając wszystko, co potrzebne do codziennego życia. Bliskość placówek edukacyjnych takich jak żłobki, przedszkola i szkoły czyni to miejsce idealnym dla rodzin z dziećmi.

Komunikacja:
Najbliższy przystanek w odległości 180 metrów. Dojazd do centrum Wrocławia, w tym do popularnych miejsc takich jak Pasaż Grunwaldzki czy Galeria Dominikańska, jest szybki i wygodny, dzięki dobrze rozwiniętej sieci komunikacji miejskiej oraz dogodnemu położeniu względem głównych arterii miasta.

Dodatkowe informacje:
Komórka lokatorska: Idealna do przechowywania dodatkowych przedmiotów.
Budynek wyposażony jest w windę, co zwiększa komfort mieszkańców.
Wyposażenie mieszkania do negocjacji.

Zaproszenie do oglądania:
Skontaktuj się z nami, aby umówić się na oglądanie i doświadczyć wszystkich zalet tej nieruchomości.","ul. Poleska, Psie Pole, Psie Pole, Wrocław, dolnośląskie",2.0,"53,71 m²",blok,wtórny,4/11,do zamieszkania,balkon,,690 519 784,https://www.otodom.pl/pl/oferta/komfortowe-mieszkanie-54m-na-psim-polu-ID4oTx5,1969.0
27,PROMOCJA | NajlepszaCENA | OstatnieSztuki | HIT!,349 614 zł,"Pracujemy 7 dni w tygodniu. Zainteresowała Cię oferta? Zadzwoń, zanim ubiegną Cię inni.
-> umów się na prezentację mieszkania na żywo
-> ostatnie mieszkania w ofercie
-> 0% PROWIZJI
OFERTA BEZPOŚREDNIO OD DEWELOPERA. Inwestycja mieści się 1 kilometr od granicy miasta.
W ofercie posiadamy piękne mieszkania(dwu oraz trzypokojowe) z ogródkami. Klucze za rok. ","ul. Ignacego Mościckiego, Bieńkowice, Krzyki, Wrocław, dolnośląskie",2.0,"41,87 m²",apartamentowiec,pierwotny,1,,"balkon, ogródek, taras",garaż/miejsce parkingowe,690 725 555,https://www.otodom.pl/pl/oferta/promocja-najlepszacena-ostatniesztuki-hit-ID4oTmy,1969.0
28,Krzyki piekne 2 pok/Lux /garaz!!,609 999 zł,"Krzyki piekne 2 pok/LUX /garaz!!
POLECAM na sprzedaz przytulne mieszkanie 2-pokojowe w dzielnicy Jagodno, przy ulicy Kopycińskiego , we Wrocławiu.
Powierzchnia całkowita 38,12 m². Świeży remont wykonany z dbałością o szczegóły. Mieszkanie składa się z salonu z kuchnią, oddzielnej sypialni, korytarza i łazienki. Okna wychodzą na podwórko, zapewniając spokojne i ciche miejsce. Okna plastikowe z potrójnym szybami gwarantują doskonałą izolację dźwiękową i utrzymanie ciepła. Podziemny parking płatny dodatkowo 30.000 zł (kamery i ochroną są). W budynku znajduje się także siłownia. W pobliżu mieszkania piekarnia, sklep ze słodyczami i przedszkole. Na podwórku znajduje się plac zabaw dla dzieci. Mieszkanie jest oferowane bezpośrednio od właściciela, bez prowizji agencji. To doskonały wybór dla komfortowego życia w przyjaznej okolicy z dobrą infrastrukturą. Cena razem z mieszkaniem i parkingiem podziemnym 650.000 zł Skontaktuj się ze mną żeby uzyskać więcej informacji (Właściciel)
Na sprzedaż mieszkanie 2-pokojowe o powierzchni 38 m²2 piętro w 4-piętrowym bloku z windą z 2023 rokuWrocław, Jagodno, ul. Adama Kopycińskiego


Balkon, możliwość dokupienia garażu, aneks kuchennyMieszkanie w bardzo dobrym stanie, okna plastikowe
Odrębna własność z księgą wieczystąWyposażenie: telewizor, internet, pralka, lodówka, kuchenka, piekarnik, zmywarka


biuri 789 100 422

Oferta wysłana z programu dla biur nieruchomości ASARI CRM ()","Przedmieście Świdnickie, Stare Miasto, Wrocław, dolnośląskie",2.0,"38,9 m²",brak informacji,wtórny,2/4,do zamieszkania,balkon,,789 100 422,https://www.otodom.pl/pl/oferta/krzyki-piekne-2-pok-lux-garaz-ID4oTrb,1969.0
29,"!! Centrum 31,2 M2 Po Remoncie Media Miejskie !!",439 000 zł,"Na sprzedaż kawalerka z pięknym widokiem (ekspozycja wschodnia) w dzielnicy Krzyki-Południe , ul. Drukarska (Bardzo blisko do placu Powstańców Śląskich i Uniwersytetu Ekonomicznego) o metrażu 31,2 m2 ( sam pokój bez strefy kuchennej ma dokładnie 21 m2 )

Przestronna kawalerka typu studio mieści się na dziesiątym piętrze bloku po termodernizacji wybudowanego w technologii wielkiej płyty w 1967 r (nad mieszkaniem jest jeszcze pomieszczenie gospodarcze ) Budynek ""Mrówkowiec"" (Najdłuższy blok we Wrocławiu)

Okolica jest bardzo dobrze skomunikowana (autobusy, tramwaje) dojazd do rynku w około 10 minut.

W mieszkaniu została wymieniona instalacja wodno- kanalizacyjna .(wymiana rur i pionu). Mieszkanie jest po generalnym remoncie, nowe okna zapewniają komfort, jest cicho i przytulnie.

Na klatce schodowej w tym roku wymieniono instalację elektryczną oraz przeprowadzono remont i zamontowano nową windę

( Instalacja elektryczna została wymieniona również w mieszkaniu )

Czynsz 500 zł miesięcznie (plus prąd i gaz według zużycia) ogrzewanie i media miejskie .

Do mieszkania przysługuje możliwość korzystania z piwnicy (osiatkowany boks ok 2,5 m2)

Całe wyposażenie i meble zostają w mieszkaniu.

Mieszkanie obecnie stoi puste gotowe do przejęcia od zaraz.

CENA: 439 000

INTERESUJE PAŃSTWA ZAKUP TEGO MIESZKANIA ? NIE ZWLEKAJ ZADZWOŃ ! 880 835 658 ! OFERTA JUŻ JUTRO MOŻE BYĆ NIEAKTUALNA !

ZAPRASZAMY NA BEZPŁATNĄ PREZENTACJE !

FUKS NIERUCHOMOŚCI 880 835 658 PROSZĘ DZWONIĆ ŚMIAŁO O KAŻDEJ PORZE ODBIERAMY 24H/7

NUMER OFERTY BIURA: FUKS NIERUCHOMOŚCI 459/13462/OMS

NIEDOSTATECZNE ŚRODKI ? TO NIE PROBLEM !

WSPÓŁPRACUJEMY Z DOŚWIADCZONYMI EKSPERTAMI KREDYTOWYMI !

POMAGAMY W UZYSKANIU FINANSOWANIA ( RÓWNIEŻ PAŃSTWOWEGO BEZPIECZNEGO KREDYTU ) NA TĘ I INNE NIERUCHOMOŚCI , ZADZWOŃ I ZAPYTAJ O SZCZEGÓŁY

PRZEPROWADZIMY PAŃSTWA BEZPIECZNIE PRZEZ CAŁY PROCES ZAKUPU/SPRZEDAŻY LUB WYNAJMU NIERUCHOMOŚCI

GWARANTUJEMY PROFESJONALNĄ OPIEKĘ PRAWNĄ I NOTARIALNĄ

OFERUJEMY KONKURENCYJNE STAWKI U NOTARIUSZA

WYSTAWIAMY RÓWNIEŻ ŚWIADECTWA CHARAKTERYSTYKI ENERGETYCZNEJ
Oferta wysłana z programu dla biur nieruchomości ASARI CRM ()","ul. Drukarska, Powstańców Śląskich, Krzyki, Wrocław, dolnośląskie",,"31,2 m²",blok,wtórny,10/11,,,,880 835 658,https://www.otodom.pl/pl/oferta/centrum-31-2-m2-po-remoncie-media-miejskie-ID4oTwH,1969.0
30,"2 pokoje, osobna kuchnia, Popowice",440 000 zł,"Na sprzedaż 2-pokojowe mieszkanie o powierzchni 32 metrów2 na 4 piętrze przy ulicy Popowickiej we Wrocławiu. Świetna lokalizacja, media miejskie. Mieszkanie nadaje się do natychmiastowego zamieszkania, mimo że wymaga odświeżenia i późniejszego remontu.
Układ i metraż
Okna wychodzą na południe, mieszkanie jest ciche i ciepłe.
Praktyczny układ:
Przedpokój -  z pawlaczem pod sufitem, podwójne drzwi wejściowe do mieszkania
Łazienka - wanna, umywalka, toaleta, pralka
Sypialnia z wyjściem na balkon - mieści się pełnowymiarowe łóżko i pojemna szafa
Salon 
Kuchnia 
Balkon 
Do mieszkania przynależy piwnica.
Budynek i okolica
Mieszkanie znajduje się na 4 piętrze w budynku z lat 70-tych. Blok znajduje się przy ulicy Popowickiej - zaraz przy nowej linii tramwajowej - miejsce jest doskonale skomunikowane. Okna mieszkania wychodzą na stronę osiedla - co oznacza brak hałasu od tramwajów i samochodów. W okolicy znajduje się wiele restauracji (Warsztat, La Finezze, Hotspot), sklepów (do centrum handlowego Magnolia jest 5 minut na piechotę) oraz miejsc rekreacyjnych (basen i lodowisko Orbita, Spartan). Do najbliższego parku idzie się 3 minuty (Park Polana Popowicka), niedaleko także Park Zachodni. W okolicy znajdują się też dwie bardzo dobre szkoły podstawowe (nr 5 i nr 3), kilka przedszkoli oraz żłobków. 
Dodatkowe informacje
okna PCV, na podłodze parkiet drewniany - do cyklinowania.
media miejskie (jest też gaz)
średni czynsz 370 zł miesięcznie
Ogłoszenie jest prywatne. Prosimy o nie kontaktowanie się agencji nieruchomości, cena podlega rozsądnej negocjacji.
Zapraszam!","ul. Popowicka, Popowice Północne, Fabryczna, Wrocław, dolnośląskie",2.0,32 m²,blok,wtórny,4/10,do zamieszkania,balkon,,506 493 514,https://www.otodom.pl/pl/oferta/2-pokoje-osobna-kuchnia-popowice-ID4oTtn,1969.0
31,PROMOCJA | NajlepszaCENA |SuperUstawne|Sprawdź HIT,548 152 zł,"Pracujemy 7 dni w tygodniu. Zainteresowała Cię oferta? Zadzwoń, zanim ubiegną Cię inni.
-> umów się na prezentację mieszkania na żywo
-> ostatnie mieszkania w ofercie
-> 0% PROWIZJI
OFERTA BEZPOŚREDNIO OD DEWELOPERA. 
W ofercie posiadamy piękne mieszkania(dwu/trzy oraz czteropokojowe) z ogródkami lub balkonami. Klucze za rok. ","ul. Ignacego Mościckiego, Bieńkowice, Krzyki, Wrocław, dolnośląskie",4.0,"68,95 m²",apartamentowiec,pierwotny,1,,"balkon, taras",garaż/miejsce parkingowe,690 725 555,https://www.otodom.pl/pl/oferta/promocja-najlepszacena-superustawne-sprawdz-hit-ID4oTmB,1969.0
32,Widok na zieleń | Ostatnie mieszkania,724 259 zł,"Funkcjonalny układ | Widok na drzewa
Lokalizacja: Maślice
Opiekun oferty:
Maciej Szczepaniak
Tel: 602 101 602
Oferta działu deweloperskiego SPD Nieruchomości. W ofercie posiadamy inne metraże i lokalizacje spełniające oczekiwania najbardziej wymagających klientów, dzięki czemu w jednym miejscu i czasie porównamy nasze oferty deweloperów.
Na metraż 71,75 m2 składa się:
- Salon z aneksem 24,81 m2
- Pokój 12,16 m2
- Łazienka 4,67 m2
- Antresola na której można wydzielić 2 pokoje 30,11 m2
- Loggia 7, 16 m2
- Balkon 4,5 m2
Dodatkowo:
- Zakup miejsca parkingowego obligatoryjny
Najważniejsze informacje:
- Zakończenie budowy - maj 2024
- Liczne trasy rowerowe i biegowe
- Dobra komunikacja
- Widok na drzewa
Otoczenie nieruchomości:
Maślice są bogate w tereny zielone możemy tu wyróżnić: Park Maślicki, Park Świetlików, Las Rędziński.
W najbliższej okolicy nieruchomości:
- Centrum Handlowe Npark
- Różnorodne sklepy (Biedronka,Bricomarche)
- Centrum medyczne
- Przychodnia weterynaryjna
- Tarczyński Arena (3km)
Znakomity dojazd do Autostradowej Obwodnicy Wrocławia.
Rekomendacja eksperta SDP Nieruchomości:
Mieszkanie mogę polecić dla rodziny z dziećmi lub pary, chcących zamieszkać w spokojnej okolicy, z dostępem do pełnej infrastruktury.
Zapraszam na prezentację!
Opiekun oferty:
Maciej Szczepaniak
tel: 602 101 602","ul. Maślicka, Maślice, Fabryczna, Wrocław, dolnośląskie",4.0,"71,75 m²",blok,pierwotny,4/4,do wykończenia,balkon,garaż/miejsce parkingowe,602 101 602,https://www.otodom.pl/pl/oferta/widok-na-zielen-ostatnie-mieszkania-ID4oTxB,1969.0
33,"Mieszkanie, 50,01 m², Wrocław",609 900 zł,"BEZPOŚREDNIO, AGENCJOM I BIUROM ODMAWIAM Z MIEJSCA
Sprzedaję bezpośrednio, bez pośredników.
Oferuję na sprzedaż 2-pokojowe, widne mieszkanie w bardzo szybko rozwijającej się dzielnicy Wojszyce, przy ulicy Smardzowskiej we Wrocławiu. Istnieje możliwość aranżacji na mieszkanie 3-pokojowe.
Mieszkanie składa się z:
przedpokoju (6,56m2),
widnej łazienki (5,98m2) z dużym oknem dachowym,
sypialni/gabinetu (12,86m2),","ul. Smardzowska, Wojszyce, Krzyki, Wrocław, dolnośląskie",2.0,"50,01 m²",blok,wtórny,3/3,do zamieszkania,balkon,garaż/miejsce parkingowe,508 323 691,https://www.otodom.pl/pl/oferta/mieszkanie-50-01-m-wroclaw-ID4oTww,1969.0
34,,,,"Przedmieście Świdnickie, Stare Miasto, Wrocław, dolnośląskie",,,,,,,,,789 100 422,https://www.otodom.pl/pl/oferta/oltaszyn-3-pokoje-64m2-nowy-blok-ID4oTrg,1969.0
35,2 Pokoje Odzielne/ Balkon /Piwnica/ Jasne,,,"ul. Budziszyńska, Nowy Dwór, Fabryczna, Wrocław, dolnośląskie",,,,,,,,,797 800 313,https://www.otodom.pl/pl/oferta/2-pokoje-odzielne-balkon-piwnica-jasne-ID4oTxd,1969.0
36,OSTATNIE|NajlepszaCena|promocja|NowaInwestycja|HIT,480 424 zł,"Pracujemy 7 dni w tygodniu. Zainteresowała Cię oferta? Zadzwoń, zanim ubiegną Cię inni.
-> umów się na prezentację mieszkania na żywo
-> ostatnie mieszkania w ofercie
-> 0% PROWIZJI
OFERTA BEZPOŚREDNIO OD DEWELOPERA. 
W ofercie posiadamy piękne mieszkania(dwu/trzy oraz czteropokojowe) z ogródkami lub balkonami. Klucze za rok. ","ul. Ignacego Mościckiego, Bieńkowice, Krzyki, Wrocław, dolnośląskie",3.0,"59,68 m²",apartamentowiec,pierwotny,1,,"balkon, taras",garaż/miejsce parkingowe,690 725 555,https://www.otodom.pl/pl/oferta/ostatnie-najlepszacena-promocja-nowainwestycja-hit-ID4oTmz,1969.0
37,Kawalerka Blisko Parku | PiLczyce,455 000 zł,"TYLKO W BEST BROKER !
Lokalizacja: ul. Szklarska
Ilość pokoi: 1
Metraż: 34,50 m2
Piętro: 1
Centralne ogrzewanie
UKŁAD APARTAMENTU:
- salon z aneksem kuchennym,
- łazienka,
- balkon
ATUTY:
- Przystanki tramwajowe i autobusowe przy budynku,
- Blisko do parku zachodniego,
- Punkty handlowo-usługowe w pobliżu,
- W najbliższym czasie zostanie wyremontowana klatka schodowa (uchwalone),
_
Konrad Borkowski
Best Broker Nieruchomości
Tel: 604 613 605
Niniejsza oferta nie stanowi oferty w rozumieniu przepisów Kodeksu Cywilnego, a dane w niej zawarte mają jedynie charakter informacyjny i mogą ulec zmianie.","ul. Szklarska, Pilczyce, Fabryczna, Wrocław, dolnośląskie",,"34,5 m²",blok,wtórny,1/3,,balkon,garaż/miejsce parkingowe,604 613 605,https://www.otodom.pl/pl/oferta/kawalerka-blisko-parku-pilczyce-ID4oTgM,1969.0
39,4-pokojowy apartament w Centrum Miasta/przy rzece,,,"ul. Gnieźnieńska, Szczepin, Stare Miasto, Wrocław, dolnośląskie",,,,,,,,,602 101 602,https://www.otodom.pl/pl/oferta/4-pokojowy-apartament-w-centrum-miasta-przy-rzece-ID4oT9v,1969.0
40,W CENIE: 2 miejsca w garażu i komórka # taras,1 058 157 zł,"W CENIE: 2 MIEJSCA POSTOJOWE W GARAŻU ORAZ KOMÓRKA LOKATORSKA!!!!
Na Psim Polu, na osiedlu Poświętne powstała kameralna inwestycja, składająca się z dwóch budynków. Jeden z nich posiada 4 kondygnacje, a drugi jedną. Oferta mieszkań jest różnorodna. Znajdziemy tutaj małe, idealne na start kawalerki, mieszkania 2 i 3 pokojowe oraz dwa większe mieszkania 4 pokojowe.
W cenie każdego mieszkania jest komórka lokatorska oraz miejsce w garażu podziemnym.
W niedalekiej odległości od osiedla znajduje się przystanek autobusowy oraz pętla tramwajowa. W otoczeniu osiedla znajdują się sklepy, Kościół, przedszkole, szkoła. Niedaleko jest również centrum handlowe.
Agent prowadzący: Magdalena Czajka, nr tel. (+48) 505 323 911e-mail:
Uwaga! Prezentowane w serwisie oferty nie stanowią oferty handlowej w rozumieniu art. 66 Kodeksu Cywilnego i mogą być nieaktualne
Nasi doradcy zapewniają fachową obsługę kredytową.
 ","Poświętne, Psie Pole, Wrocław, dolnośląskie",4.0,"80,13 m²",brak informacji,pierwotny,parter,,taras,garaż/miejsce parkingowe,505 323 911,https://www.otodom.pl/pl/oferta/w-cenie-2-miejsca-w-garazu-i-komorka-taras-ID4oTft,1969.0
41,Apartament Dwupoziomowy Wrocław 147m2,2 400 000 zł,"Prezentujemy Państwu wyjątkową ofertę apartamentu dwupoziomowego o powierzchni 147m2, zlokalizowanego we Wrocławiu, w zielonej i spokojnej dzielnicy Wojszyce (Krzyki), na kameralnym osiedlu Willove przy ul. Smardzowskiej. To wyjątkowa oferta dla osób ceniących komfort, przestrzeń oraz wysoki standard wykończenia.
Lokalizacja:
- Południowa dzielnica Wrocławia Wojszyce (Krzyki), osiedle Willove, ul. Smardzowska 
- W bliskim sąsiedztwie Zielonego Klina Wrocławia i Parku Wojszyckiego
Udogodnienia:
- Sklepy w bliskiej odległości (Żabka, Lidl, Biedronka)
- Przedszkole (250 m)
- Nowopowstały Zespół Szkolno-Przedszkolny przy ul. Asfaltowej (1 km)
- Dworzec Główny PKP (5.5 km)
- Galeria Wroclavia (5 km)
- Aleja Bielany (7.5 km)
- Bliski dostęp do wschodniej obwodnicy Wrocławia i autostrady A4 (południowa dzielnica)
- Wiele terenów zielonych, spacerowych, rowerowych i place zabaw
Charakterystyka Apartamentu:
- Dwupoziomowy, usytuowany na pierwszym piętrze budynku czterorodzinnego
- Oddany do użytkowania w 2020 roku, wykończony w wysokim standardzie
- Powierzchnia: 147 m2 (łącznie z garażem)
- 2 tarasy (30 m2 i 11 m2)
- Wysokość pomieszczeń: 2.6 m, salonu: 5.6 m
- Duży salon z aneksem kuchennym i jadalnią o łącznej powierzchni 60 m2
- 3 pokoje, garderoba, 2 oddzielne łazienki (wanna, prysznic 90x160 cm).
- Garaż o powierzchni 22 m2
- Schody dębowe, szklana balustrada 
- Panele winylowe
- Okno tarasowe przesuwne
- Okna dachowe firmy FAKRO
- Baterie firmy KLUDI
- Zlewozmywak BLANCO, umywalki w łazienkach Villeroy&Boch, miski wc ROCA
- Drzwi DRE Hide
- Brama garażowa WIŚNIOWSKI sterowana pilotem
- Wyspa kuchenna z podświetlanym barkiem, z granitowym blatem; blat roboczy z konglomeratu kwarcowego.
Wyposażenie:
- Kocioł gazowy dwufunkcyjny SAUNIER DUVAL Isotvin sterowany od temperatury zewnętrznej, ogrzewanie podłogowe, grzejniki VIESSMANN, klimatyzacja TOSHIBA w salonie i głównej sypialni, zmiękczacz wody ECO WATER
- Internet światłowodowy, telewizja kablowa, instalacja satelitarna
- Wideofon HIKVISION z możliwością odbierania połączeń przez telefon
- System alarmowy SATEL, monitoring
- Sprzęty kuchenne firmy BOSCH (piekarnik parowy, mikrofalówka, zmywarka, płyta indukcyjna 52x80 cm), lodówka side-by-side SAMSUNG z kostkarką, okap FALMEC
- Pralka i suszarka SIEMENS

W cenie apartamentu:
- Telewizor SAMSUNG QLED 85"" z podwieszaną szafką TV na wymiar
- Zabudowa kuchenna, zabudowa łazienek oraz zabudowa w pokoju i sypialni na pierwszym piętrze
- Dwie kanapy z funkcją spania w salonie
- Stół jadalniany z krzesłami
- Łóżka kontynentalne w sypialni o wymiarach 1.8x2 m oraz w pokoju na piętrze o wymiarach 1.6x2 m
Dodatkowe informacje:
- Mieszkanie dostępne od kwietnia
- Miesięczna opłata (wspólnota mieszkaniowa) ok. 260 zł
- Miejsce parkingowe oraz garaż
Cena: 2 400 000 zł
Serdecznie zapraszamy do kontaktu w celu uzyskania dodatkowych informacji oraz umówienia się na prezentację apartamentu. 
Kontakt:
Tel: 793 277 611, 502 631 290","Wojszyce, Krzyki, Wrocław, dolnośląskie",4.0,147 m²,szeregowiec,wtórny,1/2,do zamieszkania,"balkon, taras",garaż/miejsce parkingowe,793 277 611,https://www.otodom.pl/pl/oferta/apartament-dwupoziomowy-wroclaw-147m2-ID4oTdL,1969.0
42,Sprzedam mieszkanie z komórką lokatorską,460 000 zł,"Spezedam bez pośredników mieszkanie w tzw.plombie na drugim piętrze. Składa się z dwóch pokojów, oddzielnej kuchni, łazienki i oddzielnego wc.
Zadaszony balkon. Okna mieszkania wychodzą na duży dziedziniec od strony południowej- na dziedzińcu można nieodpłatnie parkować samochód 
Mieszkanie jest do remontu- mieszkała starsza osoba. 
W budynku winda. 
Dodatkowo wraz z mieszkaniem  sprzedaję komórkę lokatorską. 
Cena do niewielkiej negocjacji. ","ul. gen. Ignacego Prądzyńskiego, Przedmieście Oławskie, Krzyki, Wrocław, dolnośląskie",2.0,"51,2 m²",plomba,wtórny,2/6,do remontu,balkon,garaż/miejsce parkingowe,668 664 025,https://www.otodom.pl/pl/oferta/sprzedam-mieszkanie-z-komorka-lokatorska-ID4oTtS,1969.0
43,,,,"ul. Rodzinna, Krzyki, Krzyki, Wrocław, dolnośląskie",,,,,,,,,691 867 928,https://www.otodom.pl/pl/oferta/duzy-taras-parter-bliskosc-parku-tramwaje-ID4oTb3,1969.0
44,"Bez prowizji, komfortowe mieszkanie, las, ogród",789 980 zł,"Jeśli to twoje pierwsze mieszkanie, nie zapłacisz podatku PCC.
Gwarantujemy pełne wsparcie na całym etapie zakupu oraz pomoc w uzyskaniu finansowania.
Prezentujemy Państwu komfortowe mieszkanie z potencjałem w zielonej części wrocławskich Stabłowic przy ul. Jodłowickiej. Osiedle wykonane w bardzo wysokim standardzie przez developera z top 3 dolnośląskiego budownictwa. Nowoczesne budynki, całodobowa ochrona, ogrodzony teren, własna siłownia i klub dla mieszkańców to tylko niektóre z atutów tego wyjątkowego miejsca. Osiedle znajduje się w cichej okolicy w odległości około 100 m od ruchliwej drogi co sprawia, że jest bardzo cicho i spokojnie. Ponadto prosto z osiedla mają Państwo możliwość iść na spacer nad rzekę Bystrzycę. Idealne miejsce dla osób ceniących sobie ciszę i spokój a także aktywny tryb życia.
Mieszkanie nie wymaga żadnych nakładów finansowych, jest wykończone w podwyższonym standardzie. Wszystkie meble i sprzęty widoczne na zdjęciach zostają w nieruchomości przy sprzedaży.
W skład wyposażenia wchodzą między innymi: AGD (lodówko-zamrażarka, zmywarka, płyta indukcyjna, okap, pralka), meble w zabudowie kuchennej, umeblowanie pomieszczeń, szafy w zabudowie, wysokiej jakości TV, meble tarasowe z huśtawką, biokominek.
Mieszkanie składa się z:
- przedpokój 5,16 m2
- aneks kuchenny 8,18 m2
- salon 20,74 m2
- sypialnia 10,18 m2
- łazienka 4,21 m2
Dodatkowo do mieszkania należy:
- balkon z pergolą wykonaną na zamówienie 6 m2
- piękny ogród z licznymi nasadzeniami 39,7 m2
- szerokie miejsce parkingowe w garażu podziemnym 15,7 m2 - płatne dodatkowo
- komórka lokatorska murowana (nie box) 3,51 m2
Do wyłącznej dyspozycji mieszkańców osiedla jest siłownia, klub mieszkańca, sala zabaw dla dzieci, duża ilość bezpłatnych miejsc parkingowych dla gości. Osiedle jest monitorowane.
W bezpośredniej bliskości osiedla znajdują się wszystkie najważniejsze placówki, które są potrzebne do codzienego życia. Samo osiedle skomunikowane z resztą miasta jest 3 liniami autobusowymi a w niewielkiej odległości znajduje się również stacja kolejowa. Dzięki ciągle rozwijającej się infrastrukturze samych Stabłowic a także ościennych osiedli komunikacja samochodem jest łatwością a sam ruch odbywa się płynnie.
Czas dojazdu do kluczowych miejsc samochodem:
- centrum miasta 25 minut
- stacja kolejowa 5 minut
- lotnisko 10 minut
- drogi AOW, S5, S8, A4 do 10 - 15 minut
Zabudowa dookoła osiedla to głównie zabudowa wielorodzinna,jednorodzinna oraz pojedyńcze przedsiębiorstwa oraz bardzo dużo terenów zielonych, ścieżek spacerowych, rzeka Bystrzyca, niedaleko las. Budynki na osiedlu są od siebie położone w dużej odległości dzięki czemu mieszkanie jest komfortowe a przestrzeń osiedla duża i nie sprawiająca wrażenia ""blokowiska""
Mieszkanie jest również doskonałą lokatą kapitału. Małym nakładem możemy stworzyć salon z aneksem i 2 rozkładowe pokoje lub nawet 3 rozkładowe pokoje i osobną kuchnię dzięki czemu możemy czerpać większe zyski z wynajmu. Układ mieszkania, położenie okien oraz rozmieszczenie przyłączy sprawiają, że wystarczy odpowiednio ulokować ścianki działowe.
Zachęcam gorąco do obejrzenia tej wyjątkowej nieruchomości.
Serdecznie polecam i zapraszam na prezentację.
Marek Kowalski
Renomahome
tel: 883 355 702
e-mail:

Pośrednik odpowiedzialny zawodowo za wykonanie umowy pośrednictwa: Justyna Żemło (licencja nr: 21154)","Leśnica, Fabryczna, Wrocław, dolnośląskie",2.0,"48,47 m²",apartamentowiec,wtórny,,do zamieszkania,"balkon, ogródek, taras",garaż/miejsce parkingowe,883 355 702,https://www.otodom.pl/pl/oferta/bez-prowizji-komfortowe-mieszkanie-las-ogrod-ID4oThD,1969.0
45,Centrum Miasta/Apartament/3 pokoje/2 balkony,1 224 000 zł,"3 pokojowy, dwustronny apartament - Centrum Miasta, przy terenach zielonych
Opiekun oferty:
Julia Andrulewicz
tel. 602 101 602
Nieruchomość w stanie deweloperskim - do własnej aranżacji
Nowoczesne osiedle znajduje się w bezpośrednim sąsiedztwie Centrum Miasta. Zlokalizowane jest na uboczu, wśród licznych terenów zielonych oraz spacerowo-rekreacyjnych.
3-pokojowe mieszkanie o projektowanej powierzchni 72,03m2 znajduje się na 4 piętrze 4-piętrowego budynku z windą.
Układ nieruchomości:
Salon z aneksem kuchennym - 28,75m2
Pokój z garderobą - 15,27m2
Pokój - 12,56m2
Łazienka - 4,77m2
Wc - 2,1m2
Przedpokój - 6,32m2
Korytarz - 2,26m2
Balkon - 11,01m2
Balkon - 10,94m2
Najważniejsze informacje:
Mieszkanie w stanie deweloperskim
Okna PCV
Ogrzewanie: miejskie
Zakładany czynsz: 700 zł
Nieruchomość trójstronna
Tylko 2 mieszkania na piętrze
Wystawa okien: Wschodnio- Północno-Zachodnia
Dostępne miejsca postojowe i komórki lokatorskie dodatkowo płatne.
Zapraszam na bezpłatną prezentację
Opiekun oferty:
Julia Andrulewicz
tel. 602 101 602","ul. Gnieźnieńska, Szczepin, Stare Miasto, Wrocław, dolnośląskie",3.0,"72,03 m²",blok,pierwotny,4/4,do wykończenia,balkon,garaż/miejsce parkingowe,602 101 602,https://www.otodom.pl/pl/oferta/centrum-miasta-apartament-3-pokoje-2-balkony-ID4oTbd,1969.0
47,,,,"ok. Legnickiej, Szczepin, Stare Miasto, Wrocław, dolnośląskie",,,,,,,,,602 101 602,https://www.otodom.pl/pl/oferta/nowoczesne-jasne-3pokoje-z-balkonem-i-tarasem-w-c-ID4oTiJ,1969.0
48,,,,"Muchobór Wielki, Fabryczna, Wrocław, dolnośląskie",,,,,,,,,530 177 468,https://www.otodom.pl/pl/oferta/3-pokoje-2-balkony-gotowe-do-zamieszkania-ID4oTjU,1969.0
49,"mieszkanie 64 m2, Krzyki-Ołtaszyn rozkład, 3 pok.",695 000 zł,"Do sprzedaży umeblowane 3 pokojowe mieszkanie o powierzchni 64 m2 z 2000 r, z balkonem, na II piętrze, przy ulicy Parafialnej 69, w dzielnicy Krzyki-Ołtaszyn, w niskim bloku z dużą ilością zieleni.
Mieszkanie przestronne, przytulne, ciepłe i jasne, we wszystkich pomieszczeniach są okna z ekspozycją na stronę południową więc całość jest dobrze doświetlona, niski czynsz. Mieszkanie położne na osiedlu zamkniętym, za domem przestrzeń rekreacyjna, przed blokiem parking.
Całość składa się z salonu z kuchnią i balkonem, dwóch sypialni, przedpokoju i łazienki z prysznicem. Istnieje możliwość wyodrębnienia 3 pokoju i pozostawienia osobnej kuchni.
Mieszkanie ma duże możliwości aranżacyjne, ciekawy rozkład z koncentrycznym układem pomieszczeń (nie traci się przestrzeni na komunikację i nie ma wąskich, ciemnych korytarzy a od samego wejścia jest jasno), ponadto przestronny i nieprzesłonięty ciasno ułożonymi budynkami widok z okien i balkonu. Ogrzewanie i ciepła woda z dwufunkcyjnego pieca gazowego. Mieszkanie od momentu zakupu 6 lat przez mnie temu było ciągle wynajmowane, nie było żadnego problemu z błyskawicznym  znalezieniem najemców pomimo dość wysokich stawek najmu, więc jest sprawdzone pod cele inwestycyjne.
Niedaleko przystanek autobusowy (linia 612 i 112), 500 m dalej dołącza się linia 113, blisko sklepy (Lidl i Biedronka), obok biegnie świeżo wyremontowana ulica Parafialna ze ścieżkami rowerowymi.
Idealna lokalizacja; odległości – 5,5 km do dworca głównego PKP, 7 km do Rynku, 2,5 km do WOW, niecałe 5 km na A4 i Bielany Wrocławskie, niedaleko również do A4 wyjazd Wrocław-Wschód.
Cena sprzedaży 695 000 zł do negocjacji.
Nie współpracuję z biurami nieruchomości i pośrednikami - proszę się nie kontaktować.","Ołtaszyn, Krzyki, Wrocław, dolnośląskie",3.0,64 m²,apartamentowiec,wtórny,2/3,do zamieszkania,balkon,,609 931 909,https://www.otodom.pl/pl/oferta/mieszkanie-64-m2-krzyki-oltaszyn-rozklad-3-pok-ID4oTfr,1969.0
52,KAWALERKA w prestiżowym JustIN Center,570 000 zł,"Bezpośrednio od właściciela klimatyzowane jednopokojowe mieszkanie, zaledwie kilka kroków od Rynku. Idealne dla pary, singla lub jako inwestycja.
OPIS:
Mieszkanie znajduje się w samym centrum Wrocławia, w apartamentowcu Justin Center na ul. Krawieckiej 3, z recepcją, monitoringiem i ochroną.
30 metrów od niego położone są przystanki tramwajowe oraz autobusowe, obok Galeria Dominikańska, a kilka minut spacerem Rynek (około 400m)
Na parterze w budynku znajdują się sklepy spożywcze.
Rozwiązania architektoniczne z patio na drugim piętrze obiektu oraz najwyższej klasy materiały elewacyjne: kamień i szkło, czynią go ekskluzywnym i wyjątkowym.
Mieszkanie położone jest na 4 piętrze, 26,6 m2, składa się z: salonu z aneksem kuchennym, łazienki i przedpokoju.
W apartamencie jest pełne wyposażenie: pralka, wc, bidet, prysznic / piekarnik, lodówka, płyta kuchenna, telewizor, duże wygodne łóżko kontynentalne, szafka TV, stół i krzesła / na korytarzu szafa w zabudowie.
Obecnie obowiązuje umowa najmu, którą można wypowiedzieć lub kontynuować.
Do mieszkania przynależy miejsce postojowe w hali garażowej w dodatkowej cenie 75 tys. zł.","ul. Krawiecka 3, Stare Miasto, Stare Miasto, Wrocław, dolnośląskie",,"26,59 m²",apartamentowiec,wtórny,3/6,do zamieszkania,,garaż/miejsce parkingowe,608 682 278,https://www.otodom.pl/pl/oferta/kawalerka-w-prestizowym-justin-center-ID4oTbA,1969.0
53,,,,"Poświętne, Psie Pole, Wrocław, dolnośląskie",,,,,,,,,505 323 911,https://www.otodom.pl/pl/oferta/w-cenie-2-miejsca-w-garazu-i-komorka-antresola-ID4oTfs,1969.0
54,KAWALERKA w prestiżowym JustIn Center,670 000 zł,,"ul. Krawiecka 3, Stare Miasto, Stare Miasto, Wrocław, dolnośląskie",,,,,,,,,608 682 278,https://www.otodom.pl/pl/oferta/kawalerka-w-prestizowym-justin-center-ID4oTb7,1969.0
55,3-pokojowe mieszkanie / Różanka,590 000 zł,,"ul. Obornicka, Różanka, Psie Pole, Wrocław, dolnośląskie",,,,,,,,,512 014 031,https://www.otodom.pl/pl/oferta/3-pokojowe-mieszkanie-rozanka-ID4oTdb,1969.0
56,Opis nieruchomości,,"Najważniejsze atuty
✅ Jedna z najlepszych wrocławskich inwestycji w sercu miasta
✅ Lokalizacja łącząca charakter zabytkowego centrum z bliskością Odry
✅ System „inteligentny dom” w mieszkaniach

Apartamenty nad Rzeką w skrócie
Inwestycja Apartamenty nad Rzeką to jeden budynek mieszkalny liczący 6 pięter, w którym znalazły się 144 mieszkania o powierzchniach od 30 do 131 m kw. W zależności od piętra, lokale mają od 262 do 322 cm wysokości, a do dyspozycji mieszkańców oddane zostaną także miejsca postojowe podziemne i naziemne.
Apartamenty nad Rzeką – lokalizacja
Głównym atutem inwestycji jest jedna z najlepszych wrocławskich lokalizacji, w samym sercu Wrocławia, blisko centrum zabytkowego, a zarazem tuż nad Odrą. Szybko można stąd dostać się do centrów biznesowych i kulturalnych Wrocławia, wybrać się do jednej z tutejszych klimatycznych restauracji, galerii sztuki, kina czy teatru. Kilka kroków od inwestycji znajdują się najpiękniejsze miejsca Wrocławia, jak Rynek, Stare Miasto, Ostrów Tumski czy bulwary nad Odrą.
Tereny zielone
Na drugim brzegu Odry, naprzeciwko Apartamentów nad Rzeką, w odległości 1,3 km znajduje się Park Mieszczański, a o 2 km oddalony jest Park im. Stanisława Staszica. Mieszkańcy inwestycji z pewnością będą także korzystać z uroków bulwarów nad Odrą rozciągających się dosłownie pod ich oknami.
Sklepy, punkty usługowe i gastronomiczne
O 240 metrów od inwestycji oddalony jest sklep sieci Kaufland, o 500 metrów sklep spożywczy Fortuna, a o 700 metrów – sklep Przystanek. Najbliższa Biedronka znajduje się w odległości 900 metrów, a Lidl – 1,7 km. Tuż przy inwestycji mieści się Bistro no 5. oraz restauracja Gastrom. Bliskość Starego Miasta i Rynku we Wrocławiu powodują, że można również wybrać się do jednej ze znajdujących się tam licznych restauracji czy kawiarni.
Komunikacja i transport publiczny
Najbliższy przystanek autobusowy – Długa – z którego odjeżdżają linie 128 i C oddalony jest o 300 metrów od inwestycji. W odległości 750 metrów mieści się stacja kolei regionalnych – Wrocław Szczepin.
Edukacja
W promieniu niespełna 2 km od inwestycji znajdują się trzy przedszkola. O 1,1 km oddalone są dwie szkoły podstawowe: prywatna i Zespół Szkół nr 18. Do najbliższego Liceum Ogólnokształcącego nr III im. Adama Mickiewicza jest 1,6 km, a do budynków Uniwersytetu Wrocławskiego – 1,9 km.
Rezerwacja i płatność
Wszystkie informacje dotyczące rezerwacji i płatności znajdą Państwo u dewelopera, polecamy kontakt przez formularz.","Stare Miasto,",3.0,"64,69 m²",,,,,True,,,https://www.morizon.pl/oferta/sprzedaz-mieszkanie-wroclaw-stare-miasto-michalczyka-5-64m2-mzn2041581854,2024.0
57,Opis nieruchomości,,"Osiedle Zielna

Najważniejsze atuty
Kameralna inwestycja składająca się z jednego, 2-piętrowego budynku wielorodzinnego
Ogródki przynależne do mieszkań na parterze, balkony w przypadku mieszkań na 1 i 2 piętrze
Wysokość lokali – 250 cm","Psie Pole,",2.0,"50,20 m²",,,,,True,,,https://www.morizon.pl/oferta/sprzedaz-mieszkanie-wroclaw-psie-pole-zielna-50m2-mzn2042161230,2023.0
58,Opis nieruchomości,,"Osiedle Zielna

Najważniejsze atuty
Kameralna inwestycja składająca się z jednego, 2-piętrowego budynku wielorodzinnego
Ogródki przynależne do mieszkań na parterze, balkony w przypadku mieszkań na 1 i 2 piętrze
Wysokość lokali – 250 cm
W skrócie

Osiedle Zielna powstające w dzielnicy Psie Pole to kameralna inwestycja składającą się z jednego dwupiętrowego budynku wielorodzinnego, w którym znajdzie się łącznie 160 mieszkań. Mieszkańcy lokali na parterze będą mieli do swojej dyspozycji ogródki, natomiast lokatorzy 1 i 2 piętra – przestronne balkony. Na kameralnym osiedlu nie zabraknie atrakcyjnie zaaranżowanej przestrzeni wspólnej, w postaci małej architektury, nasadzeń kwiatowych, drzew i krzewów. Częścią inwestycji będzie duży zielony, wewnętrzny dziedziniec, gdzie mieścić się będzie plac zabaw oraz siłownia plenerowa. W ramach inwestycji przewidziano również podziemny garaż, komórki lokatorskie, schowki oraz rowerownię.

Lokalizacja

Osiedle Zielna powstaje na Psim Polu, przy ulicy Zielnej, która położona jest 6,7 km od centrum Wrocławia. Rozciągająca się w północnej części Wrocławia dzielnica Psie Pole zabudowana jest w dużej mierze przez osiedla domków jednorodzinnych i willi, a także trzy duże osiedla: Zakrzów, Psie Pole oraz Różanka. Na obrzeżach dzielnicy dominują tereny zielone, m.in. las Rędziński, Osobowicki i Sołtywicki. Największą arterią dzielnicy Psie Pole, łączącą zachodnią jej część ze wschodnią, jest ulica Jana Kasprowicza.

Tereny zielone

W odległości 260 metrów od inwestycji znajduje się park międzyosiedlowy z placem zabaw dla dzieci. Do parku przy ulicy Nadbrzeżnej w Zgorzelisku oddalonego o 1 km można dotrzeć spacerem w 13 minut. W odległości 2,8 km znajduje się park Małe Wilczyce, 2,7 km od osiedla – Park Jedności, a 6 km dzieli Osiedle Zielna od dzikich terenów spacerowych przy ujściu rzeki Dobrej do Widawy.

Sklepy, punkty usługowe i gastronomiczne

Najbliższy niewielki sklep spożywczy znajduje się tuż przy Osiedlu Zielna. W odległości 110 metrów położone są Delikatesy Gorlickie, w odległości 240 metrów – sklep max minimarket. Mieszkańcy Osiedla Zielna mają również blisko położoną przychodnię – 100 metrów od osiedla, przychodnię weterynaryjną – 100 m, restaurację z azjatycką kuchnią fusion (450 m), pub (550 m) czy halę targową Blaszak (500 m).

Komunikacja i transport publiczny

Najbliższy przystanek komunikacji miejskiej – Gorlicka – znajduje się 210 metrów od Osiedla Zielna. Dzięki niemu mieszkańcy osiedla mogą korzystać z dogodnych połączeń komunikacyjnych w dzielnicy Psie Pole – 6 linii autobusowych oraz 2 tramwajowych. We wschodniej części dzielnicy zlokalizowana jest stacja kolejowa, która również ułatwia dotarcie w inne części Wrocławia.

Edukacja

W bezpośrednim sąsiedztwie Osiedla Zielna znajdują się 3 placówki edukacyjne: publiczne przedszkole Columbus oddalone o 70 metrów, przedszkole nr 71 – oddalone o 520 metrów oraz Szkoła Podstawowa nr 6 zlokalizowana w odległości 230 metrów.

Rezerwacja i płatność

Po szczegóły zapraszamy do kontaktu przez formularz znajdujący się na dole strony.","Psie Pole,",2.0,"50,20 m²",,,,,True,,,https://www.morizon.pl/oferta/sprzedaz-mieszkanie-wroclaw-psie-pole-zielna-50m2-mzn2042161220,2023.0
59,Opis nieruchomości,,"Najważniejsze atuty
✅ Doskonała lokalizacja w centrum Wrocławia
✅ Elegancka i nowoczesna forma budynku wpisująca się w najnowsze trendy architektury
✅ Zielony wewnętrzny dziedziniec","Stare Miasto,",2.0,"38,48 m²",,,,,True,,,https://www.morizon.pl/oferta/sprzedaz-mieszkanie-wroclaw-stare-miasto-braniborska-80-38m2-mzn2043178357,2024.0
60,Opis nieruchomości,,"Najważniejsze atuty
✅ Przyjazna okolica","Tarnogaj,",2.0,"38,86 m²",,,,,True,,,https://www.morizon.pl/oferta/sprzedaz-mieszkanie-wroclaw-krzyki-miedzyleska-6b-38m2-mzn2042224104,2024.0
61,Opis nieruchomości,,"Apartamenty nad Oławką to nowa inwestycja premium w ofercie Dom Development, zlokalizowana tuż nad malowniczą rzeką Oławą – w otoczeniu bulwarów, Parku na Niskich Łąkach i Lasu Rakowieckiego. Nowoczesna architektura, eleganckie wnętrza, wysoka jakość materiałów oraz doskonała lokalizacja sprawiają, że jest to wyjątkowe miejsce na mapie Wrocławia.","Krzyki,",4.0,"71,41 m²",,,,,True,,,https://www.morizon.pl/oferta/sprzedaz-mieszkanie-wroclaw-krzyki-krakowska-98-71m2-mzn2043185928,2025.0
62,Opis nieruchomości,,"Najważniejsze atuty
✅ Jedna z najlepszych wrocławskich inwestycji w sercu miasta","Stare Miasto,",3.0,"76,52 m²",,,,,True,,,https://www.morizon.pl/oferta/sprzedaz-mieszkanie-wroclaw-stare-miasto-michalczyka-5-76m2-mzn2041581862,2024.0
63,Opis nieruchomości,,"Osiedle Zielna

Najważniejsze atuty
Kameralna inwestycja składająca się z jednego, 2-piętrowego budynku wielorodzinnego
Ogródki przynależne do mieszkań na parterze, balkony w przypadku mieszkań na 1 i 2 piętrze
Wysokość lokali – 250 cm","Psie Pole,",2.0,"50,06 m²",,,,,True,,,https://www.morizon.pl/oferta/sprzedaz-mieszkanie-wroclaw-psie-pole-zielna-50m2-mzn2042161245,2023.0
64,Opis nieruchomości,,"Najważniejsze atuty
✅ Przyjazna okolica","Tarnogaj,",3.0,"59,53 m²",,,,,True,,,https://www.morizon.pl/oferta/sprzedaz-mieszkanie-wroclaw-krzyki-miedzyleska-6b-59m2-mzn2042224170,2024.0
65,Opis nieruchomości,,"Najważniejsze atuty:
✅ Spokojna, kameralna architektura
✅ Mieszkania w najbardziej poszukiwanych metrażach
✅ Bliskość terenów zielonych","Maślice,",2.0,"36,03 m²",,,,,True,,,https://www.morizon.pl/oferta/sprzedaz-mieszkanie-wroclaw-fabryczna-stodolna-36m2-mzn2042572793,2024.0
66,Opis nieruchomości,,"Apartamenty nad Oławką to nowa inwestycja premium w ofercie Dom Development, zlokalizowana tuż nad malowniczą rzeką Oławą – w otoczeniu bulwarów, Parku na Niskich Łąkach i Lasu Rakowieckiego. Nowoczesna architektura, eleganckie wnętrza, wysoka jakość materiałów oraz doskonała lokalizacja sprawiają, że jest to wyjątkowe miejsce na mapie Wrocławia.","Krzyki,",2.0,"39,48 m²",,,,,True,,,https://www.morizon.pl/oferta/sprzedaz-mieszkanie-wroclaw-krzyki-krakowska-98-39m2-mzn2043185925,2025.0
67,Opis nieruchomości,,"Najważniejsze atuty
✅ Przyjazna okolica
✅ 2 minuty do przystanków tramwajowych i łatwy dojazd do głównych tras wylotowych z Wrocławia
✅ sąsiedztwo terenów zielonych w postaci parków Tarnogajskiego i Wschodniego
✅ Rozbudowana infrastruktura w najbliższej okolicy

Osiedle Międzyleska w skrócie
Inwestycja położona we wrocławskiej dzielnicy Tarnogaj, między parkami, zapewni ciszę i spokój przyszłym mieszkańcom. Bogata infrastruktura w pobliżu, a także bliskość terenów zielonych pozwala na komfortowe spędzanie każdego dnia. Atutem jest nowoczesna architektura osiedla i odpowiednie doświetlenie wnętrz dzięki dużym oknom. Lokale zostały zaplanowane tak, aby maksymalnie efektywnie wykorzystać dostępną przestrzeń mieszkalną. Przynależą do nich przestronne balkony, loggie lub zielone ogródki na parterze.
Osiedle Międzyleska – lokalizacja
Zlokalizowanie Osiedla Międzyleska we wrocławskiej dzielnicy Tarnogaj gwarantuje szereg korzyści, m.in. wygodne połączenia komunikacyjne z resztą miasta i możliwość sprawnego wyjazdu z Wrocławia, rozbudowaną infrastrukturę i okoliczne tereny zielone zachęcające do rekreacji.
Tereny zielone
W bliskim sąsiedztwie inwestycji znajdują się parki Tarnogajski oraz Wschodni oraz liczne ścieżki rowerowe pozwalające na przyjemne i aktywne spędzanie czasu na świeżym powietrzu.
Sklepy, punkty usługowe i gastronomiczne
Tuż obok osiedla znajduje się warzywniak oraz sklep z produktami regionalnymi i ekologicznymi Z pola i lasu. Najbliższa Biedronka oddalona jest o 2,1 km, Lidl – 2,5 km, Kaufland – 2,2 km. W pobliżu znajduje się także burgerownia i pizzeria.
Komunikacja i transport publiczny
O 400 metrów oddalone są od inwestycji przystanki tramwajowe pozwalające na szybkie połączenie z centrum oraz innymi częściami Wrocławia. 10 minut zajmuje jazda autem do Dworca Głównego, a 15 – do wrocławskiego Rynku. W pobliżu znajdują się główne arterie komunikacyjne miasta: aleja Armii Krajowej, ulica Bardzka i Krakowska pozwalające na sprawne poruszanie się po mieście, a wyjazd z niego umożliwia autostrada A4, do której można wyjątkowo szybko dojechać z tej lokalizacji.
Edukacja
O 750 metrów oddalone jest najbliższe przedszkole – Akademia Maluszka, o 1,3 km – Publiczne Przedszkole LOGICUS. Szkoła Podstawowa nr 99 im. Tadeusza Kościuszki znajduje się w odległości 1,3 km, a Liceum Ogólnokształcące – 2,8 km. Do najważniejszych uczelni wyższych we Wrocławiu jest ok. 4 km.
Rezerwacja i płatność
Wszystkie informacje dotyczące rezerwacji i płatności znajdą Państwo u dewelopera, polecamy kontakt przez formularz.","Tarnogaj,",3.0,"59,10 m²",,,,,True,,,https://www.morizon.pl/oferta/sprzedaz-mieszkanie-wroclaw-krzyki-miedzyleska-6b-59m2-mzn2042224173,2024.0
68,Opis nieruchomości,,"Murapol Osiedle Ferrovia

Najważniejsze atuty
✅ Kameralne osiedle z dala od zgiełku miasta, a jednocześnie blisko serca Wrocławia","Krzyki,",5.0,"90,10 m²",,,,,True,,,https://www.morizon.pl/oferta/sprzedaz-mieszkanie-wroclaw-krzyki-konduktorska-90m2-mzn2043091723,2025.0
69,Opis nieruchomości,,"Najważniejsze atuty:
✅ Spokojna, kameralna architektura
✅ Mieszkania w najbardziej poszukiwanych metrażach
✅ Bliskość terenów zielonych","Maślice,",2.0,"39,81 m²",,,,,True,,,https://www.morizon.pl/oferta/sprzedaz-mieszkanie-wroclaw-fabryczna-stodolna-39m2-mzn2042572796,2024.0
70,Opis nieruchomości,,"Najważniejsze atuty:
✅ Spokojna, kameralna architektura
✅ Mieszkania w najbardziej poszukiwanych metrażach
✅ Bliskość terenów zielonych","Maślice,",3.0,"64,57 m²",,,,,True,,,https://www.morizon.pl/oferta/sprzedaz-mieszkanie-wroclaw-fabryczna-stodolna-64m2-mzn2042572765,2024.0
71,Opis nieruchomości,,"Najważniejsze atuty
✅ Doskonała lokalizacja w centrum Wrocławia
✅ Elegancka i nowoczesna forma budynku wpisująca się w najnowsze trendy architektury
✅ Zielony wewnętrzny dziedziniec","Stare Miasto,",3.0,"58,74 m²",,,,,True,,,https://www.morizon.pl/oferta/sprzedaz-mieszkanie-wroclaw-stare-miasto-braniborska-80-58m2-mzn2041858670,2024.0
72,Opis nieruchomości,,"Osiedle Zielna

Najważniejsze atuty
Kameralna inwestycja składająca się z jednego, 2-piętrowego budynku wielorodzinnego
Ogródki przynależne do mieszkań na parterze, balkony w przypadku mieszkań na 1 i 2 piętrze
Wysokość lokali – 250 cm","Psie Pole,",4.0,"69,51 m²",,,,,True,,,https://www.morizon.pl/oferta/sprzedaz-mieszkanie-wroclaw-psie-pole-zielna-69m2-mzn2041534211,2023.0
73,Opis nieruchomości,,"Najważniejsze atuty
✅ Jedna z najlepszych wrocławskich inwestycji w sercu miasta","Stare Miasto,",2.0,"41,69 m²",,,,,True,,,https://www.morizon.pl/oferta/sprzedaz-mieszkanie-wroclaw-stare-miasto-michalczyka-5-41m2-mzn2041581882,2024.0
74,Opis nieruchomości,,"Najważniejsze atuty
✅ Jedna z najlepszych wrocławskich inwestycji w sercu miasta","Stare Miasto,",2.0,"44,01 m²",,,,,True,,,https://www.morizon.pl/oferta/sprzedaz-mieszkanie-wroclaw-stare-miasto-michalczyka-5-44m2-mzn2041581870,2024.0
75,Opis nieruchomości,,"Najważniejsze atuty
✅ Doskonała lokalizacja w centrum Wrocławia
✅ Elegancka i nowoczesna forma budynku wpisująca się w najnowsze trendy architektury
✅ Zielony wewnętrzny dziedziniec","Stare Miasto,",3.0,"54,44 m²",,,,,True,,,https://www.morizon.pl/oferta/sprzedaz-mieszkanie-wroclaw-stare-miasto-braniborska-80-54m2-mzn2041858669,2024.0
76,Opis nieruchomości,,"Murapol Osiedle Ferrovia

Najważniejsze atuty
✅ Kameralne osiedle z dala od zgiełku miasta, a jednocześnie blisko serca Wrocławia","Krzyki,",5.0,"90,10 m²",,,,,True,,,https://www.morizon.pl/oferta/sprzedaz-mieszkanie-wroclaw-krzyki-konduktorska-90m2-mzn2043091729,2025.0
77,Opis nieruchomości,,"Najważniejsze atuty
✅ Jedna z najlepszych wrocławskich inwestycji w sercu miasta","Stare Miasto,",2.0,"50,44 m²",,,,,True,,,https://www.morizon.pl/oferta/sprzedaz-mieszkanie-wroclaw-stare-miasto-michalczyka-5-50m2-mzn2041581857,2024.0
78,Opis nieruchomości,,"Osiedle Zielna

Najważniejsze atuty
Kameralna inwestycja składająca się z jednego, 2-piętrowego budynku wielorodzinnego
Ogródki przynależne do mieszkań na parterze, balkony w przypadku mieszkań na 1 i 2 piętrze
Wysokość lokali – 250 cm","Psie Pole,",3.0,"55,41 m²",,,,,True,,,https://www.morizon.pl/oferta/sprzedaz-mieszkanie-wroclaw-psie-pole-zielna-55m2-mzn2042161246,2023.0
79,Opis nieruchomości,,"Najważniejsze atuty
Mural podkreślający nowoczesny sznyt artystyczny osiedla
Każdy z budynków z zielonym dziedzińcem ze starannie zaplanowaną roślinnością i małą architekturą
Strefa coworking/playroom i plac zabaw ze ścieżką aktywności na osiedlu","Krzyki,",4.0,"83,16 m²",,,,,True,,,https://www.morizon.pl/oferta/sprzedaz-mieszkanie-wroclaw-krzyki-beaty-artemskiej-83m2-mzn2041817506,2022.0
80,Opis nieruchomości,,"Najważniejsze atuty:
✅ Spokojna, kameralna architektura
✅ Mieszkania w najbardziej poszukiwanych metrażach
✅ Bliskość terenów zielonych","Maślice,",3.0,"53,51 m²",,,,,True,,,https://www.morizon.pl/oferta/sprzedaz-mieszkanie-wroclaw-fabryczna-stodolna-53m2-mzn2042572823,2024.0
81,Opis nieruchomości,,"Najważniejsze atuty:
✅ Spokojna, kameralna architektura
✅ Mieszkania w najbardziej poszukiwanych metrażach
✅ Bliskość terenów zielonych","Maślice,",2.0,"38,15 m²",,,,,True,,,https://www.morizon.pl/oferta/sprzedaz-mieszkanie-wroclaw-fabryczna-stodolna-38m2-mzn2042572822,2024.0
82,Opis nieruchomości,,"Osiedle Zielna

Najważniejsze atuty
Kameralna inwestycja składająca się z jednego, 2-piętrowego budynku wielorodzinnego
Ogródki przynależne do mieszkań na parterze, balkony w przypadku mieszkań na 1 i 2 piętrze
Wysokość lokali – 250 cm","Psie Pole,",3.0,"66,71 m²",,,,,True,,,https://www.morizon.pl/oferta/sprzedaz-mieszkanie-wroclaw-psie-pole-zielna-66m2-mzn2042161222,2023.0
83,Opis nieruchomości,,"Najważniejsze atuty
✅ Jedna z najlepszych wrocławskich inwestycji w sercu miasta","Stare Miasto,",2.0,"50,46 m²",,,,,True,,,https://www.morizon.pl/oferta/sprzedaz-mieszkanie-wroclaw-stare-miasto-michalczyka-5-50m2-mzn2041581887,2024.0
84,Opis nieruchomości,,"Osiedle Zielna

Najważniejsze atuty
Kameralna inwestycja składająca się z jednego, 2-piętrowego budynku wielorodzinnego
Ogródki przynależne do mieszkań na parterze, balkony w przypadku mieszkań na 1 i 2 piętrze
Wysokość lokali – 250 cm","Psie Pole,",4.0,"72,96 m²",,,,,True,,,https://www.morizon.pl/oferta/sprzedaz-mieszkanie-wroclaw-psie-pole-zielna-72m2-mzn2042161227,2023.0
85,Opis nieruchomości,,"Apartamenty nad Oławką to nowa inwestycja premium w ofercie Dom Development, zlokalizowana tuż nad malowniczą rzeką Oławą – w otoczeniu bulwarów, Parku na Niskich Łąkach i Lasu Rakowieckiego. Nowoczesna architektura, eleganckie wnętrza, wysoka jakość materiałów oraz doskonała lokalizacja sprawiają, że jest to wyjątkowe miejsce na mapie Wrocławia.","Krzyki,",3.0,"61,23 m²",,,,,True,,,https://www.morizon.pl/oferta/sprzedaz-mieszkanie-wroclaw-krzyki-krakowska-98-61m2-mzn2043185947,2025.0
86,Opis nieruchomości,,"Najważniejsze atuty
✅ Jedna z najlepszych wrocławskich inwestycji w sercu miasta","Stare Miasto,",1.0,"40,22 m²",,,,,True,,,https://www.morizon.pl/oferta/sprzedaz-mieszkanie-wroclaw-stare-miasto-michalczyka-5-40m2-mzn2041581932,2024.0
87,Opis nieruchomości,,"Murapol Osiedle Ferrovia

Najważniejsze atuty
✅ Kameralne osiedle z dala od zgiełku miasta, a jednocześnie blisko serca Wrocławia","Krzyki,",5.0,"97,54 m²",,,,,True,,,https://www.morizon.pl/oferta/sprzedaz-mieszkanie-wroclaw-krzyki-konduktorska-97m2-mzn2041415252,2025.0
88,Opis nieruchomości,,"Najważniejsze atuty
Mural podkreślający nowoczesny sznyt artystyczny osiedla
Każdy z budynków z zielonym dziedzińcem ze starannie zaplanowaną roślinnością i małą architekturą
Strefa coworking/playroom i plac zabaw ze ścieżką aktywności na osiedlu","Krzyki,",4.0,"83,16 m²",,,,,True,,,https://www.morizon.pl/oferta/sprzedaz-mieszkanie-wroclaw-krzyki-beaty-artemskiej-83m2-mzn2041817493,2022.0
89,Opis nieruchomości,,"Najważniejsze atuty:
✅ Spokojna, kameralna architektura
✅ Mieszkania w najbardziej poszukiwanych metrażach
✅ Bliskość terenów zielonych","Maślice,",3.0,"58,78 m²",,,,,True,,,https://www.morizon.pl/oferta/sprzedaz-mieszkanie-wroclaw-fabryczna-stodolna-58m2-mzn2042572824,2024.0
90,Opis nieruchomości,,"Najważniejsze atuty
✅ Doskonała lokalizacja w centrum Wrocławia
✅ Elegancka i nowoczesna forma budynku wpisująca się w najnowsze trendy architektury
✅ Zielony wewnętrzny dziedziniec","Stare Miasto,",1.0,"31,57 m²",,,,,True,,,https://www.morizon.pl/oferta/sprzedaz-mieszkanie-wroclaw-stare-miasto-braniborska-80-31m2-mzn2043178313,2024.0
91,Opis nieruchomości,,"Apartamenty nad Oławką to nowa inwestycja premium w ofercie Dom Development, zlokalizowana tuż nad malowniczą rzeką Oławą – w otoczeniu bulwarów, Parku na Niskich Łąkach i Lasu Rakowieckiego. Nowoczesna architektura, eleganckie wnętrza, wysoka jakość materiałów oraz doskonała lokalizacja sprawiają, że jest to wyjątkowe miejsce na mapie Wrocławia.","Krzyki,",2.0,"38,42 m²",,,,,True,,,https://www.morizon.pl/oferta/sprzedaz-mieszkanie-wroclaw-krzyki-krakowska-98-38m2-mzn2043185940,2025.0
96,,,,,2.0,,,,,,False,,,https://www.morizon.pl/oferta/sprzedaz-mieszkanie-wroclaw-stare-miasto-michalczyka-5-50m2-mzn2041581887,
97,Opis nieruchomości,,"Najważniejsze atuty
✅ Jedna z najlepszych wrocławskich inwestycji w sercu miasta","Stare Miasto,",3.0,"64,69 m²",,,,,True,,,https://www.morizon.pl/oferta/sprzedaz-mieszkanie-wroclaw-stare-miasto-michalczyka-5-64m2-mzn2041581854,2024.0
106,Opis nieruchomości,,"Osiedle Zielna

Najważniejsze atuty
Kameralna inwestycja składająca się z jednego, 2-piętrowego budynku wielorodzinnego
Ogródki przynależne do mieszkań na parterze, balkony w przypadku mieszkań na 1 i 2 piętrze
Wysokość lokali – 250 cm","Psie Pole,",2.0,"50,20 m²",,,,,True,,,https://www.morizon.pl/oferta/sprzedaz-mieszkanie-wroclaw-psie-pole-zielna-50m2-mzn2042161220,2023.0
115,Opis nieruchomości,,"Najważniejsze atuty
✅ Przyjazna okolica","Tarnogaj,",3.0,"59,10 m²",,,,,True,,,https://www.morizon.pl/oferta/sprzedaz-mieszkanie-wroclaw-krzyki-miedzyleska-6b-59m2-mzn2042224173,2024.0
118,Opis nieruchomości,,"Murapol Osiedle Ferrovia

Najważniejsze atuty
✅ Kameralne osiedle z dala od zgiełku miasta, a jednocześnie blisko serca Wrocławia","Krzyki,",5.0,"89,76 m²",,,,,False,,,https://www.morizon.pl/oferta/sprzedaz-mieszkanie-wroclaw-krzyki-konduktorska-89m2-mzn2041497103,2025.0
150,Opis nieruchomości,,"Apartamenty nad Oławką to nowa inwestycja premium w ofercie Dom Development, zlokalizowana tuż nad malowniczą rzeką Oławą – w otoczeniu bulwarów, Parku na Niskich Łąkach i Lasu Rakowieckiego. Nowoczesna architektura, eleganckie wnętrza, wysoka jakość materiałów oraz doskonała lokalizacja sprawiają, że jest to wyjątkowe miejsce na mapie Wrocławia.
Lokalizacja jest jednym z największych atutów inwestycji Apartamenty nad Oławką:
• doskonale skomunikowana okolica – kilka przystanków tramwajowych i autobusowych w najbliższej okolicy
• szybki dojazd do centrum (2,5km)
• łatwy wyjazd z miasta dzięki bliskości Alei Wielkiej Wyspy
• bezpośrednie sąsiedztwo bulwarów nad Oławą
• bliska odległość Lasu Rakowieckiego i Parku na Niskich Łąkach
• widok na rzekę Oławę
• bogata oferta szkół i przedszkoli w najbliższym otoczeniu
• liczne punkty usługowe i centrum handlowe Famili Point","Krzyki,",2.0,"39,48 m²",,,,,True,,,https://www.morizon.pl/oferta/sprzedaz-mieszkanie-wroclaw-krzyki-krakowska-98-39m2-mzn2043185925,2025.0
213,Opis nieruchomości,,"Murapol Osiedle Ferrovia

Najważniejsze atuty
✅ Kameralne osiedle z dala od zgiełku miasta, a jednocześnie blisko serca Wrocławia","Krzyki,",5.0,"89,36 m²",,,,,False,,,https://www.morizon.pl/oferta/sprzedaz-mieszkanie-wroclaw-krzyki-konduktorska-89m2-mzn2041497102,2025.0
240,Opis nieruchomości,,"Najważniejsze atuty:
✅ Spokojna, kameralna architektura
✅ Mieszkania w najbardziej poszukiwanych metrażach
✅ Bliskość terenów zielonych

Osiedle Harmonia w skrócie
Inwestycja składająca się z trzech niskich budynków utrzymanych w spokojnym stylu. Znajdą się w nich 173 mieszkania w najbardziej poszukiwanych metrażach: od 1- do 5-pokojowych. Przeważać będą wśród nich 2- i 3-pokojowe lokale z dużymi oknami, przestronnymi balkonami i przydomowymi ogródkami na parterze. W hali podziemnej zaplanowany został garaż, w którym znajdzie się 191 miejsc postojowych, komórki lokatorskie i boksy na rowery. Części wspólne zostaną obsadzone atrakcyjnie zaaranżowaną zielenią, z ogrodami kwiatowymi, krzakami i drzewami, zachęcającymi do wypoczynku i relaksu. Znajdzie się tu również plac zabaw dla dzieci.

Osiedle Harmonia – lokalizacja
Osiedle znajduje się w jednej z najbardziej zielonych części Wrocławia – Maślicach. To miejsce w bezpośredniej bliskości zieleni, a zarazem świetnie skomunikowane z centrum i otoczone pełną infrastrukturą miejską. Nieopodal znajduje się także stadion Tarczyński Arena.

Tereny zielone
W sąsiedztwie inwestycji znajdują się liczne tereny zielone i rekreacyjne, m.in. Park Maślicki (1,5 km), Park Stabłowicki (2,3 km), Las Pilczycki (5,3 km), Las Rędziński (13,5 km), liczne ścieżki rowerowe i trasy spacerowe wzdłuż Odry, jeziora i kąpieliska, m.in. Kąpielisko Glinianki (4,3 km) i Wake Park oraz Kąpielisko Królewieckie (350 m).

Sklepy, punkty usługowe i gastronomiczne
W odległości 240 metrów znajduje się Biedronka, 400 m – Rossman i Action, 350 m – Bricomarche. W pobliżu znajdują się także: KFC (270 m), pizzeria Ciasto Impasto (240 m) i przychodnia weterynaryjna (350 m). O 300 m oddalone jest centrum handlowe N-Park, a o 2,1 km - Pasaż Królewiecki.

Komunikacja i transport publiczny
Tuż obok inwestycji znajduje się przystanek autobusowy Brodzka, z którego kursują linie: 102, 103 i 245. Dzięki trasie A8 i bliskości mostu Rędzińskiego możliwy jest szybki dojazd do centrum oraz wyjazd poza miasto.

Edukacja
O 500 metrów oddalone jest Przedszkole Domino, a o 850 – Oddział Integracyjny. W odległości 650 metrów znajduje się Szkoła Podstawowa, a 900 m – Zespół Szkolno-Przedszkolny nr 12. O 4,2 km oddalone jest Liceum Ogólnokształcące nr VI im. Bolesława Prusa.

Rezerwacja i płatność
Wszystkie informacje dotyczące rezerwacji i płatności dostępne są u dewelopera. Prosimy o kontakt poprzez formularz.","Maślice,",2.0,"36,03 m²",,,,,True,,,https://www.morizon.pl/oferta/sprzedaz-mieszkanie-wroclaw-fabryczna-stodolna-36m2-mzn2042572793,2024.0
242,Opis nieruchomości,,"Najważniejsze atuty
✅ Przyjazna okolica","Tarnogaj,",3.0,"58,59 m²",,,,,True,,,https://www.morizon.pl/oferta/sprzedaz-mieszkanie-wroclaw-krzyki-miedzyleska-6b-58m2-mzn2042224233,2024.0
282,Opis nieruchomości,,"Najważniejsze atuty
✅ Jedna z najlepszych wrocławskich inwestycji w sercu miasta
✅ Lokalizacja łącząca charakter zabytkowego centrum z bliskością Odry
✅ System „inteligentny dom” w mieszkaniach

Apartamenty nad Rzeką w skrócie
Inwestycja Apartamenty nad Rzeką to jeden budynek mieszkalny liczący 6 pięter, w którym znalazły się 144 mieszkania o powierzchniach od 30 do 131 m kw. W zależności od piętra, lokale mają od 262 do 322 cm wysokości, a do dyspozycji mieszkańców oddane zostaną także miejsca postojowe podziemne i naziemne.
Apartamenty nad Rzeką – lokalizacja
Głównym atutem inwestycji jest jedna z najlepszych wrocławskich lokalizacji, w samym sercu Wrocławia, blisko centrum zabytkowego, a zarazem tuż nad Odrą. Szybko można stąd dostać się do centrów biznesowych i kulturalnych Wrocławia, wybrać się do jednej z tutejszych klimatycznych restauracji, galerii sztuki, kina czy teatru. Kilka kroków od inwestycji znajdują się najpiękniejsze miejsca Wrocławia, jak Rynek, Stare Miasto, Ostrów Tumski czy bulwary nad Odrą.
Tereny zielone
Na drugim brzegu Odry, naprzeciwko Apartamentów nad Rzeką, w odległości 1,3 km znajduje się Park Mieszczański, a o 2 km oddalony jest Park im. Stanisława Staszica. Mieszkańcy inwestycji z pewnością będą także korzystać z uroków bulwarów nad Odrą rozciągających się dosłownie pod ich oknami.
Sklepy, punkty usługowe i gastronomiczne
O 240 metrów od inwestycji oddalony jest sklep sieci Kaufland, o 500 metrów sklep spożywczy Fortuna, a o 700 metrów – sklep Przystanek. Najbliższa Biedronka znajduje się w odległości 900 metrów, a Lidl – 1,7 km. Tuż przy inwestycji mieści się Bistro no 5. oraz restauracja Gastrom. Bliskość Starego Miasta i Rynku we Wrocławiu powodują, że można również wybrać się do jednej ze znajdujących się tam licznych restauracji czy kawiarni.
Komunikacja i transport publiczny
Najbliższy przystanek autobusowy – Długa – z którego odjeżdżają linie 128 i C oddalony jest o 300 metrów od inwestycji. W odległości 750 metrów mieści się stacja kolei regionalnych – Wrocław Szczepin.
Edukacja
W promieniu niespełna 2 km od inwestycji znajdują się trzy przedszkola. O 1,1 km oddalone są dwie szkoły podstawowe: prywatna i Zespół Szkół nr 18. Do najbliższego Liceum Ogólnokształcącego nr III im. Adama Mickiewicza jest 1,6 km, a do budynków Uniwersytetu Wrocławskiego – 1,9 km.
Rezerwacja i płatność
Wszystkie informacje dotyczące rezerwacji i płatności znajdą Państwo u dewelopera, polecamy kontakt przez formularz.","Stare Miasto,",2.0,"44,01 m²",,,,,True,,,https://www.morizon.pl/oferta/sprzedaz-mieszkanie-wroclaw-stare-miasto-michalczyka-5-44m2-mzn2041581870,2024.0
286,Opis nieruchomości,,"Apartamenty nad Oławką to nowa inwestycja premium w ofercie Dom Development, zlokalizowana tuż nad malowniczą rzeką Oławą – w otoczeniu bulwarów, Parku na Niskich Łąkach i Lasu Rakowieckiego. Nowoczesna architektura, eleganckie wnętrza, wysoka jakość materiałów oraz doskonała lokalizacja sprawiają, że jest to wyjątkowe miejsce na mapie Wrocławia.","Krzyki,",3.0,"61,23 m²",,,,,True,,,https://www.morizon.pl/oferta/sprzedaz-mieszkanie-wroclaw-krzyki-krakowska-98-61m2-mzn2043185944,2025.0
