nazwa_ogloszenia,link,cena,opis,lokalizacja,pokoje,stan wykonczenia,miejsce parkingowe,powierzchnia,balkon,taras,piętro,rok budowy
Opis nieruchomości,https://www.morizon.pl/oferta/sprzedaz-mieszkanie-wroclaw-stare-miasto-michalczyka-5-64m2-mzn2041581854,,"Najważniejsze atuty
✅ Jedna z najlepszych wrocławskich inwestycji w sercu miasta
✅ Lokalizacja łącząca charakter zabytkowego centrum z bliskością Odry
✅ System „inteligentny dom” w mieszkaniach

Apartamenty nad Rzeką w skrócie
Inwestycja Apartamenty nad Rzeką to jeden budynek mieszkalny liczący 6 pięter, w którym znalazły się 144 mieszkania o powierzchniach od 30 do 131 m kw. W zależności od piętra, lokale mają od 262 do 322 cm wysokości, a do dyspozycji mieszkańców oddane zostaną także miejsca postojowe podziemne i naziemne.
Apartamenty nad Rzeką – lokalizacja
Głównym atutem inwestycji jest jedna z najlepszych wrocławskich lokalizacji, w samym sercu Wrocławia, blisko centrum zabytkowego, a zarazem tuż nad Odrą. Szybko można stąd dostać się do centrów biznesowych i kulturalnych Wrocławia, wybrać się do jednej z tutejszych klimatycznych restauracji, galerii sztuki, kina czy teatru. Kilka kroków od inwestycji znajdują się najpiękniejsze miejsca Wrocławia, jak Rynek, Stare Miasto, Ostrów Tumski czy bulwary nad Odrą.
Tereny zielone
Na drugim brzegu Odry, naprzeciwko Apartamentów nad Rzeką, w odległości 1,3 km znajduje się Park Mieszczański, a o 2 km oddalony jest Park im. Stanisława Staszica. Mieszkańcy inwestycji z pewnością będą także korzystać z uroków bulwarów nad Odrą rozciągających się dosłownie pod ich oknami.
Sklepy, punkty usługowe i gastronomiczne
O 240 metrów od inwestycji oddalony jest sklep sieci Kaufland, o 500 metrów sklep spożywczy Fortuna, a o 700 metrów – sklep Przystanek. Najbliższa Biedronka znajduje się w odległości 900 metrów, a Lidl – 1,7 km. Tuż przy inwestycji mieści się Bistro no 5. oraz restauracja Gastrom. Bliskość Starego Miasta i Rynku we Wrocławiu powodują, że można również wybrać się do jednej ze znajdujących się tam licznych restauracji czy kawiarni.
Komunikacja i transport publiczny
Najbliższy przystanek autobusowy – Długa – z którego odjeżdżają linie 128 i C oddalony jest o 300 metrów od inwestycji. W odległości 750 metrów mieści się stacja kolei regionalnych – Wrocław Szczepin.
Edukacja
W promieniu niespełna 2 km od inwestycji znajdują się trzy przedszkola. O 1,1 km oddalone są dwie szkoły podstawowe: prywatna i Zespół Szkół nr 18. Do najbliższego Liceum Ogólnokształcącego nr III im. Adama Mickiewicza jest 1,6 km, a do budynków Uniwersytetu Wrocławskiego – 1,9 km.
Rezerwacja i płatność
Wszystkie informacje dotyczące rezerwacji i płatności znajdą Państwo u dewelopera, polecamy kontakt przez formularz.","Stare Miasto,",3,,,"64,69 m²",Tak,,,2024
Opis nieruchomości,https://www.morizon.pl/oferta/sprzedaz-mieszkanie-wroclaw-psie-pole-zielna-50m2-mzn2042161230,,"Osiedle Zielna

Najważniejsze atuty
Kameralna inwestycja składająca się z jednego, 2-piętrowego budynku wielorodzinnego
Ogródki przynależne do mieszkań na parterze, balkony w przypadku mieszkań na 1 i 2 piętrze
Wysokość lokali – 250 cm","Psie Pole,",2,,,"50,20 m²",Tak,,,2023
Opis nieruchomości,https://www.morizon.pl/oferta/sprzedaz-mieszkanie-wroclaw-psie-pole-zielna-50m2-mzn2042161220,,"Osiedle Zielna

Najważniejsze atuty
Kameralna inwestycja składająca się z jednego, 2-piętrowego budynku wielorodzinnego
Ogródki przynależne do mieszkań na parterze, balkony w przypadku mieszkań na 1 i 2 piętrze
Wysokość lokali – 250 cm
W skrócie

Osiedle Zielna powstające w dzielnicy Psie Pole to kameralna inwestycja składającą się z jednego dwupiętrowego budynku wielorodzinnego, w którym znajdzie się łącznie 160 mieszkań. Mieszkańcy lokali na parterze będą mieli do swojej dyspozycji ogródki, natomiast lokatorzy 1 i 2 piętra – przestronne balkony. Na kameralnym osiedlu nie zabraknie atrakcyjnie zaaranżowanej przestrzeni wspólnej, w postaci małej architektury, nasadzeń kwiatowych, drzew i krzewów. Częścią inwestycji będzie duży zielony, wewnętrzny dziedziniec, gdzie mieścić się będzie plac zabaw oraz siłownia plenerowa. W ramach inwestycji przewidziano również podziemny garaż, komórki lokatorskie, schowki oraz rowerownię.

Lokalizacja

Osiedle Zielna powstaje na Psim Polu, przy ulicy Zielnej, która położona jest 6,7 km od centrum Wrocławia. Rozciągająca się w północnej części Wrocławia dzielnica Psie Pole zabudowana jest w dużej mierze przez osiedla domków jednorodzinnych i willi, a także trzy duże osiedla: Zakrzów, Psie Pole oraz Różanka. Na obrzeżach dzielnicy dominują tereny zielone, m.in. las Rędziński, Osobowicki i Sołtywicki. Największą arterią dzielnicy Psie Pole, łączącą zachodnią jej część ze wschodnią, jest ulica Jana Kasprowicza.

Tereny zielone

W odległości 260 metrów od inwestycji znajduje się park międzyosiedlowy z placem zabaw dla dzieci. Do parku przy ulicy Nadbrzeżnej w Zgorzelisku oddalonego o 1 km można dotrzeć spacerem w 13 minut. W odległości 2,8 km znajduje się park Małe Wilczyce, 2,7 km od osiedla – Park Jedności, a 6 km dzieli Osiedle Zielna od dzikich terenów spacerowych przy ujściu rzeki Dobrej do Widawy.

Sklepy, punkty usługowe i gastronomiczne

Najbliższy niewielki sklep spożywczy znajduje się tuż przy Osiedlu Zielna. W odległości 110 metrów położone są Delikatesy Gorlickie, w odległości 240 metrów – sklep max minimarket. Mieszkańcy Osiedla Zielna mają również blisko położoną przychodnię – 100 metrów od osiedla, przychodnię weterynaryjną – 100 m, restaurację z azjatycką kuchnią fusion (450 m), pub (550 m) czy halę targową Blaszak (500 m).

Komunikacja i transport publiczny

Najbliższy przystanek komunikacji miejskiej – Gorlicka – znajduje się 210 metrów od Osiedla Zielna. Dzięki niemu mieszkańcy osiedla mogą korzystać z dogodnych połączeń komunikacyjnych w dzielnicy Psie Pole – 6 linii autobusowych oraz 2 tramwajowych. We wschodniej części dzielnicy zlokalizowana jest stacja kolejowa, która również ułatwia dotarcie w inne części Wrocławia.

Edukacja

W bezpośrednim sąsiedztwie Osiedla Zielna znajdują się 3 placówki edukacyjne: publiczne przedszkole Columbus oddalone o 70 metrów, przedszkole nr 71 – oddalone o 520 metrów oraz Szkoła Podstawowa nr 6 zlokalizowana w odległości 230 metrów.

Rezerwacja i płatność

Po szczegóły zapraszamy do kontaktu przez formularz znajdujący się na dole strony.","Psie Pole,",2,,,"50,20 m²",Tak,,,2023
Opis nieruchomości,https://www.morizon.pl/oferta/sprzedaz-mieszkanie-wroclaw-stare-miasto-braniborska-80-38m2-mzn2043178357,,"Najważniejsze atuty
✅ Doskonała lokalizacja w centrum Wrocławia
✅ Elegancka i nowoczesna forma budynku wpisująca się w najnowsze trendy architektury
✅ Zielony wewnętrzny dziedziniec","Stare Miasto,",2,,,"38,48 m²",Tak,,,2024
Opis nieruchomości,https://www.morizon.pl/oferta/sprzedaz-mieszkanie-wroclaw-krzyki-miedzyleska-6b-38m2-mzn2042224104,,"Najważniejsze atuty
✅ Przyjazna okolica","Tarnogaj,",2,,,"38,86 m²",Tak,,,2024
Opis nieruchomości,https://www.morizon.pl/oferta/sprzedaz-mieszkanie-wroclaw-krzyki-krakowska-98-71m2-mzn2043185928,,"Apartamenty nad Oławką to nowa inwestycja premium w ofercie Dom Development, zlokalizowana tuż nad malowniczą rzeką Oławą – w otoczeniu bulwarów, Parku na Niskich Łąkach i Lasu Rakowieckiego. Nowoczesna architektura, eleganckie wnętrza, wysoka jakość materiałów oraz doskonała lokalizacja sprawiają, że jest to wyjątkowe miejsce na mapie Wrocławia.","Krzyki,",4,,,"71,41 m²",Tak,,,2025
Opis nieruchomości,https://www.morizon.pl/oferta/sprzedaz-mieszkanie-wroclaw-stare-miasto-michalczyka-5-76m2-mzn2041581862,,"Najważniejsze atuty
✅ Jedna z najlepszych wrocławskich inwestycji w sercu miasta","Stare Miasto,",3,,,"76,52 m²",Tak,,,2024
Opis nieruchomości,https://www.morizon.pl/oferta/sprzedaz-mieszkanie-wroclaw-psie-pole-zielna-50m2-mzn2042161245,,"Osiedle Zielna

Najważniejsze atuty
Kameralna inwestycja składająca się z jednego, 2-piętrowego budynku wielorodzinnego
Ogródki przynależne do mieszkań na parterze, balkony w przypadku mieszkań na 1 i 2 piętrze
Wysokość lokali – 250 cm","Psie Pole,",2,,,"50,06 m²",Tak,,,2023
Opis nieruchomości,https://www.morizon.pl/oferta/sprzedaz-mieszkanie-wroclaw-krzyki-miedzyleska-6b-59m2-mzn2042224170,,"Najważniejsze atuty
✅ Przyjazna okolica","Tarnogaj,",3,,,"59,53 m²",Tak,,,2024
Opis nieruchomości,https://www.morizon.pl/oferta/sprzedaz-mieszkanie-wroclaw-fabryczna-stodolna-36m2-mzn2042572793,,"Najważniejsze atuty:
✅ Spokojna, kameralna architektura
✅ Mieszkania w najbardziej poszukiwanych metrażach
✅ Bliskość terenów zielonych","Maślice,",2,,,"36,03 m²",Tak,,,2024
Opis nieruchomości,https://www.morizon.pl/oferta/sprzedaz-mieszkanie-wroclaw-krzyki-krakowska-98-39m2-mzn2043185925,,"Apartamenty nad Oławką to nowa inwestycja premium w ofercie Dom Development, zlokalizowana tuż nad malowniczą rzeką Oławą – w otoczeniu bulwarów, Parku na Niskich Łąkach i Lasu Rakowieckiego. Nowoczesna architektura, eleganckie wnętrza, wysoka jakość materiałów oraz doskonała lokalizacja sprawiają, że jest to wyjątkowe miejsce na mapie Wrocławia.","Krzyki,",2,,,"39,48 m²",Tak,,,2025
Opis nieruchomości,https://www.morizon.pl/oferta/sprzedaz-mieszkanie-wroclaw-krzyki-miedzyleska-6b-59m2-mzn2042224173,,"Najważniejsze atuty
✅ Przyjazna okolica
✅ 2 minuty do przystanków tramwajowych i łatwy dojazd do głównych tras wylotowych z Wrocławia
✅ sąsiedztwo terenów zielonych w postaci parków Tarnogajskiego i Wschodniego
✅ Rozbudowana infrastruktura w najbliższej okolicy

Osiedle Międzyleska w skrócie
Inwestycja położona we wrocławskiej dzielnicy Tarnogaj, między parkami, zapewni ciszę i spokój przyszłym mieszkańcom. Bogata infrastruktura w pobliżu, a także bliskość terenów zielonych pozwala na komfortowe spędzanie każdego dnia. Atutem jest nowoczesna architektura osiedla i odpowiednie doświetlenie wnętrz dzięki dużym oknom. Lokale zostały zaplanowane tak, aby maksymalnie efektywnie wykorzystać dostępną przestrzeń mieszkalną. Przynależą do nich przestronne balkony, loggie lub zielone ogródki na parterze.
Osiedle Międzyleska – lokalizacja
Zlokalizowanie Osiedla Międzyleska we wrocławskiej dzielnicy Tarnogaj gwarantuje szereg korzyści, m.in. wygodne połączenia komunikacyjne z resztą miasta i możliwość sprawnego wyjazdu z Wrocławia, rozbudowaną infrastrukturę i okoliczne tereny zielone zachęcające do rekreacji.
Tereny zielone
W bliskim sąsiedztwie inwestycji znajdują się parki Tarnogajski oraz Wschodni oraz liczne ścieżki rowerowe pozwalające na przyjemne i aktywne spędzanie czasu na świeżym powietrzu.
Sklepy, punkty usługowe i gastronomiczne
Tuż obok osiedla znajduje się warzywniak oraz sklep z produktami regionalnymi i ekologicznymi Z pola i lasu. Najbliższa Biedronka oddalona jest o 2,1 km, Lidl – 2,5 km, Kaufland – 2,2 km. W pobliżu znajduje się także burgerownia i pizzeria.
Komunikacja i transport publiczny
O 400 metrów oddalone są od inwestycji przystanki tramwajowe pozwalające na szybkie połączenie z centrum oraz innymi częściami Wrocławia. 10 minut zajmuje jazda autem do Dworca Głównego, a 15 – do wrocławskiego Rynku. W pobliżu znajdują się główne arterie komunikacyjne miasta: aleja Armii Krajowej, ulica Bardzka i Krakowska pozwalające na sprawne poruszanie się po mieście, a wyjazd z niego umożliwia autostrada A4, do której można wyjątkowo szybko dojechać z tej lokalizacji.
Edukacja
O 750 metrów oddalone jest najbliższe przedszkole – Akademia Maluszka, o 1,3 km – Publiczne Przedszkole LOGICUS. Szkoła Podstawowa nr 99 im. Tadeusza Kościuszki znajduje się w odległości 1,3 km, a Liceum Ogólnokształcące – 2,8 km. Do najważniejszych uczelni wyższych we Wrocławiu jest ok. 4 km.
Rezerwacja i płatność
Wszystkie informacje dotyczące rezerwacji i płatności znajdą Państwo u dewelopera, polecamy kontakt przez formularz.","Tarnogaj,",3,,,"59,10 m²",Tak,,,2024
Opis nieruchomości,https://www.morizon.pl/oferta/sprzedaz-mieszkanie-wroclaw-krzyki-konduktorska-90m2-mzn2043091723,,"Murapol Osiedle Ferrovia

Najważniejsze atuty
✅ Kameralne osiedle z dala od zgiełku miasta, a jednocześnie blisko serca Wrocławia","Krzyki,",5,,,"90,10 m²",Tak,,,2025
Opis nieruchomości,https://www.morizon.pl/oferta/sprzedaz-mieszkanie-wroclaw-fabryczna-stodolna-39m2-mzn2042572796,,"Najważniejsze atuty:
✅ Spokojna, kameralna architektura
✅ Mieszkania w najbardziej poszukiwanych metrażach
✅ Bliskość terenów zielonych","Maślice,",2,,,"39,81 m²",Tak,,,2024
Opis nieruchomości,https://www.morizon.pl/oferta/sprzedaz-mieszkanie-wroclaw-fabryczna-stodolna-64m2-mzn2042572765,,"Najważniejsze atuty:
✅ Spokojna, kameralna architektura
✅ Mieszkania w najbardziej poszukiwanych metrażach
✅ Bliskość terenów zielonych","Maślice,",3,,,"64,57 m²",Tak,,,2024
Opis nieruchomości,https://www.morizon.pl/oferta/sprzedaz-mieszkanie-wroclaw-stare-miasto-braniborska-80-58m2-mzn2041858670,,"Najważniejsze atuty
✅ Doskonała lokalizacja w centrum Wrocławia
✅ Elegancka i nowoczesna forma budynku wpisująca się w najnowsze trendy architektury
✅ Zielony wewnętrzny dziedziniec","Stare Miasto,",3,,,"58,74 m²",Tak,,,2024
Opis nieruchomości,https://www.morizon.pl/oferta/sprzedaz-mieszkanie-wroclaw-psie-pole-zielna-69m2-mzn2041534211,,"Osiedle Zielna

Najważniejsze atuty
Kameralna inwestycja składająca się z jednego, 2-piętrowego budynku wielorodzinnego
Ogródki przynależne do mieszkań na parterze, balkony w przypadku mieszkań na 1 i 2 piętrze
Wysokość lokali – 250 cm","Psie Pole,",4,,,"69,51 m²",Tak,,,2023
Opis nieruchomości,https://www.morizon.pl/oferta/sprzedaz-mieszkanie-wroclaw-stare-miasto-michalczyka-5-41m2-mzn2041581882,,"Najważniejsze atuty
✅ Jedna z najlepszych wrocławskich inwestycji w sercu miasta","Stare Miasto,",2,,,"41,69 m²",Tak,,,2024
Opis nieruchomości,https://www.morizon.pl/oferta/sprzedaz-mieszkanie-wroclaw-stare-miasto-michalczyka-5-44m2-mzn2041581870,,"Najważniejsze atuty
✅ Jedna z najlepszych wrocławskich inwestycji w sercu miasta","Stare Miasto,",2,,,"44,01 m²",Tak,,,2024
Opis nieruchomości,https://www.morizon.pl/oferta/sprzedaz-mieszkanie-wroclaw-stare-miasto-braniborska-80-54m2-mzn2041858669,,"Najważniejsze atuty
✅ Doskonała lokalizacja w centrum Wrocławia
✅ Elegancka i nowoczesna forma budynku wpisująca się w najnowsze trendy architektury
✅ Zielony wewnętrzny dziedziniec","Stare Miasto,",3,,,"54,44 m²",Tak,,,2024
Opis nieruchomości,https://www.morizon.pl/oferta/sprzedaz-mieszkanie-wroclaw-krzyki-konduktorska-90m2-mzn2043091729,,"Murapol Osiedle Ferrovia

Najważniejsze atuty
✅ Kameralne osiedle z dala od zgiełku miasta, a jednocześnie blisko serca Wrocławia","Krzyki,",5,,,"90,10 m²",Tak,,,2025
Opis nieruchomości,https://www.morizon.pl/oferta/sprzedaz-mieszkanie-wroclaw-stare-miasto-michalczyka-5-50m2-mzn2041581857,,"Najważniejsze atuty
✅ Jedna z najlepszych wrocławskich inwestycji w sercu miasta","Stare Miasto,",2,,,"50,44 m²",Tak,,,2024
Opis nieruchomości,https://www.morizon.pl/oferta/sprzedaz-mieszkanie-wroclaw-psie-pole-zielna-55m2-mzn2042161246,,"Osiedle Zielna

Najważniejsze atuty
Kameralna inwestycja składająca się z jednego, 2-piętrowego budynku wielorodzinnego
Ogródki przynależne do mieszkań na parterze, balkony w przypadku mieszkań na 1 i 2 piętrze
Wysokość lokali – 250 cm","Psie Pole,",3,,,"55,41 m²",Tak,,,2023
Opis nieruchomości,https://www.morizon.pl/oferta/sprzedaz-mieszkanie-wroclaw-krzyki-beaty-artemskiej-83m2-mzn2041817506,,"Najważniejsze atuty
Mural podkreślający nowoczesny sznyt artystyczny osiedla
Każdy z budynków z zielonym dziedzińcem ze starannie zaplanowaną roślinnością i małą architekturą
Strefa coworking/playroom i plac zabaw ze ścieżką aktywności na osiedlu","Krzyki,",4,,,"83,16 m²",Tak,,,2022
Opis nieruchomości,https://www.morizon.pl/oferta/sprzedaz-mieszkanie-wroclaw-fabryczna-stodolna-53m2-mzn2042572823,,"Najważniejsze atuty:
✅ Spokojna, kameralna architektura
✅ Mieszkania w najbardziej poszukiwanych metrażach
✅ Bliskość terenów zielonych","Maślice,",3,,,"53,51 m²",Tak,,,2024
Opis nieruchomości,https://www.morizon.pl/oferta/sprzedaz-mieszkanie-wroclaw-fabryczna-stodolna-38m2-mzn2042572822,,"Najważniejsze atuty:
✅ Spokojna, kameralna architektura
✅ Mieszkania w najbardziej poszukiwanych metrażach
✅ Bliskość terenów zielonych","Maślice,",2,,,"38,15 m²",Tak,,,2024
Opis nieruchomości,https://www.morizon.pl/oferta/sprzedaz-mieszkanie-wroclaw-psie-pole-zielna-66m2-mzn2042161222,,"Osiedle Zielna

Najważniejsze atuty
Kameralna inwestycja składająca się z jednego, 2-piętrowego budynku wielorodzinnego
Ogródki przynależne do mieszkań na parterze, balkony w przypadku mieszkań na 1 i 2 piętrze
Wysokość lokali – 250 cm","Psie Pole,",3,,,"66,71 m²",Tak,,,2023
Opis nieruchomości,https://www.morizon.pl/oferta/sprzedaz-mieszkanie-wroclaw-stare-miasto-michalczyka-5-50m2-mzn2041581887,,"Najważniejsze atuty
✅ Jedna z najlepszych wrocławskich inwestycji w sercu miasta","Stare Miasto,",2,,,"50,46 m²",Tak,,,2024
Opis nieruchomości,https://www.morizon.pl/oferta/sprzedaz-mieszkanie-wroclaw-psie-pole-zielna-72m2-mzn2042161227,,"Osiedle Zielna

Najważniejsze atuty
Kameralna inwestycja składająca się z jednego, 2-piętrowego budynku wielorodzinnego
Ogródki przynależne do mieszkań na parterze, balkony w przypadku mieszkań na 1 i 2 piętrze
Wysokość lokali – 250 cm","Psie Pole,",4,,,"72,96 m²",Tak,,,2023
Opis nieruchomości,https://www.morizon.pl/oferta/sprzedaz-mieszkanie-wroclaw-krzyki-krakowska-98-61m2-mzn2043185947,,"Apartamenty nad Oławką to nowa inwestycja premium w ofercie Dom Development, zlokalizowana tuż nad malowniczą rzeką Oławą – w otoczeniu bulwarów, Parku na Niskich Łąkach i Lasu Rakowieckiego. Nowoczesna architektura, eleganckie wnętrza, wysoka jakość materiałów oraz doskonała lokalizacja sprawiają, że jest to wyjątkowe miejsce na mapie Wrocławia.","Krzyki,",3,,,"61,23 m²",Tak,,,2025
Opis nieruchomości,https://www.morizon.pl/oferta/sprzedaz-mieszkanie-wroclaw-stare-miasto-michalczyka-5-40m2-mzn2041581932,,"Najważniejsze atuty
✅ Jedna z najlepszych wrocławskich inwestycji w sercu miasta","Stare Miasto,",1,,,"40,22 m²",Tak,,,2024
Opis nieruchomości,https://www.morizon.pl/oferta/sprzedaz-mieszkanie-wroclaw-krzyki-konduktorska-97m2-mzn2041415252,,"Murapol Osiedle Ferrovia

Najważniejsze atuty
✅ Kameralne osiedle z dala od zgiełku miasta, a jednocześnie blisko serca Wrocławia","Krzyki,",5,,,"97,54 m²",Tak,,,2025
Opis nieruchomości,https://www.morizon.pl/oferta/sprzedaz-mieszkanie-wroclaw-krzyki-beaty-artemskiej-83m2-mzn2041817493,,"Najważniejsze atuty
Mural podkreślający nowoczesny sznyt artystyczny osiedla
Każdy z budynków z zielonym dziedzińcem ze starannie zaplanowaną roślinnością i małą architekturą
Strefa coworking/playroom i plac zabaw ze ścieżką aktywności na osiedlu","Krzyki,",4,,,"83,16 m²",Tak,,,2022
Opis nieruchomości,https://www.morizon.pl/oferta/sprzedaz-mieszkanie-wroclaw-fabryczna-stodolna-58m2-mzn2042572824,,"Najważniejsze atuty:
✅ Spokojna, kameralna architektura
✅ Mieszkania w najbardziej poszukiwanych metrażach
✅ Bliskość terenów zielonych","Maślice,",3,,,"58,78 m²",Tak,,,2024
Opis nieruchomości,https://www.morizon.pl/oferta/sprzedaz-mieszkanie-wroclaw-stare-miasto-braniborska-80-31m2-mzn2043178313,,"Najważniejsze atuty
✅ Doskonała lokalizacja w centrum Wrocławia
✅ Elegancka i nowoczesna forma budynku wpisująca się w najnowsze trendy architektury
✅ Zielony wewnętrzny dziedziniec","Stare Miasto,",1,,,"31,57 m²",Tak,,,2024
Opis nieruchomości,https://www.morizon.pl/oferta/sprzedaz-mieszkanie-wroclaw-krzyki-krakowska-98-38m2-mzn2043185940,,"Apartamenty nad Oławką to nowa inwestycja premium w ofercie Dom Development, zlokalizowana tuż nad malowniczą rzeką Oławą – w otoczeniu bulwarów, Parku na Niskich Łąkach i Lasu Rakowieckiego. Nowoczesna architektura, eleganckie wnętrza, wysoka jakość materiałów oraz doskonała lokalizacja sprawiają, że jest to wyjątkowe miejsce na mapie Wrocławia.","Krzyki,",2,,,"38,42 m²",Tak,,,2025
Opis nieruchomości,https://www.morizon.pl/oferta/sprzedaz-mieszkanie-wroclaw-psie-pole-zielna-50m2-mzn2042161245,,"Osiedle Zielna

Najważniejsze atuty
Kameralna inwestycja składająca się z jednego, 2-piętrowego budynku wielorodzinnego
Ogródki przynależne do mieszkań na parterze, balkony w przypadku mieszkań na 1 i 2 piętrze
Wysokość lokali – 250 cm","Psie Pole,",2,,,"50,06 m²",Tak,,,2023
Opis nieruchomości,https://www.morizon.pl/oferta/sprzedaz-mieszkanie-wroclaw-psie-pole-zielna-69m2-mzn2041534211,,"Osiedle Zielna

Najważniejsze atuty
Kameralna inwestycja składająca się z jednego, 2-piętrowego budynku wielorodzinnego
Ogródki przynależne do mieszkań na parterze, balkony w przypadku mieszkań na 1 i 2 piętrze
Wysokość lokali – 250 cm","Psie Pole,",4,,,"69,51 m²",Tak,,,2023
Opis nieruchomości,https://www.morizon.pl/oferta/sprzedaz-mieszkanie-wroclaw-stare-miasto-michalczyka-5-41m2-mzn2041581882,,"Najważniejsze atuty
✅ Jedna z najlepszych wrocławskich inwestycji w sercu miasta","Stare Miasto,",2,,,"41,69 m²",Tak,,,2024
Opis nieruchomości,https://www.morizon.pl/oferta/sprzedaz-mieszkanie-wroclaw-stare-miasto-michalczyka-5-44m2-mzn2041581870,,"Najważniejsze atuty
✅ Jedna z najlepszych wrocławskich inwestycji w sercu miasta","Stare Miasto,",2,,,"44,01 m²",Tak,,,2024
,https://www.morizon.pl/oferta/sprzedaz-mieszkanie-wroclaw-stare-miasto-michalczyka-5-50m2-mzn2041581887,,,,2,,,,,,,
Opis nieruchomości,https://www.morizon.pl/oferta/sprzedaz-mieszkanie-wroclaw-stare-miasto-michalczyka-5-64m2-mzn2041581854,,"Najważniejsze atuty
✅ Jedna z najlepszych wrocławskich inwestycji w sercu miasta","Stare Miasto,",3,,,"64,69 m²",Tak,,,2024
Opis nieruchomości,https://www.morizon.pl/oferta/sprzedaz-mieszkanie-wroclaw-stare-miasto-braniborska-80-54m2-mzn2041858669,,"Najważniejsze atuty
✅ Doskonała lokalizacja w centrum Wrocławia
✅ Elegancka i nowoczesna forma budynku wpisująca się w najnowsze trendy architektury
✅ Zielony wewnętrzny dziedziniec","Stare Miasto,",3,,,"54,44 m²",Tak,,,2024
Opis nieruchomości,https://www.morizon.pl/oferta/sprzedaz-mieszkanie-wroclaw-psie-pole-zielna-50m2-mzn2042161230,,"Osiedle Zielna

Najważniejsze atuty
Kameralna inwestycja składająca się z jednego, 2-piętrowego budynku wielorodzinnego
Ogródki przynależne do mieszkań na parterze, balkony w przypadku mieszkań na 1 i 2 piętrze
Wysokość lokali – 250 cm","Psie Pole,",2,,,"50,20 m²",Tak,,,2023
Opis nieruchomości,https://www.morizon.pl/oferta/sprzedaz-mieszkanie-wroclaw-stare-miasto-michalczyka-5-50m2-mzn2041581857,,"Najważniejsze atuty
✅ Jedna z najlepszych wrocławskich inwestycji w sercu miasta","Stare Miasto,",2,,,"50,44 m²",Tak,,,2024
Opis nieruchomości,https://www.morizon.pl/oferta/sprzedaz-mieszkanie-wroclaw-psie-pole-zielna-55m2-mzn2042161246,,"Osiedle Zielna

Najważniejsze atuty
Kameralna inwestycja składająca się z jednego, 2-piętrowego budynku wielorodzinnego
Ogródki przynależne do mieszkań na parterze, balkony w przypadku mieszkań na 1 i 2 piętrze
Wysokość lokali – 250 cm","Psie Pole,",3,,,"55,41 m²",Tak,,,2023
Opis nieruchomości,https://www.morizon.pl/oferta/sprzedaz-mieszkanie-wroclaw-krzyki-krakowska-98-38m2-mzn2043185940,,"Apartamenty nad Oławką to nowa inwestycja premium w ofercie Dom Development, zlokalizowana tuż nad malowniczą rzeką Oławą – w otoczeniu bulwarów, Parku na Niskich Łąkach i Lasu Rakowieckiego. Nowoczesna architektura, eleganckie wnętrza, wysoka jakość materiałów oraz doskonała lokalizacja sprawiają, że jest to wyjątkowe miejsce na mapie Wrocławia.","Krzyki,",2,,,"38,42 m²",Tak,,,2025
Opis nieruchomości,https://www.morizon.pl/oferta/sprzedaz-mieszkanie-wroclaw-stare-miasto-michalczyka-5-76m2-mzn2041581862,,"Najważniejsze atuty
✅ Jedna z najlepszych wrocławskich inwestycji w sercu miasta","Stare Miasto,",3,,,"76,52 m²",Tak,,,2024
Opis nieruchomości,https://www.morizon.pl/oferta/sprzedaz-mieszkanie-wroclaw-stare-miasto-michalczyka-5-64m2-mzn2041581854,,"Najważniejsze atuty
✅ Jedna z najlepszych wrocławskich inwestycji w sercu miasta","Stare Miasto,",3,,,"64,69 m²",Tak,,,2024
Opis nieruchomości,https://www.morizon.pl/oferta/sprzedaz-mieszkanie-wroclaw-psie-pole-zielna-50m2-mzn2042161230,,"Osiedle Zielna

Najważniejsze atuty
Kameralna inwestycja składająca się z jednego, 2-piętrowego budynku wielorodzinnego
Ogródki przynależne do mieszkań na parterze, balkony w przypadku mieszkań na 1 i 2 piętrze
Wysokość lokali – 250 cm","Psie Pole,",2,,,"50,20 m²",Tak,,,2023
Opis nieruchomości,https://www.morizon.pl/oferta/sprzedaz-mieszkanie-wroclaw-psie-pole-zielna-50m2-mzn2042161220,,"Osiedle Zielna

Najważniejsze atuty
Kameralna inwestycja składająca się z jednego, 2-piętrowego budynku wielorodzinnego
Ogródki przynależne do mieszkań na parterze, balkony w przypadku mieszkań na 1 i 2 piętrze
Wysokość lokali – 250 cm","Psie Pole,",2,,,"50,20 m²",Tak,,,2023
Opis nieruchomości,https://www.morizon.pl/oferta/sprzedaz-mieszkanie-wroclaw-stare-miasto-braniborska-80-38m2-mzn2043178357,,"Najważniejsze atuty
✅ Doskonała lokalizacja w centrum Wrocławia
✅ Elegancka i nowoczesna forma budynku wpisująca się w najnowsze trendy architektury
✅ Zielony wewnętrzny dziedziniec","Stare Miasto,",2,,,"38,48 m²",Tak,,,2024
Opis nieruchomości,https://www.morizon.pl/oferta/sprzedaz-mieszkanie-wroclaw-krzyki-miedzyleska-6b-38m2-mzn2042224104,,"Najważniejsze atuty
✅ Przyjazna okolica","Tarnogaj,",2,,,"38,86 m²",Tak,,,2024
Opis nieruchomości,https://www.morizon.pl/oferta/sprzedaz-mieszkanie-wroclaw-krzyki-krakowska-98-71m2-mzn2043185928,,"Apartamenty nad Oławką to nowa inwestycja premium w ofercie Dom Development, zlokalizowana tuż nad malowniczą rzeką Oławą – w otoczeniu bulwarów, Parku na Niskich Łąkach i Lasu Rakowieckiego. Nowoczesna architektura, eleganckie wnętrza, wysoka jakość materiałów oraz doskonała lokalizacja sprawiają, że jest to wyjątkowe miejsce na mapie Wrocławia.","Krzyki,",4,,,"71,41 m²",Tak,,,2025
Opis nieruchomości,https://www.morizon.pl/oferta/sprzedaz-mieszkanie-wroclaw-stare-miasto-michalczyka-5-76m2-mzn2041581862,,"Najważniejsze atuty
✅ Jedna z najlepszych wrocławskich inwestycji w sercu miasta","Stare Miasto,",3,,,"76,52 m²",Tak,,,2024
Opis nieruchomości,https://www.morizon.pl/oferta/sprzedaz-mieszkanie-wroclaw-psie-pole-zielna-50m2-mzn2042161245,,"Osiedle Zielna

Najważniejsze atuty
Kameralna inwestycja składająca się z jednego, 2-piętrowego budynku wielorodzinnego
Ogródki przynależne do mieszkań na parterze, balkony w przypadku mieszkań na 1 i 2 piętrze
Wysokość lokali – 250 cm","Psie Pole,",2,,,"50,06 m²",Tak,,,2023
Opis nieruchomości,https://www.morizon.pl/oferta/sprzedaz-mieszkanie-wroclaw-krzyki-miedzyleska-6b-59m2-mzn2042224170,,"Najważniejsze atuty
✅ Przyjazna okolica","Tarnogaj,",3,,,"59,53 m²",Tak,,,2024
Opis nieruchomości,https://www.morizon.pl/oferta/sprzedaz-mieszkanie-wroclaw-fabryczna-stodolna-36m2-mzn2042572793,,"Najważniejsze atuty:
✅ Spokojna, kameralna architektura
✅ Mieszkania w najbardziej poszukiwanych metrażach
✅ Bliskość terenów zielonych","Maślice,",2,,,"36,03 m²",Tak,,,2024
Opis nieruchomości,https://www.morizon.pl/oferta/sprzedaz-mieszkanie-wroclaw-krzyki-krakowska-98-39m2-mzn2043185925,,"Apartamenty nad Oławką to nowa inwestycja premium w ofercie Dom Development, zlokalizowana tuż nad malowniczą rzeką Oławą – w otoczeniu bulwarów, Parku na Niskich Łąkach i Lasu Rakowieckiego. Nowoczesna architektura, eleganckie wnętrza, wysoka jakość materiałów oraz doskonała lokalizacja sprawiają, że jest to wyjątkowe miejsce na mapie Wrocławia.","Krzyki,",2,,,"39,48 m²",Tak,,,2025
Opis nieruchomości,https://www.morizon.pl/oferta/sprzedaz-mieszkanie-wroclaw-krzyki-miedzyleska-6b-59m2-mzn2042224173,,"Najważniejsze atuty
✅ Przyjazna okolica","Tarnogaj,",3,,,"59,10 m²",Tak,,,2024
Opis nieruchomości,https://www.morizon.pl/oferta/sprzedaz-mieszkanie-wroclaw-krzyki-konduktorska-90m2-mzn2043091723,,"Murapol Osiedle Ferrovia

Najważniejsze atuty
✅ Kameralne osiedle z dala od zgiełku miasta, a jednocześnie blisko serca Wrocławia","Krzyki,",5,,,"90,10 m²",Tak,,,2025
Opis nieruchomości,https://www.morizon.pl/oferta/sprzedaz-mieszkanie-wroclaw-fabryczna-stodolna-39m2-mzn2042572796,,"Najważniejsze atuty:
✅ Spokojna, kameralna architektura
✅ Mieszkania w najbardziej poszukiwanych metrażach
✅ Bliskość terenów zielonych","Maślice,",2,,,"39,81 m²",Tak,,,2024
Opis nieruchomości,https://www.morizon.pl/oferta/sprzedaz-mieszkanie-wroclaw-krzyki-konduktorska-89m2-mzn2041497103,,"Murapol Osiedle Ferrovia

Najważniejsze atuty
✅ Kameralne osiedle z dala od zgiełku miasta, a jednocześnie blisko serca Wrocławia","Krzyki,",5,,,"89,76 m²",,,,2025
Opis nieruchomości,https://www.morizon.pl/oferta/sprzedaz-mieszkanie-wroclaw-fabryczna-stodolna-64m2-mzn2042572765,,"Najważniejsze atuty:
✅ Spokojna, kameralna architektura
✅ Mieszkania w najbardziej poszukiwanych metrażach
✅ Bliskość terenów zielonych","Maślice,",3,,,"64,57 m²",Tak,,,2024
Opis nieruchomości,https://www.morizon.pl/oferta/sprzedaz-mieszkanie-wroclaw-stare-miasto-braniborska-80-58m2-mzn2041858670,,"Najważniejsze atuty
✅ Doskonała lokalizacja w centrum Wrocławia
✅ Elegancka i nowoczesna forma budynku wpisująca się w najnowsze trendy architektury
✅ Zielony wewnętrzny dziedziniec","Stare Miasto,",3,,,"58,74 m²",Tak,,,2024
Opis nieruchomości,https://www.morizon.pl/oferta/sprzedaz-mieszkanie-wroclaw-psie-pole-zielna-69m2-mzn2041534211,,"Osiedle Zielna

Najważniejsze atuty
Kameralna inwestycja składająca się z jednego, 2-piętrowego budynku wielorodzinnego
Ogródki przynależne do mieszkań na parterze, balkony w przypadku mieszkań na 1 i 2 piętrze
Wysokość lokali – 250 cm","Psie Pole,",4,,,"69,51 m²",Tak,,,2023
Opis nieruchomości,https://www.morizon.pl/oferta/sprzedaz-mieszkanie-wroclaw-stare-miasto-michalczyka-5-41m2-mzn2041581882,,"Najważniejsze atuty
✅ Jedna z najlepszych wrocławskich inwestycji w sercu miasta","Stare Miasto,",2,,,"41,69 m²",Tak,,,2024
Opis nieruchomości,https://www.morizon.pl/oferta/sprzedaz-mieszkanie-wroclaw-stare-miasto-michalczyka-5-44m2-mzn2041581870,,"Najważniejsze atuty
✅ Jedna z najlepszych wrocławskich inwestycji w sercu miasta","Stare Miasto,",2,,,"44,01 m²",Tak,,,2024
Opis nieruchomości,https://www.morizon.pl/oferta/sprzedaz-mieszkanie-wroclaw-stare-miasto-braniborska-80-54m2-mzn2041858669,,"Najważniejsze atuty
✅ Doskonała lokalizacja w centrum Wrocławia
✅ Elegancka i nowoczesna forma budynku wpisująca się w najnowsze trendy architektury
✅ Zielony wewnętrzny dziedziniec","Stare Miasto,",3,,,"54,44 m²",Tak,,,2024
Opis nieruchomości,https://www.morizon.pl/oferta/sprzedaz-mieszkanie-wroclaw-krzyki-konduktorska-90m2-mzn2043091729,,"Murapol Osiedle Ferrovia

Najważniejsze atuty
✅ Kameralne osiedle z dala od zgiełku miasta, a jednocześnie blisko serca Wrocławia","Krzyki,",5,,,"90,10 m²",Tak,,,2025
Opis nieruchomości,https://www.morizon.pl/oferta/sprzedaz-mieszkanie-wroclaw-stare-miasto-michalczyka-5-50m2-mzn2041581857,,"Najważniejsze atuty
✅ Jedna z najlepszych wrocławskich inwestycji w sercu miasta","Stare Miasto,",2,,,"50,44 m²",Tak,,,2024
Opis nieruchomości,https://www.morizon.pl/oferta/sprzedaz-mieszkanie-wroclaw-psie-pole-zielna-55m2-mzn2042161246,,"Osiedle Zielna

Najważniejsze atuty
Kameralna inwestycja składająca się z jednego, 2-piętrowego budynku wielorodzinnego
Ogródki przynależne do mieszkań na parterze, balkony w przypadku mieszkań na 1 i 2 piętrze
Wysokość lokali – 250 cm","Psie Pole,",3,,,"55,41 m²",Tak,,,2023
Opis nieruchomości,https://www.morizon.pl/oferta/sprzedaz-mieszkanie-wroclaw-krzyki-beaty-artemskiej-83m2-mzn2041817506,,"Najważniejsze atuty
Mural podkreślający nowoczesny sznyt artystyczny osiedla
Każdy z budynków z zielonym dziedzińcem ze starannie zaplanowaną roślinnością i małą architekturą
Strefa coworking/playroom i plac zabaw ze ścieżką aktywności na osiedlu","Krzyki,",4,,,"83,16 m²",Tak,,,2022
Opis nieruchomości,https://www.morizon.pl/oferta/sprzedaz-mieszkanie-wroclaw-fabryczna-stodolna-53m2-mzn2042572823,,"Najważniejsze atuty:
✅ Spokojna, kameralna architektura
✅ Mieszkania w najbardziej poszukiwanych metrażach
✅ Bliskość terenów zielonych","Maślice,",3,,,"53,51 m²",Tak,,,2024
Opis nieruchomości,https://www.morizon.pl/oferta/sprzedaz-mieszkanie-wroclaw-fabryczna-stodolna-38m2-mzn2042572822,,"Najważniejsze atuty:
✅ Spokojna, kameralna architektura
✅ Mieszkania w najbardziej poszukiwanych metrażach
✅ Bliskość terenów zielonych","Maślice,",2,,,"38,15 m²",Tak,,,2024
Opis nieruchomości,https://www.morizon.pl/oferta/sprzedaz-mieszkanie-wroclaw-psie-pole-zielna-66m2-mzn2042161222,,"Osiedle Zielna

Najważniejsze atuty
Kameralna inwestycja składająca się z jednego, 2-piętrowego budynku wielorodzinnego
Ogródki przynależne do mieszkań na parterze, balkony w przypadku mieszkań na 1 i 2 piętrze
Wysokość lokali – 250 cm","Psie Pole,",3,,,"66,71 m²",Tak,,,2023
Opis nieruchomości,https://www.morizon.pl/oferta/sprzedaz-mieszkanie-wroclaw-stare-miasto-michalczyka-5-50m2-mzn2041581887,,"Najważniejsze atuty
✅ Jedna z najlepszych wrocławskich inwestycji w sercu miasta","Stare Miasto,",2,,,"50,46 m²",Tak,,,2024
Opis nieruchomości,https://www.morizon.pl/oferta/sprzedaz-mieszkanie-wroclaw-psie-pole-zielna-72m2-mzn2042161227,,"Osiedle Zielna

Najważniejsze atuty
Kameralna inwestycja składająca się z jednego, 2-piętrowego budynku wielorodzinnego
Ogródki przynależne do mieszkań na parterze, balkony w przypadku mieszkań na 1 i 2 piętrze
Wysokość lokali – 250 cm","Psie Pole,",4,,,"72,96 m²",Tak,,,2023
Opis nieruchomości,https://www.morizon.pl/oferta/sprzedaz-mieszkanie-wroclaw-krzyki-krakowska-98-61m2-mzn2043185947,,"Apartamenty nad Oławką to nowa inwestycja premium w ofercie Dom Development, zlokalizowana tuż nad malowniczą rzeką Oławą – w otoczeniu bulwarów, Parku na Niskich Łąkach i Lasu Rakowieckiego. Nowoczesna architektura, eleganckie wnętrza, wysoka jakość materiałów oraz doskonała lokalizacja sprawiają, że jest to wyjątkowe miejsce na mapie Wrocławia.","Krzyki,",3,,,"61,23 m²",Tak,,,2025
Opis nieruchomości,https://www.morizon.pl/oferta/sprzedaz-mieszkanie-wroclaw-stare-miasto-michalczyka-5-40m2-mzn2041581932,,"Najważniejsze atuty
✅ Jedna z najlepszych wrocławskich inwestycji w sercu miasta","Stare Miasto,",1,,,"40,22 m²",Tak,,,2024
Opis nieruchomości,https://www.morizon.pl/oferta/sprzedaz-mieszkanie-wroclaw-krzyki-beaty-artemskiej-83m2-mzn2041817493,,"Najważniejsze atuty
Mural podkreślający nowoczesny sznyt artystyczny osiedla
Każdy z budynków z zielonym dziedzińcem ze starannie zaplanowaną roślinnością i małą architekturą
Strefa coworking/playroom i plac zabaw ze ścieżką aktywności na osiedlu","Krzyki,",4,,,"83,16 m²",Tak,,,2022
Opis nieruchomości,https://www.morizon.pl/oferta/sprzedaz-mieszkanie-wroclaw-fabryczna-stodolna-58m2-mzn2042572824,,"Najważniejsze atuty:
✅ Spokojna, kameralna architektura
✅ Mieszkania w najbardziej poszukiwanych metrażach
✅ Bliskość terenów zielonych","Maślice,",3,,,"58,78 m²",Tak,,,2024
Opis nieruchomości,https://www.morizon.pl/oferta/sprzedaz-mieszkanie-wroclaw-stare-miasto-braniborska-80-31m2-mzn2043178313,,"Najważniejsze atuty
✅ Doskonała lokalizacja w centrum Wrocławia
✅ Elegancka i nowoczesna forma budynku wpisująca się w najnowsze trendy architektury
✅ Zielony wewnętrzny dziedziniec","Stare Miasto,",1,,,"31,57 m²",Tak,,,2024
Opis nieruchomości,https://www.morizon.pl/oferta/sprzedaz-mieszkanie-wroclaw-krzyki-krakowska-98-38m2-mzn2043185940,,"Apartamenty nad Oławką to nowa inwestycja premium w ofercie Dom Development, zlokalizowana tuż nad malowniczą rzeką Oławą – w otoczeniu bulwarów, Parku na Niskich Łąkach i Lasu Rakowieckiego. Nowoczesna architektura, eleganckie wnętrza, wysoka jakość materiałów oraz doskonała lokalizacja sprawiają, że jest to wyjątkowe miejsce na mapie Wrocławia.","Krzyki,",2,,,"38,42 m²",Tak,,,2025
Opis nieruchomości,https://www.morizon.pl/oferta/sprzedaz-mieszkanie-wroclaw-stare-miasto-michalczyka-5-64m2-mzn2041581854,,"Najważniejsze atuty
✅ Jedna z najlepszych wrocławskich inwestycji w sercu miasta","Stare Miasto,",3,,,"64,69 m²",Tak,,,2024
Opis nieruchomości,https://www.morizon.pl/oferta/sprzedaz-mieszkanie-wroclaw-psie-pole-zielna-50m2-mzn2042161230,,"Osiedle Zielna

Najważniejsze atuty
Kameralna inwestycja składająca się z jednego, 2-piętrowego budynku wielorodzinnego
Ogródki przynależne do mieszkań na parterze, balkony w przypadku mieszkań na 1 i 2 piętrze
Wysokość lokali – 250 cm","Psie Pole,",2,,,"50,20 m²",Tak,,,2023
Opis nieruchomości,https://www.morizon.pl/oferta/sprzedaz-mieszkanie-wroclaw-psie-pole-zielna-50m2-mzn2042161220,,"Osiedle Zielna

Najważniejsze atuty
Kameralna inwestycja składająca się z jednego, 2-piętrowego budynku wielorodzinnego
Ogródki przynależne do mieszkań na parterze, balkony w przypadku mieszkań na 1 i 2 piętrze
Wysokość lokali – 250 cm","Psie Pole,",2,,,"50,20 m²",Tak,,,2023
Opis nieruchomości,https://www.morizon.pl/oferta/sprzedaz-mieszkanie-wroclaw-stare-miasto-braniborska-80-38m2-mzn2043178357,,"Najważniejsze atuty
✅ Doskonała lokalizacja w centrum Wrocławia
✅ Elegancka i nowoczesna forma budynku wpisująca się w najnowsze trendy architektury
✅ Zielony wewnętrzny dziedziniec","Stare Miasto,",2,,,"38,48 m²",Tak,,,2024
Opis nieruchomości,https://www.morizon.pl/oferta/sprzedaz-mieszkanie-wroclaw-krzyki-miedzyleska-6b-38m2-mzn2042224104,,"Najważniejsze atuty
✅ Przyjazna okolica","Tarnogaj,",2,,,"38,86 m²",Tak,,,2024
Opis nieruchomości,https://www.morizon.pl/oferta/sprzedaz-mieszkanie-wroclaw-krzyki-krakowska-98-71m2-mzn2043185928,,"Apartamenty nad Oławką to nowa inwestycja premium w ofercie Dom Development, zlokalizowana tuż nad malowniczą rzeką Oławą – w otoczeniu bulwarów, Parku na Niskich Łąkach i Lasu Rakowieckiego. Nowoczesna architektura, eleganckie wnętrza, wysoka jakość materiałów oraz doskonała lokalizacja sprawiają, że jest to wyjątkowe miejsce na mapie Wrocławia.","Krzyki,",4,,,"71,41 m²",Tak,,,2025
Opis nieruchomości,https://www.morizon.pl/oferta/sprzedaz-mieszkanie-wroclaw-stare-miasto-michalczyka-5-76m2-mzn2041581862,,"Najważniejsze atuty
✅ Jedna z najlepszych wrocławskich inwestycji w sercu miasta","Stare Miasto,",3,,,"76,52 m²",Tak,,,2024
Opis nieruchomości,https://www.morizon.pl/oferta/sprzedaz-mieszkanie-wroclaw-psie-pole-zielna-50m2-mzn2042161245,,"Osiedle Zielna

Najważniejsze atuty
Kameralna inwestycja składająca się z jednego, 2-piętrowego budynku wielorodzinnego
Ogródki przynależne do mieszkań na parterze, balkony w przypadku mieszkań na 1 i 2 piętrze
Wysokość lokali – 250 cm","Psie Pole,",2,,,"50,06 m²",Tak,,,2023
Opis nieruchomości,https://www.morizon.pl/oferta/sprzedaz-mieszkanie-wroclaw-krzyki-miedzyleska-6b-59m2-mzn2042224170,,"Najważniejsze atuty
✅ Przyjazna okolica","Tarnogaj,",3,,,"59,53 m²",Tak,,,2024
Opis nieruchomości,https://www.morizon.pl/oferta/sprzedaz-mieszkanie-wroclaw-fabryczna-stodolna-36m2-mzn2042572793,,"Najważniejsze atuty:
✅ Spokojna, kameralna architektura
✅ Mieszkania w najbardziej poszukiwanych metrażach
✅ Bliskość terenów zielonych","Maślice,",2,,,"36,03 m²",Tak,,,2024
Opis nieruchomości,https://www.morizon.pl/oferta/sprzedaz-mieszkanie-wroclaw-krzyki-krakowska-98-39m2-mzn2043185925,,"Apartamenty nad Oławką to nowa inwestycja premium w ofercie Dom Development, zlokalizowana tuż nad malowniczą rzeką Oławą – w otoczeniu bulwarów, Parku na Niskich Łąkach i Lasu Rakowieckiego. Nowoczesna architektura, eleganckie wnętrza, wysoka jakość materiałów oraz doskonała lokalizacja sprawiają, że jest to wyjątkowe miejsce na mapie Wrocławia.
Lokalizacja jest jednym z największych atutów inwestycji Apartamenty nad Oławką:
• doskonale skomunikowana okolica – kilka przystanków tramwajowych i autobusowych w najbliższej okolicy
• szybki dojazd do centrum (2,5km)
• łatwy wyjazd z miasta dzięki bliskości Alei Wielkiej Wyspy
• bezpośrednie sąsiedztwo bulwarów nad Oławą
• bliska odległość Lasu Rakowieckiego i Parku na Niskich Łąkach
• widok na rzekę Oławę
• bogata oferta szkół i przedszkoli w najbliższym otoczeniu
• liczne punkty usługowe i centrum handlowe Famili Point","Krzyki,",2,,,"39,48 m²",Tak,,,2025
Opis nieruchomości,https://www.morizon.pl/oferta/sprzedaz-mieszkanie-wroclaw-krzyki-miedzyleska-6b-59m2-mzn2042224173,,"Najważniejsze atuty
✅ Przyjazna okolica","Tarnogaj,",3,,,"59,10 m²",Tak,,,2024
Opis nieruchomości,https://www.morizon.pl/oferta/sprzedaz-mieszkanie-wroclaw-krzyki-konduktorska-90m2-mzn2043091723,,"Murapol Osiedle Ferrovia

Najważniejsze atuty
✅ Kameralne osiedle z dala od zgiełku miasta, a jednocześnie blisko serca Wrocławia","Krzyki,",5,,,"90,10 m²",Tak,,,2025
Opis nieruchomości,https://www.morizon.pl/oferta/sprzedaz-mieszkanie-wroclaw-fabryczna-stodolna-39m2-mzn2042572796,,"Najważniejsze atuty:
✅ Spokojna, kameralna architektura
✅ Mieszkania w najbardziej poszukiwanych metrażach
✅ Bliskość terenów zielonych","Maślice,",2,,,"39,81 m²",Tak,,,2024
Opis nieruchomości,https://www.morizon.pl/oferta/sprzedaz-mieszkanie-wroclaw-fabryczna-stodolna-64m2-mzn2042572765,,"Najważniejsze atuty:
✅ Spokojna, kameralna architektura
✅ Mieszkania w najbardziej poszukiwanych metrażach
✅ Bliskość terenów zielonych","Maślice,",3,,,"64,57 m²",Tak,,,2024
Opis nieruchomości,https://www.morizon.pl/oferta/sprzedaz-mieszkanie-wroclaw-stare-miasto-braniborska-80-58m2-mzn2041858670,,"Najważniejsze atuty
✅ Doskonała lokalizacja w centrum Wrocławia
✅ Elegancka i nowoczesna forma budynku wpisująca się w najnowsze trendy architektury
✅ Zielony wewnętrzny dziedziniec","Stare Miasto,",3,,,"58,74 m²",Tak,,,2024
Opis nieruchomości,https://www.morizon.pl/oferta/sprzedaz-mieszkanie-wroclaw-psie-pole-zielna-69m2-mzn2041534211,,"Osiedle Zielna

Najważniejsze atuty
Kameralna inwestycja składająca się z jednego, 2-piętrowego budynku wielorodzinnego
Ogródki przynależne do mieszkań na parterze, balkony w przypadku mieszkań na 1 i 2 piętrze
Wysokość lokali – 250 cm","Psie Pole,",4,,,"69,51 m²",Tak,,,2023
Opis nieruchomości,https://www.morizon.pl/oferta/sprzedaz-mieszkanie-wroclaw-stare-miasto-michalczyka-5-41m2-mzn2041581882,,"Najważniejsze atuty
✅ Jedna z najlepszych wrocławskich inwestycji w sercu miasta","Stare Miasto,",2,,,"41,69 m²",Tak,,,2024
Opis nieruchomości,https://www.morizon.pl/oferta/sprzedaz-mieszkanie-wroclaw-stare-miasto-michalczyka-5-44m2-mzn2041581870,,"Najważniejsze atuty
✅ Jedna z najlepszych wrocławskich inwestycji w sercu miasta","Stare Miasto,",2,,,"44,01 m²",Tak,,,2024
Opis nieruchomości,https://www.morizon.pl/oferta/sprzedaz-mieszkanie-wroclaw-stare-miasto-braniborska-80-54m2-mzn2041858669,,"Najważniejsze atuty
✅ Doskonała lokalizacja w centrum Wrocławia
✅ Elegancka i nowoczesna forma budynku wpisująca się w najnowsze trendy architektury
✅ Zielony wewnętrzny dziedziniec","Stare Miasto,",3,,,"54,44 m²",Tak,,,2024
Opis nieruchomości,https://www.morizon.pl/oferta/sprzedaz-mieszkanie-wroclaw-krzyki-konduktorska-90m2-mzn2043091729,,"Murapol Osiedle Ferrovia

Najważniejsze atuty
✅ Kameralne osiedle z dala od zgiełku miasta, a jednocześnie blisko serca Wrocławia","Krzyki,",5,,,"90,10 m²",Tak,,,2025
Opis nieruchomości,https://www.morizon.pl/oferta/sprzedaz-mieszkanie-wroclaw-stare-miasto-michalczyka-5-50m2-mzn2041581857,,"Najważniejsze atuty
✅ Jedna z najlepszych wrocławskich inwestycji w sercu miasta","Stare Miasto,",2,,,"50,44 m²",Tak,,,2024
Opis nieruchomości,https://www.morizon.pl/oferta/sprzedaz-mieszkanie-wroclaw-psie-pole-zielna-55m2-mzn2042161246,,"Osiedle Zielna

Najważniejsze atuty
Kameralna inwestycja składająca się z jednego, 2-piętrowego budynku wielorodzinnego
Ogródki przynależne do mieszkań na parterze, balkony w przypadku mieszkań na 1 i 2 piętrze
Wysokość lokali – 250 cm","Psie Pole,",3,,,"55,41 m²",Tak,,,2023
Opis nieruchomości,https://www.morizon.pl/oferta/sprzedaz-mieszkanie-wroclaw-krzyki-beaty-artemskiej-83m2-mzn2041817506,,"Najważniejsze atuty
Mural podkreślający nowoczesny sznyt artystyczny osiedla
Każdy z budynków z zielonym dziedzińcem ze starannie zaplanowaną roślinnością i małą architekturą
Strefa coworking/playroom i plac zabaw ze ścieżką aktywności na osiedlu","Krzyki,",4,,,"83,16 m²",Tak,,,2022
Opis nieruchomości,https://www.morizon.pl/oferta/sprzedaz-mieszkanie-wroclaw-fabryczna-stodolna-53m2-mzn2042572823,,"Najważniejsze atuty:
✅ Spokojna, kameralna architektura
✅ Mieszkania w najbardziej poszukiwanych metrażach
✅ Bliskość terenów zielonych","Maślice,",3,,,"53,51 m²",Tak,,,2024
Opis nieruchomości,https://www.morizon.pl/oferta/sprzedaz-mieszkanie-wroclaw-fabryczna-stodolna-38m2-mzn2042572822,,"Najważniejsze atuty:
✅ Spokojna, kameralna architektura
✅ Mieszkania w najbardziej poszukiwanych metrażach
✅ Bliskość terenów zielonych","Maślice,",2,,,"38,15 m²",Tak,,,2024
Opis nieruchomości,https://www.morizon.pl/oferta/sprzedaz-mieszkanie-wroclaw-psie-pole-zielna-66m2-mzn2042161222,,"Osiedle Zielna

Najważniejsze atuty
Kameralna inwestycja składająca się z jednego, 2-piętrowego budynku wielorodzinnego
Ogródki przynależne do mieszkań na parterze, balkony w przypadku mieszkań na 1 i 2 piętrze
Wysokość lokali – 250 cm","Psie Pole,",3,,,"66,71 m²",Tak,,,2023
Opis nieruchomości,https://www.morizon.pl/oferta/sprzedaz-mieszkanie-wroclaw-stare-miasto-michalczyka-5-50m2-mzn2041581887,,"Najważniejsze atuty
✅ Jedna z najlepszych wrocławskich inwestycji w sercu miasta","Stare Miasto,",2,,,"50,46 m²",Tak,,,2024
Opis nieruchomości,https://www.morizon.pl/oferta/sprzedaz-mieszkanie-wroclaw-psie-pole-zielna-72m2-mzn2042161227,,"Osiedle Zielna

Najważniejsze atuty
Kameralna inwestycja składająca się z jednego, 2-piętrowego budynku wielorodzinnego
Ogródki przynależne do mieszkań na parterze, balkony w przypadku mieszkań na 1 i 2 piętrze
Wysokość lokali – 250 cm","Psie Pole,",4,,,"72,96 m²",Tak,,,2023
Opis nieruchomości,https://www.morizon.pl/oferta/sprzedaz-mieszkanie-wroclaw-krzyki-krakowska-98-61m2-mzn2043185947,,"Apartamenty nad Oławką to nowa inwestycja premium w ofercie Dom Development, zlokalizowana tuż nad malowniczą rzeką Oławą – w otoczeniu bulwarów, Parku na Niskich Łąkach i Lasu Rakowieckiego. Nowoczesna architektura, eleganckie wnętrza, wysoka jakość materiałów oraz doskonała lokalizacja sprawiają, że jest to wyjątkowe miejsce na mapie Wrocławia.","Krzyki,",3,,,"61,23 m²",Tak,,,2025
Opis nieruchomości,https://www.morizon.pl/oferta/sprzedaz-mieszkanie-wroclaw-stare-miasto-michalczyka-5-40m2-mzn2041581932,,"Najważniejsze atuty
✅ Jedna z najlepszych wrocławskich inwestycji w sercu miasta","Stare Miasto,",1,,,"40,22 m²",Tak,,,2024
Opis nieruchomości,https://www.morizon.pl/oferta/sprzedaz-mieszkanie-wroclaw-krzyki-beaty-artemskiej-83m2-mzn2041817493,,"Najważniejsze atuty
Mural podkreślający nowoczesny sznyt artystyczny osiedla
Każdy z budynków z zielonym dziedzińcem ze starannie zaplanowaną roślinnością i małą architekturą
Strefa coworking/playroom i plac zabaw ze ścieżką aktywności na osiedlu","Krzyki,",4,,,"83,16 m²",Tak,,,2022
Opis nieruchomości,https://www.morizon.pl/oferta/sprzedaz-mieszkanie-wroclaw-fabryczna-stodolna-58m2-mzn2042572824,,"Najważniejsze atuty:
✅ Spokojna, kameralna architektura
✅ Mieszkania w najbardziej poszukiwanych metrażach
✅ Bliskość terenów zielonych","Maślice,",3,,,"58,78 m²",Tak,,,2024
Opis nieruchomości,https://www.morizon.pl/oferta/sprzedaz-mieszkanie-wroclaw-stare-miasto-braniborska-80-31m2-mzn2043178313,,"Najważniejsze atuty
✅ Doskonała lokalizacja w centrum Wrocławia
✅ Elegancka i nowoczesna forma budynku wpisująca się w najnowsze trendy architektury
✅ Zielony wewnętrzny dziedziniec","Stare Miasto,",1,,,"31,57 m²",Tak,,,2024
Opis nieruchomości,https://www.morizon.pl/oferta/sprzedaz-mieszkanie-wroclaw-krzyki-krakowska-98-38m2-mzn2043185940,,"Apartamenty nad Oławką to nowa inwestycja premium w ofercie Dom Development, zlokalizowana tuż nad malowniczą rzeką Oławą – w otoczeniu bulwarów, Parku na Niskich Łąkach i Lasu Rakowieckiego. Nowoczesna architektura, eleganckie wnętrza, wysoka jakość materiałów oraz doskonała lokalizacja sprawiają, że jest to wyjątkowe miejsce na mapie Wrocławia.","Krzyki,",2,,,"38,42 m²",Tak,,,2025
Opis nieruchomości,https://www.morizon.pl/oferta/sprzedaz-mieszkanie-wroclaw-stare-miasto-michalczyka-5-64m2-mzn2041581854,,"Najważniejsze atuty
✅ Jedna z najlepszych wrocławskich inwestycji w sercu miasta","Stare Miasto,",3,,,"64,69 m²",Tak,,,2024
Opis nieruchomości,https://www.morizon.pl/oferta/sprzedaz-mieszkanie-wroclaw-psie-pole-zielna-50m2-mzn2042161230,,"Osiedle Zielna

Najważniejsze atuty
Kameralna inwestycja składająca się z jednego, 2-piętrowego budynku wielorodzinnego
Ogródki przynależne do mieszkań na parterze, balkony w przypadku mieszkań na 1 i 2 piętrze
Wysokość lokali – 250 cm","Psie Pole,",2,,,"50,20 m²",Tak,,,2023
Opis nieruchomości,https://www.morizon.pl/oferta/sprzedaz-mieszkanie-wroclaw-psie-pole-zielna-50m2-mzn2042161220,,"Osiedle Zielna

Najważniejsze atuty
Kameralna inwestycja składająca się z jednego, 2-piętrowego budynku wielorodzinnego
Ogródki przynależne do mieszkań na parterze, balkony w przypadku mieszkań na 1 i 2 piętrze
Wysokość lokali – 250 cm","Psie Pole,",2,,,"50,20 m²",Tak,,,2023
Opis nieruchomości,https://www.morizon.pl/oferta/sprzedaz-mieszkanie-wroclaw-stare-miasto-braniborska-80-38m2-mzn2043178357,,"Najważniejsze atuty
✅ Doskonała lokalizacja w centrum Wrocławia
✅ Elegancka i nowoczesna forma budynku wpisująca się w najnowsze trendy architektury
✅ Zielony wewnętrzny dziedziniec","Stare Miasto,",2,,,"38,48 m²",Tak,,,2024
Opis nieruchomości,https://www.morizon.pl/oferta/sprzedaz-mieszkanie-wroclaw-krzyki-miedzyleska-6b-38m2-mzn2042224104,,"Najważniejsze atuty
✅ Przyjazna okolica","Tarnogaj,",2,,,"38,86 m²",Tak,,,2024
Opis nieruchomości,https://www.morizon.pl/oferta/sprzedaz-mieszkanie-wroclaw-krzyki-krakowska-98-71m2-mzn2043185928,,"Apartamenty nad Oławką to nowa inwestycja premium w ofercie Dom Development, zlokalizowana tuż nad malowniczą rzeką Oławą – w otoczeniu bulwarów, Parku na Niskich Łąkach i Lasu Rakowieckiego. Nowoczesna architektura, eleganckie wnętrza, wysoka jakość materiałów oraz doskonała lokalizacja sprawiają, że jest to wyjątkowe miejsce na mapie Wrocławia.","Krzyki,",4,,,"71,41 m²",Tak,,,2025
Opis nieruchomości,https://www.morizon.pl/oferta/sprzedaz-mieszkanie-wroclaw-stare-miasto-michalczyka-5-76m2-mzn2041581862,,"Najważniejsze atuty
✅ Jedna z najlepszych wrocławskich inwestycji w sercu miasta","Stare Miasto,",3,,,"76,52 m²",Tak,,,2024
Opis nieruchomości,https://www.morizon.pl/oferta/sprzedaz-mieszkanie-wroclaw-psie-pole-zielna-50m2-mzn2042161245,,"Osiedle Zielna

Najważniejsze atuty
Kameralna inwestycja składająca się z jednego, 2-piętrowego budynku wielorodzinnego
Ogródki przynależne do mieszkań na parterze, balkony w przypadku mieszkań na 1 i 2 piętrze
Wysokość lokali – 250 cm","Psie Pole,",2,,,"50,06 m²",Tak,,,2023
Opis nieruchomości,https://www.morizon.pl/oferta/sprzedaz-mieszkanie-wroclaw-krzyki-miedzyleska-6b-59m2-mzn2042224170,,"Najważniejsze atuty
✅ Przyjazna okolica","Tarnogaj,",3,,,"59,53 m²",Tak,,,2024
Opis nieruchomości,https://www.morizon.pl/oferta/sprzedaz-mieszkanie-wroclaw-fabryczna-stodolna-36m2-mzn2042572793,,"Najważniejsze atuty:
✅ Spokojna, kameralna architektura
✅ Mieszkania w najbardziej poszukiwanych metrażach
✅ Bliskość terenów zielonych","Maślice,",2,,,"36,03 m²",Tak,,,2024
Opis nieruchomości,https://www.morizon.pl/oferta/sprzedaz-mieszkanie-wroclaw-krzyki-krakowska-98-39m2-mzn2043185925,,"Apartamenty nad Oławką to nowa inwestycja premium w ofercie Dom Development, zlokalizowana tuż nad malowniczą rzeką Oławą – w otoczeniu bulwarów, Parku na Niskich Łąkach i Lasu Rakowieckiego. Nowoczesna architektura, eleganckie wnętrza, wysoka jakość materiałów oraz doskonała lokalizacja sprawiają, że jest to wyjątkowe miejsce na mapie Wrocławia.","Krzyki,",2,,,"39,48 m²",Tak,,,2025
Opis nieruchomości,https://www.morizon.pl/oferta/sprzedaz-mieszkanie-wroclaw-krzyki-miedzyleska-6b-59m2-mzn2042224173,,"Najważniejsze atuty
✅ Przyjazna okolica","Tarnogaj,",3,,,"59,10 m²",Tak,,,2024
Opis nieruchomości,https://www.morizon.pl/oferta/sprzedaz-mieszkanie-wroclaw-krzyki-konduktorska-90m2-mzn2043091723,,"Murapol Osiedle Ferrovia

Najważniejsze atuty
✅ Kameralne osiedle z dala od zgiełku miasta, a jednocześnie blisko serca Wrocławia","Krzyki,",5,,,"90,10 m²",Tak,,,2025
Opis nieruchomości,https://www.morizon.pl/oferta/sprzedaz-mieszkanie-wroclaw-fabryczna-stodolna-39m2-mzn2042572796,,"Najważniejsze atuty:
✅ Spokojna, kameralna architektura
✅ Mieszkania w najbardziej poszukiwanych metrażach
✅ Bliskość terenów zielonych","Maślice,",2,,,"39,81 m²",Tak,,,2024
Opis nieruchomości,https://www.morizon.pl/oferta/sprzedaz-mieszkanie-wroclaw-fabryczna-stodolna-64m2-mzn2042572765,,"Najważniejsze atuty:
✅ Spokojna, kameralna architektura
✅ Mieszkania w najbardziej poszukiwanych metrażach
✅ Bliskość terenów zielonych","Maślice,",3,,,"64,57 m²",Tak,,,2024
Opis nieruchomości,https://www.morizon.pl/oferta/sprzedaz-mieszkanie-wroclaw-stare-miasto-braniborska-80-58m2-mzn2041858670,,"Najważniejsze atuty
✅ Doskonała lokalizacja w centrum Wrocławia
✅ Elegancka i nowoczesna forma budynku wpisująca się w najnowsze trendy architektury
✅ Zielony wewnętrzny dziedziniec","Stare Miasto,",3,,,"58,74 m²",Tak,,,2024
Opis nieruchomości,https://www.morizon.pl/oferta/sprzedaz-mieszkanie-wroclaw-psie-pole-zielna-69m2-mzn2041534211,,"Osiedle Zielna

Najważniejsze atuty
Kameralna inwestycja składająca się z jednego, 2-piętrowego budynku wielorodzinnego
Ogródki przynależne do mieszkań na parterze, balkony w przypadku mieszkań na 1 i 2 piętrze
Wysokość lokali – 250 cm","Psie Pole,",4,,,"69,51 m²",Tak,,,2023
Opis nieruchomości,https://www.morizon.pl/oferta/sprzedaz-mieszkanie-wroclaw-stare-miasto-michalczyka-5-41m2-mzn2041581882,,"Najważniejsze atuty
✅ Jedna z najlepszych wrocławskich inwestycji w sercu miasta","Stare Miasto,",2,,,"41,69 m²",Tak,,,2024
Opis nieruchomości,https://www.morizon.pl/oferta/sprzedaz-mieszkanie-wroclaw-stare-miasto-michalczyka-5-44m2-mzn2041581870,,"Najważniejsze atuty
✅ Jedna z najlepszych wrocławskich inwestycji w sercu miasta","Stare Miasto,",2,,,"44,01 m²",Tak,,,2024
Opis nieruchomości,https://www.morizon.pl/oferta/sprzedaz-mieszkanie-wroclaw-stare-miasto-braniborska-80-54m2-mzn2041858669,,"Najważniejsze atuty
✅ Doskonała lokalizacja w centrum Wrocławia
✅ Elegancka i nowoczesna forma budynku wpisująca się w najnowsze trendy architektury
✅ Zielony wewnętrzny dziedziniec","Stare Miasto,",3,,,"54,44 m²",Tak,,,2024
Opis nieruchomości,https://www.morizon.pl/oferta/sprzedaz-mieszkanie-wroclaw-krzyki-konduktorska-90m2-mzn2043091729,,"Murapol Osiedle Ferrovia

Najważniejsze atuty
✅ Kameralne osiedle z dala od zgiełku miasta, a jednocześnie blisko serca Wrocławia","Krzyki,",5,,,"90,10 m²",Tak,,,2025
Opis nieruchomości,https://www.morizon.pl/oferta/sprzedaz-mieszkanie-wroclaw-stare-miasto-michalczyka-5-50m2-mzn2041581857,,"Najważniejsze atuty
✅ Jedna z najlepszych wrocławskich inwestycji w sercu miasta","Stare Miasto,",2,,,"50,44 m²",Tak,,,2024
Opis nieruchomości,https://www.morizon.pl/oferta/sprzedaz-mieszkanie-wroclaw-psie-pole-zielna-55m2-mzn2042161246,,"Osiedle Zielna

Najważniejsze atuty
Kameralna inwestycja składająca się z jednego, 2-piętrowego budynku wielorodzinnego
Ogródki przynależne do mieszkań na parterze, balkony w przypadku mieszkań na 1 i 2 piętrze
Wysokość lokali – 250 cm","Psie Pole,",3,,,"55,41 m²",Tak,,,2023
Opis nieruchomości,https://www.morizon.pl/oferta/sprzedaz-mieszkanie-wroclaw-krzyki-beaty-artemskiej-83m2-mzn2041817506,,"Najważniejsze atuty
Mural podkreślający nowoczesny sznyt artystyczny osiedla
Każdy z budynków z zielonym dziedzińcem ze starannie zaplanowaną roślinnością i małą architekturą
Strefa coworking/playroom i plac zabaw ze ścieżką aktywności na osiedlu","Krzyki,",4,,,"83,16 m²",Tak,,,2022
Opis nieruchomości,https://www.morizon.pl/oferta/sprzedaz-mieszkanie-wroclaw-fabryczna-stodolna-53m2-mzn2042572823,,"Najważniejsze atuty:
✅ Spokojna, kameralna architektura
✅ Mieszkania w najbardziej poszukiwanych metrażach
✅ Bliskość terenów zielonych","Maślice,",3,,,"53,51 m²",Tak,,,2024
Opis nieruchomości,https://www.morizon.pl/oferta/sprzedaz-mieszkanie-wroclaw-fabryczna-stodolna-38m2-mzn2042572822,,"Najważniejsze atuty:
✅ Spokojna, kameralna architektura
✅ Mieszkania w najbardziej poszukiwanych metrażach
✅ Bliskość terenów zielonych","Maślice,",2,,,"38,15 m²",Tak,,,2024
Opis nieruchomości,https://www.morizon.pl/oferta/sprzedaz-mieszkanie-wroclaw-psie-pole-zielna-66m2-mzn2042161222,,"Osiedle Zielna

Najważniejsze atuty
Kameralna inwestycja składająca się z jednego, 2-piętrowego budynku wielorodzinnego
Ogródki przynależne do mieszkań na parterze, balkony w przypadku mieszkań na 1 i 2 piętrze
Wysokość lokali – 250 cm","Psie Pole,",3,,,"66,71 m²",Tak,,,2023
Opis nieruchomości,https://www.morizon.pl/oferta/sprzedaz-mieszkanie-wroclaw-stare-miasto-michalczyka-5-50m2-mzn2041581887,,"Najważniejsze atuty
✅ Jedna z najlepszych wrocławskich inwestycji w sercu miasta","Stare Miasto,",2,,,"50,46 m²",Tak,,,2024
Opis nieruchomości,https://www.morizon.pl/oferta/sprzedaz-mieszkanie-wroclaw-psie-pole-zielna-72m2-mzn2042161227,,"Osiedle Zielna

Najważniejsze atuty
Kameralna inwestycja składająca się z jednego, 2-piętrowego budynku wielorodzinnego
Ogródki przynależne do mieszkań na parterze, balkony w przypadku mieszkań na 1 i 2 piętrze
Wysokość lokali – 250 cm","Psie Pole,",4,,,"72,96 m²",Tak,,,2023
Opis nieruchomości,https://www.morizon.pl/oferta/sprzedaz-mieszkanie-wroclaw-krzyki-krakowska-98-61m2-mzn2043185947,,"Apartamenty nad Oławką to nowa inwestycja premium w ofercie Dom Development, zlokalizowana tuż nad malowniczą rzeką Oławą – w otoczeniu bulwarów, Parku na Niskich Łąkach i Lasu Rakowieckiego. Nowoczesna architektura, eleganckie wnętrza, wysoka jakość materiałów oraz doskonała lokalizacja sprawiają, że jest to wyjątkowe miejsce na mapie Wrocławia.","Krzyki,",3,,,"61,23 m²",Tak,,,2025
Opis nieruchomości,https://www.morizon.pl/oferta/sprzedaz-mieszkanie-wroclaw-stare-miasto-michalczyka-5-40m2-mzn2041581932,,"Najważniejsze atuty
✅ Jedna z najlepszych wrocławskich inwestycji w sercu miasta","Stare Miasto,",1,,,"40,22 m²",Tak,,,2024
Opis nieruchomości,https://www.morizon.pl/oferta/sprzedaz-mieszkanie-wroclaw-krzyki-beaty-artemskiej-83m2-mzn2041817493,,"Najważniejsze atuty
Mural podkreślający nowoczesny sznyt artystyczny osiedla
Każdy z budynków z zielonym dziedzińcem ze starannie zaplanowaną roślinnością i małą architekturą
Strefa coworking/playroom i plac zabaw ze ścieżką aktywności na osiedlu","Krzyki,",4,,,"83,16 m²",Tak,,,2022
Opis nieruchomości,https://www.morizon.pl/oferta/sprzedaz-mieszkanie-wroclaw-fabryczna-stodolna-58m2-mzn2042572824,,"Najważniejsze atuty:
✅ Spokojna, kameralna architektura
✅ Mieszkania w najbardziej poszukiwanych metrażach
✅ Bliskość terenów zielonych","Maślice,",3,,,"58,78 m²",Tak,,,2024
Opis nieruchomości,https://www.morizon.pl/oferta/sprzedaz-mieszkanie-wroclaw-stare-miasto-braniborska-80-31m2-mzn2043178313,,"Najważniejsze atuty
✅ Doskonała lokalizacja w centrum Wrocławia
✅ Elegancka i nowoczesna forma budynku wpisująca się w najnowsze trendy architektury
✅ Zielony wewnętrzny dziedziniec","Stare Miasto,",1,,,"31,57 m²",Tak,,,2024
Opis nieruchomości,https://www.morizon.pl/oferta/sprzedaz-mieszkanie-wroclaw-krzyki-krakowska-98-38m2-mzn2043185940,,"Apartamenty nad Oławką to nowa inwestycja premium w ofercie Dom Development, zlokalizowana tuż nad malowniczą rzeką Oławą – w otoczeniu bulwarów, Parku na Niskich Łąkach i Lasu Rakowieckiego. Nowoczesna architektura, eleganckie wnętrza, wysoka jakość materiałów oraz doskonała lokalizacja sprawiają, że jest to wyjątkowe miejsce na mapie Wrocławia.","Krzyki,",2,,,"38,42 m²",Tak,,,2025
Opis nieruchomości,https://www.morizon.pl/oferta/sprzedaz-mieszkanie-wroclaw-stare-miasto-michalczyka-5-64m2-mzn2041581854,,"Najważniejsze atuty
✅ Jedna z najlepszych wrocławskich inwestycji w sercu miasta","Stare Miasto,",3,,,"64,69 m²",Tak,,,2024
Opis nieruchomości,https://www.morizon.pl/oferta/sprzedaz-mieszkanie-wroclaw-psie-pole-zielna-50m2-mzn2042161230,,"Osiedle Zielna

Najważniejsze atuty
Kameralna inwestycja składająca się z jednego, 2-piętrowego budynku wielorodzinnego
Ogródki przynależne do mieszkań na parterze, balkony w przypadku mieszkań na 1 i 2 piętrze
Wysokość lokali – 250 cm","Psie Pole,",2,,,"50,20 m²",Tak,,,2023
Opis nieruchomości,https://www.morizon.pl/oferta/sprzedaz-mieszkanie-wroclaw-stare-miasto-braniborska-80-38m2-mzn2043178357,,"Najważniejsze atuty
✅ Doskonała lokalizacja w centrum Wrocławia
✅ Elegancka i nowoczesna forma budynku wpisująca się w najnowsze trendy architektury
✅ Zielony wewnętrzny dziedziniec","Stare Miasto,",2,,,"38,48 m²",Tak,,,2024
Opis nieruchomości,https://www.morizon.pl/oferta/sprzedaz-mieszkanie-wroclaw-krzyki-konduktorska-89m2-mzn2041497102,,"Murapol Osiedle Ferrovia

Najważniejsze atuty
✅ Kameralne osiedle z dala od zgiełku miasta, a jednocześnie blisko serca Wrocławia","Krzyki,",5,,,"89,36 m²",,,,2025
Opis nieruchomości,https://www.morizon.pl/oferta/sprzedaz-mieszkanie-wroclaw-krzyki-krakowska-98-71m2-mzn2043185928,,"Apartamenty nad Oławką to nowa inwestycja premium w ofercie Dom Development, zlokalizowana tuż nad malowniczą rzeką Oławą – w otoczeniu bulwarów, Parku na Niskich Łąkach i Lasu Rakowieckiego. Nowoczesna architektura, eleganckie wnętrza, wysoka jakość materiałów oraz doskonała lokalizacja sprawiają, że jest to wyjątkowe miejsce na mapie Wrocławia.","Krzyki,",4,,,"71,41 m²",Tak,,,2025
Opis nieruchomości,https://www.morizon.pl/oferta/sprzedaz-mieszkanie-wroclaw-stare-miasto-michalczyka-5-76m2-mzn2041581862,,"Najważniejsze atuty
✅ Jedna z najlepszych wrocławskich inwestycji w sercu miasta","Stare Miasto,",3,,,"76,52 m²",Tak,,,2024
Opis nieruchomości,https://www.morizon.pl/oferta/sprzedaz-mieszkanie-wroclaw-psie-pole-zielna-50m2-mzn2042161245,,"Osiedle Zielna

Najważniejsze atuty
Kameralna inwestycja składająca się z jednego, 2-piętrowego budynku wielorodzinnego
Ogródki przynależne do mieszkań na parterze, balkony w przypadku mieszkań na 1 i 2 piętrze
Wysokość lokali – 250 cm","Psie Pole,",2,,,"50,06 m²",Tak,,,2023
Opis nieruchomości,https://www.morizon.pl/oferta/sprzedaz-mieszkanie-wroclaw-krzyki-miedzyleska-6b-59m2-mzn2042224170,,"Najważniejsze atuty
✅ Przyjazna okolica","Tarnogaj,",3,,,"59,53 m²",Tak,,,2024
Opis nieruchomości,https://www.morizon.pl/oferta/sprzedaz-mieszkanie-wroclaw-fabryczna-stodolna-36m2-mzn2042572793,,"Najważniejsze atuty:
✅ Spokojna, kameralna architektura
✅ Mieszkania w najbardziej poszukiwanych metrażach
✅ Bliskość terenów zielonych","Maślice,",2,,,"36,03 m²",Tak,,,2024
Opis nieruchomości,https://www.morizon.pl/oferta/sprzedaz-mieszkanie-wroclaw-krzyki-krakowska-98-39m2-mzn2043185925,,"Apartamenty nad Oławką to nowa inwestycja premium w ofercie Dom Development, zlokalizowana tuż nad malowniczą rzeką Oławą – w otoczeniu bulwarów, Parku na Niskich Łąkach i Lasu Rakowieckiego. Nowoczesna architektura, eleganckie wnętrza, wysoka jakość materiałów oraz doskonała lokalizacja sprawiają, że jest to wyjątkowe miejsce na mapie Wrocławia.","Krzyki,",2,,,"39,48 m²",Tak,,,2025
Opis nieruchomości,https://www.morizon.pl/oferta/sprzedaz-mieszkanie-wroclaw-krzyki-miedzyleska-6b-59m2-mzn2042224173,,"Najważniejsze atuty
✅ Przyjazna okolica","Tarnogaj,",3,,,"59,10 m²",Tak,,,2024
Opis nieruchomości,https://www.morizon.pl/oferta/sprzedaz-mieszkanie-wroclaw-fabryczna-stodolna-39m2-mzn2042572796,,"Najważniejsze atuty:
✅ Spokojna, kameralna architektura
✅ Mieszkania w najbardziej poszukiwanych metrażach
✅ Bliskość terenów zielonych","Maślice,",2,,,"39,81 m²",Tak,,,2024
Opis nieruchomości,https://www.morizon.pl/oferta/sprzedaz-mieszkanie-wroclaw-psie-pole-zielna-69m2-mzn2041534211,,"Osiedle Zielna

Najważniejsze atuty
Kameralna inwestycja składająca się z jednego, 2-piętrowego budynku wielorodzinnego
Ogródki przynależne do mieszkań na parterze, balkony w przypadku mieszkań na 1 i 2 piętrze
Wysokość lokali – 250 cm","Psie Pole,",4,,,"69,51 m²",Tak,,,2023
Opis nieruchomości,https://www.morizon.pl/oferta/sprzedaz-mieszkanie-wroclaw-stare-miasto-michalczyka-5-41m2-mzn2041581882,,"Najważniejsze atuty
✅ Jedna z najlepszych wrocławskich inwestycji w sercu miasta","Stare Miasto,",2,,,"41,69 m²",Tak,,,2024
Opis nieruchomości,https://www.morizon.pl/oferta/sprzedaz-mieszkanie-wroclaw-stare-miasto-michalczyka-5-44m2-mzn2041581870,,"Najważniejsze atuty
✅ Jedna z najlepszych wrocławskich inwestycji w sercu miasta","Stare Miasto,",2,,,"44,01 m²",Tak,,,2024
Opis nieruchomości,https://www.morizon.pl/oferta/sprzedaz-mieszkanie-wroclaw-stare-miasto-michalczyka-5-50m2-mzn2041581857,,"Najważniejsze atuty
✅ Jedna z najlepszych wrocławskich inwestycji w sercu miasta","Stare Miasto,",2,,,"50,44 m²",Tak,,,2024
Opis nieruchomości,https://www.morizon.pl/oferta/sprzedaz-mieszkanie-wroclaw-psie-pole-zielna-55m2-mzn2042161246,,"Osiedle Zielna

Najważniejsze atuty
Kameralna inwestycja składająca się z jednego, 2-piętrowego budynku wielorodzinnego
Ogródki przynależne do mieszkań na parterze, balkony w przypadku mieszkań na 1 i 2 piętrze
Wysokość lokali – 250 cm","Psie Pole,",3,,,"55,41 m²",Tak,,,2023
Opis nieruchomości,https://www.morizon.pl/oferta/sprzedaz-mieszkanie-wroclaw-stare-miasto-michalczyka-5-50m2-mzn2041581887,,"Najważniejsze atuty
✅ Jedna z najlepszych wrocławskich inwestycji w sercu miasta","Stare Miasto,",2,,,"50,46 m²",Tak,,,2024
Opis nieruchomości,https://www.morizon.pl/oferta/sprzedaz-mieszkanie-wroclaw-krzyki-krakowska-98-61m2-mzn2043185947,,"Apartamenty nad Oławką to nowa inwestycja premium w ofercie Dom Development, zlokalizowana tuż nad malowniczą rzeką Oławą – w otoczeniu bulwarów, Parku na Niskich Łąkach i Lasu Rakowieckiego. Nowoczesna architektura, eleganckie wnętrza, wysoka jakość materiałów oraz doskonała lokalizacja sprawiają, że jest to wyjątkowe miejsce na mapie Wrocławia.","Krzyki,",3,,,"61,23 m²",Tak,,,2025
Opis nieruchomości,https://www.morizon.pl/oferta/sprzedaz-mieszkanie-wroclaw-stare-miasto-braniborska-80-31m2-mzn2043178313,,"Najważniejsze atuty
✅ Doskonała lokalizacja w centrum Wrocławia
✅ Elegancka i nowoczesna forma budynku wpisująca się w najnowsze trendy architektury
✅ Zielony wewnętrzny dziedziniec","Stare Miasto,",1,,,"31,57 m²",Tak,,,2024
Opis nieruchomości,https://www.morizon.pl/oferta/sprzedaz-mieszkanie-wroclaw-krzyki-krakowska-98-38m2-mzn2043185940,,"Apartamenty nad Oławką to nowa inwestycja premium w ofercie Dom Development, zlokalizowana tuż nad malowniczą rzeką Oławą – w otoczeniu bulwarów, Parku na Niskich Łąkach i Lasu Rakowieckiego. Nowoczesna architektura, eleganckie wnętrza, wysoka jakość materiałów oraz doskonała lokalizacja sprawiają, że jest to wyjątkowe miejsce na mapie Wrocławia.","Krzyki,",2,,,"38,42 m²",Tak,,,2025
Opis nieruchomości,https://www.morizon.pl/oferta/sprzedaz-mieszkanie-wroclaw-stare-miasto-michalczyka-5-64m2-mzn2041581854,,"Najważniejsze atuty
✅ Jedna z najlepszych wrocławskich inwestycji w sercu miasta","Stare Miasto,",3,,,"64,69 m²",Tak,,,2024
Opis nieruchomości,https://www.morizon.pl/oferta/sprzedaz-mieszkanie-wroclaw-psie-pole-zielna-50m2-mzn2042161230,,"Osiedle Zielna

Najważniejsze atuty
Kameralna inwestycja składająca się z jednego, 2-piętrowego budynku wielorodzinnego
Ogródki przynależne do mieszkań na parterze, balkony w przypadku mieszkań na 1 i 2 piętrze
Wysokość lokali – 250 cm","Psie Pole,",2,,,"50,20 m²",Tak,,,2023
Opis nieruchomości,https://www.morizon.pl/oferta/sprzedaz-mieszkanie-wroclaw-psie-pole-zielna-50m2-mzn2042161220,,"Osiedle Zielna

Najważniejsze atuty
Kameralna inwestycja składająca się z jednego, 2-piętrowego budynku wielorodzinnego
Ogródki przynależne do mieszkań na parterze, balkony w przypadku mieszkań na 1 i 2 piętrze
Wysokość lokali – 250 cm","Psie Pole,",2,,,"50,20 m²",Tak,,,2023
Opis nieruchomości,https://www.morizon.pl/oferta/sprzedaz-mieszkanie-wroclaw-stare-miasto-braniborska-80-38m2-mzn2043178357,,"Najważniejsze atuty
✅ Doskonała lokalizacja w centrum Wrocławia
✅ Elegancka i nowoczesna forma budynku wpisująca się w najnowsze trendy architektury
✅ Zielony wewnętrzny dziedziniec","Stare Miasto,",2,,,"38,48 m²",Tak,,,2024
Opis nieruchomości,https://www.morizon.pl/oferta/sprzedaz-mieszkanie-wroclaw-krzyki-miedzyleska-6b-38m2-mzn2042224104,,"Najważniejsze atuty
✅ Przyjazna okolica","Tarnogaj,",2,,,"38,86 m²",Tak,,,2024
Opis nieruchomości,https://www.morizon.pl/oferta/sprzedaz-mieszkanie-wroclaw-krzyki-krakowska-98-71m2-mzn2043185928,,"Apartamenty nad Oławką to nowa inwestycja premium w ofercie Dom Development, zlokalizowana tuż nad malowniczą rzeką Oławą – w otoczeniu bulwarów, Parku na Niskich Łąkach i Lasu Rakowieckiego. Nowoczesna architektura, eleganckie wnętrza, wysoka jakość materiałów oraz doskonała lokalizacja sprawiają, że jest to wyjątkowe miejsce na mapie Wrocławia.","Krzyki,",4,,,"71,41 m²",Tak,,,2025
Opis nieruchomości,https://www.morizon.pl/oferta/sprzedaz-mieszkanie-wroclaw-stare-miasto-michalczyka-5-76m2-mzn2041581862,,"Najważniejsze atuty
✅ Jedna z najlepszych wrocławskich inwestycji w sercu miasta","Stare Miasto,",3,,,"76,52 m²",Tak,,,2024
Opis nieruchomości,https://www.morizon.pl/oferta/sprzedaz-mieszkanie-wroclaw-psie-pole-zielna-50m2-mzn2042161245,,"Osiedle Zielna

Najważniejsze atuty
Kameralna inwestycja składająca się z jednego, 2-piętrowego budynku wielorodzinnego
Ogródki przynależne do mieszkań na parterze, balkony w przypadku mieszkań na 1 i 2 piętrze
Wysokość lokali – 250 cm","Psie Pole,",2,,,"50,06 m²",Tak,,,2023
Opis nieruchomości,https://www.morizon.pl/oferta/sprzedaz-mieszkanie-wroclaw-krzyki-miedzyleska-6b-59m2-mzn2042224170,,"Najważniejsze atuty
✅ Przyjazna okolica","Tarnogaj,",3,,,"59,53 m²",Tak,,,2024
Opis nieruchomości,https://www.morizon.pl/oferta/sprzedaz-mieszkanie-wroclaw-fabryczna-stodolna-36m2-mzn2042572793,,"Najważniejsze atuty:
✅ Spokojna, kameralna architektura
✅ Mieszkania w najbardziej poszukiwanych metrażach
✅ Bliskość terenów zielonych

Osiedle Harmonia w skrócie
Inwestycja składająca się z trzech niskich budynków utrzymanych w spokojnym stylu. Znajdą się w nich 173 mieszkania w najbardziej poszukiwanych metrażach: od 1- do 5-pokojowych. Przeważać będą wśród nich 2- i 3-pokojowe lokale z dużymi oknami, przestronnymi balkonami i przydomowymi ogródkami na parterze. W hali podziemnej zaplanowany został garaż, w którym znajdzie się 191 miejsc postojowych, komórki lokatorskie i boksy na rowery. Części wspólne zostaną obsadzone atrakcyjnie zaaranżowaną zielenią, z ogrodami kwiatowymi, krzakami i drzewami, zachęcającymi do wypoczynku i relaksu. Znajdzie się tu również plac zabaw dla dzieci.

Osiedle Harmonia – lokalizacja
Osiedle znajduje się w jednej z najbardziej zielonych części Wrocławia – Maślicach. To miejsce w bezpośredniej bliskości zieleni, a zarazem świetnie skomunikowane z centrum i otoczone pełną infrastrukturą miejską. Nieopodal znajduje się także stadion Tarczyński Arena.

Tereny zielone
W sąsiedztwie inwestycji znajdują się liczne tereny zielone i rekreacyjne, m.in. Park Maślicki (1,5 km), Park Stabłowicki (2,3 km), Las Pilczycki (5,3 km), Las Rędziński (13,5 km), liczne ścieżki rowerowe i trasy spacerowe wzdłuż Odry, jeziora i kąpieliska, m.in. Kąpielisko Glinianki (4,3 km) i Wake Park oraz Kąpielisko Królewieckie (350 m).

Sklepy, punkty usługowe i gastronomiczne
W odległości 240 metrów znajduje się Biedronka, 400 m – Rossman i Action, 350 m – Bricomarche. W pobliżu znajdują się także: KFC (270 m), pizzeria Ciasto Impasto (240 m) i przychodnia weterynaryjna (350 m). O 300 m oddalone jest centrum handlowe N-Park, a o 2,1 km - Pasaż Królewiecki.

Komunikacja i transport publiczny
Tuż obok inwestycji znajduje się przystanek autobusowy Brodzka, z którego kursują linie: 102, 103 i 245. Dzięki trasie A8 i bliskości mostu Rędzińskiego możliwy jest szybki dojazd do centrum oraz wyjazd poza miasto.

Edukacja
O 500 metrów oddalone jest Przedszkole Domino, a o 850 – Oddział Integracyjny. W odległości 650 metrów znajduje się Szkoła Podstawowa, a 900 m – Zespół Szkolno-Przedszkolny nr 12. O 4,2 km oddalone jest Liceum Ogólnokształcące nr VI im. Bolesława Prusa.

Rezerwacja i płatność
Wszystkie informacje dotyczące rezerwacji i płatności dostępne są u dewelopera. Prosimy o kontakt poprzez formularz.","Maślice,",2,,,"36,03 m²",Tak,,,2024
Opis nieruchomości,https://www.morizon.pl/oferta/sprzedaz-mieszkanie-wroclaw-krzyki-krakowska-98-39m2-mzn2043185925,,"Apartamenty nad Oławką to nowa inwestycja premium w ofercie Dom Development, zlokalizowana tuż nad malowniczą rzeką Oławą – w otoczeniu bulwarów, Parku na Niskich Łąkach i Lasu Rakowieckiego. Nowoczesna architektura, eleganckie wnętrza, wysoka jakość materiałów oraz doskonała lokalizacja sprawiają, że jest to wyjątkowe miejsce na mapie Wrocławia.","Krzyki,",2,,,"39,48 m²",Tak,,,2025
Opis nieruchomości,https://www.morizon.pl/oferta/sprzedaz-mieszkanie-wroclaw-krzyki-miedzyleska-6b-58m2-mzn2042224233,,"Najważniejsze atuty
✅ Przyjazna okolica","Tarnogaj,",3,,,"58,59 m²",Tak,,,2024
Opis nieruchomości,https://www.morizon.pl/oferta/sprzedaz-mieszkanie-wroclaw-krzyki-miedzyleska-6b-59m2-mzn2042224173,,"Najważniejsze atuty
✅ Przyjazna okolica","Tarnogaj,",3,,,"59,10 m²",Tak,,,2024
Opis nieruchomości,https://www.morizon.pl/oferta/sprzedaz-mieszkanie-wroclaw-krzyki-konduktorska-90m2-mzn2043091723,,"Murapol Osiedle Ferrovia

Najważniejsze atuty
✅ Kameralne osiedle z dala od zgiełku miasta, a jednocześnie blisko serca Wrocławia","Krzyki,",5,,,"90,10 m²",Tak,,,2025
Opis nieruchomości,https://www.morizon.pl/oferta/sprzedaz-mieszkanie-wroclaw-fabryczna-stodolna-39m2-mzn2042572796,,"Najważniejsze atuty:
✅ Spokojna, kameralna architektura
✅ Mieszkania w najbardziej poszukiwanych metrażach
✅ Bliskość terenów zielonych","Maślice,",2,,,"39,81 m²",Tak,,,2024
Opis nieruchomości,https://www.morizon.pl/oferta/sprzedaz-mieszkanie-wroclaw-fabryczna-stodolna-64m2-mzn2042572765,,"Najważniejsze atuty:
✅ Spokojna, kameralna architektura
✅ Mieszkania w najbardziej poszukiwanych metrażach
✅ Bliskość terenów zielonych","Maślice,",3,,,"64,57 m²",Tak,,,2024
Opis nieruchomości,https://www.morizon.pl/oferta/sprzedaz-mieszkanie-wroclaw-stare-miasto-braniborska-80-58m2-mzn2041858670,,"Najważniejsze atuty
✅ Doskonała lokalizacja w centrum Wrocławia
✅ Elegancka i nowoczesna forma budynku wpisująca się w najnowsze trendy architektury
✅ Zielony wewnętrzny dziedziniec","Stare Miasto,",3,,,"58,74 m²",Tak,,,2024
Opis nieruchomości,https://www.morizon.pl/oferta/sprzedaz-mieszkanie-wroclaw-psie-pole-zielna-69m2-mzn2041534211,,"Osiedle Zielna

Najważniejsze atuty
Kameralna inwestycja składająca się z jednego, 2-piętrowego budynku wielorodzinnego
Ogródki przynależne do mieszkań na parterze, balkony w przypadku mieszkań na 1 i 2 piętrze
Wysokość lokali – 250 cm","Psie Pole,",4,,,"69,51 m²",Tak,,,2023
Opis nieruchomości,https://www.morizon.pl/oferta/sprzedaz-mieszkanie-wroclaw-stare-miasto-michalczyka-5-41m2-mzn2041581882,,"Najważniejsze atuty
✅ Jedna z najlepszych wrocławskich inwestycji w sercu miasta","Stare Miasto,",2,,,"41,69 m²",Tak,,,2024
Opis nieruchomości,https://www.morizon.pl/oferta/sprzedaz-mieszkanie-wroclaw-stare-miasto-michalczyka-5-44m2-mzn2041581870,,"Najważniejsze atuty
✅ Jedna z najlepszych wrocławskich inwestycji w sercu miasta","Stare Miasto,",2,,,"44,01 m²",Tak,,,2024
Opis nieruchomości,https://www.morizon.pl/oferta/sprzedaz-mieszkanie-wroclaw-stare-miasto-braniborska-80-54m2-mzn2041858669,,"Najważniejsze atuty
✅ Doskonała lokalizacja w centrum Wrocławia
✅ Elegancka i nowoczesna forma budynku wpisująca się w najnowsze trendy architektury
✅ Zielony wewnętrzny dziedziniec","Stare Miasto,",3,,,"54,44 m²",Tak,,,2024
Opis nieruchomości,https://www.morizon.pl/oferta/sprzedaz-mieszkanie-wroclaw-krzyki-konduktorska-90m2-mzn2043091729,,"Murapol Osiedle Ferrovia

Najważniejsze atuty
✅ Kameralne osiedle z dala od zgiełku miasta, a jednocześnie blisko serca Wrocławia","Krzyki,",5,,,"90,10 m²",Tak,,,2025
Opis nieruchomości,https://www.morizon.pl/oferta/sprzedaz-mieszkanie-wroclaw-stare-miasto-michalczyka-5-50m2-mzn2041581857,,"Najważniejsze atuty
✅ Jedna z najlepszych wrocławskich inwestycji w sercu miasta","Stare Miasto,",2,,,"50,44 m²",Tak,,,2024
Opis nieruchomości,https://www.morizon.pl/oferta/sprzedaz-mieszkanie-wroclaw-psie-pole-zielna-55m2-mzn2042161246,,"Osiedle Zielna

Najważniejsze atuty
Kameralna inwestycja składająca się z jednego, 2-piętrowego budynku wielorodzinnego
Ogródki przynależne do mieszkań na parterze, balkony w przypadku mieszkań na 1 i 2 piętrze
Wysokość lokali – 250 cm","Psie Pole,",3,,,"55,41 m²",Tak,,,2023
Opis nieruchomości,https://www.morizon.pl/oferta/sprzedaz-mieszkanie-wroclaw-krzyki-beaty-artemskiej-83m2-mzn2041817506,,"Najważniejsze atuty
Mural podkreślający nowoczesny sznyt artystyczny osiedla
Każdy z budynków z zielonym dziedzińcem ze starannie zaplanowaną roślinnością i małą architekturą
Strefa coworking/playroom i plac zabaw ze ścieżką aktywności na osiedlu","Krzyki,",4,,,"83,16 m²",Tak,,,2022
Opis nieruchomości,https://www.morizon.pl/oferta/sprzedaz-mieszkanie-wroclaw-fabryczna-stodolna-53m2-mzn2042572823,,"Najważniejsze atuty:
✅ Spokojna, kameralna architektura
✅ Mieszkania w najbardziej poszukiwanych metrażach
✅ Bliskość terenów zielonych","Maślice,",3,,,"53,51 m²",Tak,,,2024
Opis nieruchomości,https://www.morizon.pl/oferta/sprzedaz-mieszkanie-wroclaw-fabryczna-stodolna-38m2-mzn2042572822,,"Najważniejsze atuty:
✅ Spokojna, kameralna architektura
✅ Mieszkania w najbardziej poszukiwanych metrażach
✅ Bliskość terenów zielonych","Maślice,",2,,,"38,15 m²",Tak,,,2024
Opis nieruchomości,https://www.morizon.pl/oferta/sprzedaz-mieszkanie-wroclaw-psie-pole-zielna-66m2-mzn2042161222,,"Osiedle Zielna

Najważniejsze atuty
Kameralna inwestycja składająca się z jednego, 2-piętrowego budynku wielorodzinnego
Ogródki przynależne do mieszkań na parterze, balkony w przypadku mieszkań na 1 i 2 piętrze
Wysokość lokali – 250 cm","Psie Pole,",3,,,"66,71 m²",Tak,,,2023
Opis nieruchomości,https://www.morizon.pl/oferta/sprzedaz-mieszkanie-wroclaw-stare-miasto-michalczyka-5-50m2-mzn2041581887,,"Najważniejsze atuty
✅ Jedna z najlepszych wrocławskich inwestycji w sercu miasta","Stare Miasto,",2,,,"50,46 m²",Tak,,,2024
Opis nieruchomości,https://www.morizon.pl/oferta/sprzedaz-mieszkanie-wroclaw-psie-pole-zielna-72m2-mzn2042161227,,"Osiedle Zielna

Najważniejsze atuty
Kameralna inwestycja składająca się z jednego, 2-piętrowego budynku wielorodzinnego
Ogródki przynależne do mieszkań na parterze, balkony w przypadku mieszkań na 1 i 2 piętrze
Wysokość lokali – 250 cm","Psie Pole,",4,,,"72,96 m²",Tak,,,2023
Opis nieruchomości,https://www.morizon.pl/oferta/sprzedaz-mieszkanie-wroclaw-krzyki-krakowska-98-61m2-mzn2043185947,,"Apartamenty nad Oławką to nowa inwestycja premium w ofercie Dom Development, zlokalizowana tuż nad malowniczą rzeką Oławą – w otoczeniu bulwarów, Parku na Niskich Łąkach i Lasu Rakowieckiego. Nowoczesna architektura, eleganckie wnętrza, wysoka jakość materiałów oraz doskonała lokalizacja sprawiają, że jest to wyjątkowe miejsce na mapie Wrocławia.","Krzyki,",3,,,"61,23 m²",Tak,,,2025
Opis nieruchomości,https://www.morizon.pl/oferta/sprzedaz-mieszkanie-wroclaw-stare-miasto-michalczyka-5-40m2-mzn2041581932,,"Najważniejsze atuty
✅ Jedna z najlepszych wrocławskich inwestycji w sercu miasta","Stare Miasto,",1,,,"40,22 m²",Tak,,,2024
Opis nieruchomości,https://www.morizon.pl/oferta/sprzedaz-mieszkanie-wroclaw-krzyki-beaty-artemskiej-83m2-mzn2041817493,,"Najważniejsze atuty
Mural podkreślający nowoczesny sznyt artystyczny osiedla
Każdy z budynków z zielonym dziedzińcem ze starannie zaplanowaną roślinnością i małą architekturą
Strefa coworking/playroom i plac zabaw ze ścieżką aktywności na osiedlu","Krzyki,",4,,,"83,16 m²",Tak,,,2022
Opis nieruchomości,https://www.morizon.pl/oferta/sprzedaz-mieszkanie-wroclaw-fabryczna-stodolna-58m2-mzn2042572824,,"Najważniejsze atuty:
✅ Spokojna, kameralna architektura
✅ Mieszkania w najbardziej poszukiwanych metrażach
✅ Bliskość terenów zielonych","Maślice,",3,,,"58,78 m²",Tak,,,2024
Opis nieruchomości,https://www.morizon.pl/oferta/sprzedaz-mieszkanie-wroclaw-stare-miasto-braniborska-80-31m2-mzn2043178313,,"Najważniejsze atuty
✅ Doskonała lokalizacja w centrum Wrocławia
✅ Elegancka i nowoczesna forma budynku wpisująca się w najnowsze trendy architektury
✅ Zielony wewnętrzny dziedziniec","Stare Miasto,",1,,,"31,57 m²",Tak,,,2024
Opis nieruchomości,https://www.morizon.pl/oferta/sprzedaz-mieszkanie-wroclaw-krzyki-krakowska-98-38m2-mzn2043185940,,"Apartamenty nad Oławką to nowa inwestycja premium w ofercie Dom Development, zlokalizowana tuż nad malowniczą rzeką Oławą – w otoczeniu bulwarów, Parku na Niskich Łąkach i Lasu Rakowieckiego. Nowoczesna architektura, eleganckie wnętrza, wysoka jakość materiałów oraz doskonała lokalizacja sprawiają, że jest to wyjątkowe miejsce na mapie Wrocławia.","Krzyki,",2,,,"38,42 m²",Tak,,,2025
Opis nieruchomości,https://www.morizon.pl/oferta/sprzedaz-mieszkanie-wroclaw-stare-miasto-michalczyka-5-64m2-mzn2041581854,,"Najważniejsze atuty
✅ Jedna z najlepszych wrocławskich inwestycji w sercu miasta","Stare Miasto,",3,,,"64,69 m²",Tak,,,2024
Opis nieruchomości,https://www.morizon.pl/oferta/sprzedaz-mieszkanie-wroclaw-psie-pole-zielna-50m2-mzn2042161230,,"Osiedle Zielna

Najważniejsze atuty
Kameralna inwestycja składająca się z jednego, 2-piętrowego budynku wielorodzinnego
Ogródki przynależne do mieszkań na parterze, balkony w przypadku mieszkań na 1 i 2 piętrze
Wysokość lokali – 250 cm","Psie Pole,",2,,,"50,20 m²",Tak,,,2023
Opis nieruchomości,https://www.morizon.pl/oferta/sprzedaz-mieszkanie-wroclaw-psie-pole-zielna-50m2-mzn2042161220,,"Osiedle Zielna

Najważniejsze atuty
Kameralna inwestycja składająca się z jednego, 2-piętrowego budynku wielorodzinnego
Ogródki przynależne do mieszkań na parterze, balkony w przypadku mieszkań na 1 i 2 piętrze
Wysokość lokali – 250 cm","Psie Pole,",2,,,"50,20 m²",Tak,,,2023
Opis nieruchomości,https://www.morizon.pl/oferta/sprzedaz-mieszkanie-wroclaw-stare-miasto-braniborska-80-38m2-mzn2043178357,,"Najważniejsze atuty
✅ Doskonała lokalizacja w centrum Wrocławia
✅ Elegancka i nowoczesna forma budynku wpisująca się w najnowsze trendy architektury
✅ Zielony wewnętrzny dziedziniec","Stare Miasto,",2,,,"38,48 m²",Tak,,,2024
Opis nieruchomości,https://www.morizon.pl/oferta/sprzedaz-mieszkanie-wroclaw-krzyki-krakowska-98-71m2-mzn2043185928,,"Apartamenty nad Oławką to nowa inwestycja premium w ofercie Dom Development, zlokalizowana tuż nad malowniczą rzeką Oławą – w otoczeniu bulwarów, Parku na Niskich Łąkach i Lasu Rakowieckiego. Nowoczesna architektura, eleganckie wnętrza, wysoka jakość materiałów oraz doskonała lokalizacja sprawiają, że jest to wyjątkowe miejsce na mapie Wrocławia.","Krzyki,",4,,,"71,41 m²",Tak,,,2025
Opis nieruchomości,https://www.morizon.pl/oferta/sprzedaz-mieszkanie-wroclaw-stare-miasto-michalczyka-5-76m2-mzn2041581862,,"Najważniejsze atuty
✅ Jedna z najlepszych wrocławskich inwestycji w sercu miasta","Stare Miasto,",3,,,"76,52 m²",Tak,,,2024
Opis nieruchomości,https://www.morizon.pl/oferta/sprzedaz-mieszkanie-wroclaw-psie-pole-zielna-50m2-mzn2042161245,,"Osiedle Zielna

Najważniejsze atuty
Kameralna inwestycja składająca się z jednego, 2-piętrowego budynku wielorodzinnego
Ogródki przynależne do mieszkań na parterze, balkony w przypadku mieszkań na 1 i 2 piętrze
Wysokość lokali – 250 cm","Psie Pole,",2,,,"50,06 m²",Tak,,,2023
Opis nieruchomości,https://www.morizon.pl/oferta/sprzedaz-mieszkanie-wroclaw-krzyki-miedzyleska-6b-59m2-mzn2042224170,,"Najważniejsze atuty
✅ Przyjazna okolica","Tarnogaj,",3,,,"59,53 m²",Tak,,,2024
Opis nieruchomości,https://www.morizon.pl/oferta/sprzedaz-mieszkanie-wroclaw-fabryczna-stodolna-36m2-mzn2042572793,,"Najważniejsze atuty:
✅ Spokojna, kameralna architektura
✅ Mieszkania w najbardziej poszukiwanych metrażach
✅ Bliskość terenów zielonych","Maślice,",2,,,"36,03 m²",Tak,,,2024
Opis nieruchomości,https://www.morizon.pl/oferta/sprzedaz-mieszkanie-wroclaw-krzyki-krakowska-98-39m2-mzn2043185925,,"Apartamenty nad Oławką to nowa inwestycja premium w ofercie Dom Development, zlokalizowana tuż nad malowniczą rzeką Oławą – w otoczeniu bulwarów, Parku na Niskich Łąkach i Lasu Rakowieckiego. Nowoczesna architektura, eleganckie wnętrza, wysoka jakość materiałów oraz doskonała lokalizacja sprawiają, że jest to wyjątkowe miejsce na mapie Wrocławia.","Krzyki,",2,,,"39,48 m²",Tak,,,2025
Opis nieruchomości,https://www.morizon.pl/oferta/sprzedaz-mieszkanie-wroclaw-krzyki-miedzyleska-6b-59m2-mzn2042224173,,"Najważniejsze atuty
✅ Przyjazna okolica","Tarnogaj,",3,,,"59,10 m²",Tak,,,2024
Opis nieruchomości,https://www.morizon.pl/oferta/sprzedaz-mieszkanie-wroclaw-krzyki-konduktorska-90m2-mzn2043091723,,"Murapol Osiedle Ferrovia

Najważniejsze atuty
✅ Kameralne osiedle z dala od zgiełku miasta, a jednocześnie blisko serca Wrocławia","Krzyki,",5,,,"90,10 m²",Tak,,,2025
Opis nieruchomości,https://www.morizon.pl/oferta/sprzedaz-mieszkanie-wroclaw-fabryczna-stodolna-39m2-mzn2042572796,,"Najważniejsze atuty:
✅ Spokojna, kameralna architektura
✅ Mieszkania w najbardziej poszukiwanych metrażach
✅ Bliskość terenów zielonych","Maślice,",2,,,"39,81 m²",Tak,,,2024
Opis nieruchomości,https://www.morizon.pl/oferta/sprzedaz-mieszkanie-wroclaw-psie-pole-zielna-69m2-mzn2041534211,,"Osiedle Zielna

Najważniejsze atuty
Kameralna inwestycja składająca się z jednego, 2-piętrowego budynku wielorodzinnego
Ogródki przynależne do mieszkań na parterze, balkony w przypadku mieszkań na 1 i 2 piętrze
Wysokość lokali – 250 cm","Psie Pole,",4,,,"69,51 m²",Tak,,,2023
Opis nieruchomości,https://www.morizon.pl/oferta/sprzedaz-mieszkanie-wroclaw-stare-miasto-michalczyka-5-41m2-mzn2041581882,,"Najważniejsze atuty
✅ Jedna z najlepszych wrocławskich inwestycji w sercu miasta","Stare Miasto,",2,,,"41,69 m²",Tak,,,2024
Opis nieruchomości,https://www.morizon.pl/oferta/sprzedaz-mieszkanie-wroclaw-stare-miasto-michalczyka-5-44m2-mzn2041581870,,"Najważniejsze atuty
✅ Jedna z najlepszych wrocławskich inwestycji w sercu miasta
✅ Lokalizacja łącząca charakter zabytkowego centrum z bliskością Odry
✅ System „inteligentny dom” w mieszkaniach

Apartamenty nad Rzeką w skrócie
Inwestycja Apartamenty nad Rzeką to jeden budynek mieszkalny liczący 6 pięter, w którym znalazły się 144 mieszkania o powierzchniach od 30 do 131 m kw. W zależności od piętra, lokale mają od 262 do 322 cm wysokości, a do dyspozycji mieszkańców oddane zostaną także miejsca postojowe podziemne i naziemne.
Apartamenty nad Rzeką – lokalizacja
Głównym atutem inwestycji jest jedna z najlepszych wrocławskich lokalizacji, w samym sercu Wrocławia, blisko centrum zabytkowego, a zarazem tuż nad Odrą. Szybko można stąd dostać się do centrów biznesowych i kulturalnych Wrocławia, wybrać się do jednej z tutejszych klimatycznych restauracji, galerii sztuki, kina czy teatru. Kilka kroków od inwestycji znajdują się najpiękniejsze miejsca Wrocławia, jak Rynek, Stare Miasto, Ostrów Tumski czy bulwary nad Odrą.
Tereny zielone
Na drugim brzegu Odry, naprzeciwko Apartamentów nad Rzeką, w odległości 1,3 km znajduje się Park Mieszczański, a o 2 km oddalony jest Park im. Stanisława Staszica. Mieszkańcy inwestycji z pewnością będą także korzystać z uroków bulwarów nad Odrą rozciągających się dosłownie pod ich oknami.
Sklepy, punkty usługowe i gastronomiczne
O 240 metrów od inwestycji oddalony jest sklep sieci Kaufland, o 500 metrów sklep spożywczy Fortuna, a o 700 metrów – sklep Przystanek. Najbliższa Biedronka znajduje się w odległości 900 metrów, a Lidl – 1,7 km. Tuż przy inwestycji mieści się Bistro no 5. oraz restauracja Gastrom. Bliskość Starego Miasta i Rynku we Wrocławiu powodują, że można również wybrać się do jednej ze znajdujących się tam licznych restauracji czy kawiarni.
Komunikacja i transport publiczny
Najbliższy przystanek autobusowy – Długa – z którego odjeżdżają linie 128 i C oddalony jest o 300 metrów od inwestycji. W odległości 750 metrów mieści się stacja kolei regionalnych – Wrocław Szczepin.
Edukacja
W promieniu niespełna 2 km od inwestycji znajdują się trzy przedszkola. O 1,1 km oddalone są dwie szkoły podstawowe: prywatna i Zespół Szkół nr 18. Do najbliższego Liceum Ogólnokształcącego nr III im. Adama Mickiewicza jest 1,6 km, a do budynków Uniwersytetu Wrocławskiego – 1,9 km.
Rezerwacja i płatność
Wszystkie informacje dotyczące rezerwacji i płatności znajdą Państwo u dewelopera, polecamy kontakt przez formularz.","Stare Miasto,",2,,,"44,01 m²",Tak,,,2024
Opis nieruchomości,https://www.morizon.pl/oferta/sprzedaz-mieszkanie-wroclaw-krzyki-konduktorska-90m2-mzn2043091729,,"Murapol Osiedle Ferrovia

Najważniejsze atuty
✅ Kameralne osiedle z dala od zgiełku miasta, a jednocześnie blisko serca Wrocławia","Krzyki,",5,,,"90,10 m²",Tak,,,2025
Opis nieruchomości,https://www.morizon.pl/oferta/sprzedaz-mieszkanie-wroclaw-stare-miasto-michalczyka-5-50m2-mzn2041581857,,"Najważniejsze atuty
✅ Jedna z najlepszych wrocławskich inwestycji w sercu miasta","Stare Miasto,",2,,,"50,44 m²",Tak,,,2024
Opis nieruchomości,https://www.morizon.pl/oferta/sprzedaz-mieszkanie-wroclaw-psie-pole-zielna-55m2-mzn2042161246,,"Osiedle Zielna

Najważniejsze atuty
Kameralna inwestycja składająca się z jednego, 2-piętrowego budynku wielorodzinnego
Ogródki przynależne do mieszkań na parterze, balkony w przypadku mieszkań na 1 i 2 piętrze
Wysokość lokali – 250 cm","Psie Pole,",3,,,"55,41 m²",Tak,,,2023
Opis nieruchomości,https://www.morizon.pl/oferta/sprzedaz-mieszkanie-wroclaw-krzyki-krakowska-98-61m2-mzn2043185944,,"Apartamenty nad Oławką to nowa inwestycja premium w ofercie Dom Development, zlokalizowana tuż nad malowniczą rzeką Oławą – w otoczeniu bulwarów, Parku na Niskich Łąkach i Lasu Rakowieckiego. Nowoczesna architektura, eleganckie wnętrza, wysoka jakość materiałów oraz doskonała lokalizacja sprawiają, że jest to wyjątkowe miejsce na mapie Wrocławia.","Krzyki,",3,,,"61,23 m²",Tak,,,2025
Opis nieruchomości,https://www.morizon.pl/oferta/sprzedaz-mieszkanie-wroclaw-psie-pole-zielna-66m2-mzn2042161222,,"Osiedle Zielna

Najważniejsze atuty
Kameralna inwestycja składająca się z jednego, 2-piętrowego budynku wielorodzinnego
Ogródki przynależne do mieszkań na parterze, balkony w przypadku mieszkań na 1 i 2 piętrze
Wysokość lokali – 250 cm","Psie Pole,",3,,,"66,71 m²",Tak,,,2023
Opis nieruchomości,https://www.morizon.pl/oferta/sprzedaz-mieszkanie-wroclaw-stare-miasto-michalczyka-5-50m2-mzn2041581887,,"Najważniejsze atuty
✅ Jedna z najlepszych wrocławskich inwestycji w sercu miasta","Stare Miasto,",2,,,"50,46 m²",Tak,,,2024
Opis nieruchomości,https://www.morizon.pl/oferta/sprzedaz-mieszkanie-wroclaw-krzyki-krakowska-98-61m2-mzn2043185947,,"Apartamenty nad Oławką to nowa inwestycja premium w ofercie Dom Development, zlokalizowana tuż nad malowniczą rzeką Oławą – w otoczeniu bulwarów, Parku na Niskich Łąkach i Lasu Rakowieckiego. Nowoczesna architektura, eleganckie wnętrza, wysoka jakość materiałów oraz doskonała lokalizacja sprawiają, że jest to wyjątkowe miejsce na mapie Wrocławia.","Krzyki,",3,,,"61,23 m²",Tak,,,2025
Opis nieruchomości,https://www.morizon.pl/oferta/sprzedaz-mieszkanie-wroclaw-stare-miasto-braniborska-80-31m2-mzn2043178313,,"Najważniejsze atuty
✅ Doskonała lokalizacja w centrum Wrocławia
✅ Elegancka i nowoczesna forma budynku wpisująca się w najnowsze trendy architektury
✅ Zielony wewnętrzny dziedziniec","Stare Miasto,",1,,,"31,57 m²",Tak,,,2024
Opis nieruchomości,https://www.morizon.pl/oferta/sprzedaz-mieszkanie-wroclaw-krzyki-krakowska-98-38m2-mzn2043185940,,"Apartamenty nad Oławką to nowa inwestycja premium w ofercie Dom Development, zlokalizowana tuż nad malowniczą rzeką Oławą – w otoczeniu bulwarów, Parku na Niskich Łąkach i Lasu Rakowieckiego. Nowoczesna architektura, eleganckie wnętrza, wysoka jakość materiałów oraz doskonała lokalizacja sprawiają, że jest to wyjątkowe miejsce na mapie Wrocławia.","Krzyki,",2,,,"38,42 m²",Tak,,,2025
