,Unnamed: 0,cena,ulica,pokoje,powierzchnia,piętro,liczba pięter,stan wykonczenia,balkon/ogrod/taras,miejsce parkingowe,rok budowy
0,82,970 151 zł,Ślężna,4,91.94,1,7,Do odświeżenia,True,True,1969
1,118,821 482 zł,Konduktorska,5,97.54,1,1,Do odświeżenia,True,False,1969
2,126,655 275 zł,Ślężna,3,59.93,5,7,Do odświeżenia,True,True,1969
3,139,878 386 zł,Walecznych,4,84.86,2,5,Do odświeżenia,True,True,1969
4,152,479 372 zł,Ślężna,2,41.0,3,7,Do odświeżenia,True,True,1969
5,202,416 983 zł,Kawalerzystów,1,34.07,1,3,Do odświeżenia,True,True,1969
6,227,980 299 zł,gen. Józefa Haukego-Bosaka,3,90.01,1,7,Do odświeżenia,True,True,1969
7,262,788 195 zł,Konduktorska,5,86.93,0,1,Do odświeżenia,True,False,1969
8,286,422 607 zł,Lawendowa / ul. Melisowa,2,42.21,1,2,Do odświeżenia,False,True,1969
9,308,882 126 zł,Ślężna,4,83.59,2,7,Do odświeżenia,True,True,1969
10,327,879 902 zł,Walecznych,4,84.99,1,5,Do odświeżenia,True,True,1969
11,374,810 444 zł,Konduktorska,5,89.76,0,1,Do odświeżenia,True,False,1969
12,385,808 529 zł,Konduktorska,5,89.35,0,1,Do odświeżenia,True,False,1969
13,389,808 619 zł,Konduktorska,5,89.36,0,1,Do odświeżenia,True,False,1969
14,390,823 255 zł,Konduktorska,5,97.89,1,1,Do odświeżenia,True,False,1969
15,391,569 342 zł,Ślężna,3,51.14,1,7,Do odświeżenia,True,True,1969
16,392,823 024 zł,Konduktorska,5,97.48,1,1,Do odświeżenia,True,False,1969
17,396,801 360 zł,Konduktorska,5,88.46,0,1,Do odświeżenia,True,False,1969
18,397,804 988 zł,Konduktorska,5,88.89,0,1,Do odświeżenia,True,False,1969
19,399,545 729 zł,Kurkowa,2,46.37,2,5,Do odświeżenia,True,False,1969
20,401,0.0,Konduktorska,5,96.6,1,1,Do odświeżenia,True,False,1969
21,404,0.0,Ślężna,2,41.0,4,7,Do odświeżenia,True,True,1969
22,405,822 831 zł,Konduktorska,5,96.17,1,1,Do odświeżenia,True,False,1969
23,414,826 510 zł,Konduktorska,5,96.6,1,1,Do odświeżenia,True,False,1969
24,415,784 564 zł,Konduktorska,5,86.52,0,1,Do odświeżenia,True,False,1969
25,416,788 282 zł,Konduktorska,5,86.93,0,1,Do odświeżenia,True,False,1969
26,418,805 077 zł,Konduktorska,5,88.89,0,1,Do odświeżenia,True,False,1969
27,425,1 035 117 zł,Kawalerzystów,4,103.99,1,3,Do odświeżenia,True,True,1969
28,427,823 255 zł,Konduktorska,5,97.89,1,1,Do odświeżenia,True,False,1969
29,452,502 049 zł,Kawalerzystów,2,45.62,3,3,Do odświeżenia,True,True,1969
30,530,931 164 zł,gen. Józefa Haukego-Bosaka,3,85.42,1,7,Do odświeżenia,True,True,1969
31,593,868 886 zł,Ślężna,3,80.03,6,7,Do odświeżenia,True,True,1969
32,651,810 533 zł,Konduktorska,5,89.76,0,1,Do odświeżenia,True,False,1969
33,826,485 856 zł,Ślężna,2,41.69,3,7,Do odświeżenia,True,True,1969
34,841,980 127 zł,gen. Józefa Haukego-Bosaka,3,90.11,3,7,Do odświeżenia,True,True,1969
35,848,655 147 zł,Ślężna,3,60.6,4,7,Do odświeżenia,True,True,1969
36,869,478 298 zł,Zamkowa,2,33.79,2,5,Do odświeżenia,True,False,1969
37,947,485 781 zł,Kawalerzystów,2,42.94,2,3,Do odświeżenia,True,True,1969
38,1317,415 492 zł,Bernardyńska,1,31.78,5,5,Do odświeżenia,True,True,1969
39,1371,551 743 zł,Lawendowa / ul. Melisowa,3,58.17,0,2,Do odświeżenia,False,True,1969
40,1378,573 054 zł,Opolska / ul. Turawska,3,56.27,0,3,Do odświeżenia,False,True,1969
41,1393,399 485 zł,Zamkowa,1,26.32,2,5,Do odświeżenia,True,False,1969
42,1445,993 277 zł,Władysława Reymonta,4,95.26,7,8,Do odświeżenia,True,True,1969
43,1477,600 728 zł,Władysława Reymonta,3,59.15,1,8,Do odświeżenia,False,True,1969
44,1479,479 346 zł,Władysława Reymonta,2,43.27,0,8,Do odświeżenia,True,True,1969
45,1565,627 341 zł,Romana Dmowskiego,2,52.37,6,6,Do odświeżenia,True,True,1969
46,1567,975 824 zł,Władysława Reymonta,4,93.73,6,8,Do odświeżenia,True,True,1969
47,1573,409 679 zł,Władysława Reymonta,1,34.54,3,8,Do odświeżenia,False,True,1969
48,1577,457 183 zł,Władysława Reymonta,2,39.26,0,8,Do odświeżenia,True,True,1969
49,1581,606 939 zł,Władysława Reymonta,3,59.15,0,8,Do odświeżenia,True,True,1969
50,1596,723 956 zł,Romana Dmowskiego,3,61.65,6,6,Do odświeżenia,True,True,1969
51,1637,895 809 zł,Romana Dmowskiego,4,77.66,4,6,Do odświeżenia,True,True,1969
52,1638,417 026 zł,Władysława Reymonta,2,34.88,0,8,Do odświeżenia,True,True,1969
53,1643,633 670 zł,Romana Dmowskiego,2,52.27,5,6,Do odświeżenia,True,True,1969
54,1646,410 213 zł,Władysława Reymonta,1,34.55,2,8,Do odświeżenia,False,True,1969
55,1651,911 752 zł,Romana Dmowskiego,3,78.96,4,6,Do odświeżenia,True,True,1969
56,1674,591 960 zł,Władysława Reymonta,3,56.87,0,8,Do odświeżenia,True,True,1969
57,1676,512 329 zł,Zamkowa,2,37.44,2,5,Do odświeżenia,True,False,1969
58,1684,473 049 zł,Opolska / ul. Turawska,2,44.14,0,3,Do odświeżenia,False,True,1969
59,1689,657 358 zł,Lawendowa / ul. Melisowa,4,72.5,0,2,Do odświeżenia,False,True,1969
60,1722,410 307 zł,Bernardyńska,1,29.86,3,5,Do odświeżenia,True,True,1969
61,1728,394 043 zł,Władysława Reymonta,2,33.06,2,8,Do odświeżenia,False,True,1969
62,1748,486 377 zł,Boiskowa,3,53.94,2,2,Do odświeżenia,True,True,1969
63,1752,692 655 zł,Władysława Reymonta,3,68.6,0,8,Do odświeżenia,True,True,1969
64,1755,856 593 zł,Romana Dmowskiego,3,73.66,6,6,Do odświeżenia,True,True,1969
65,1760,634 530 zł,Romana Dmowskiego,2,53.01,6,6,Do odświeżenia,True,True,1969
66,1768,1 559 677 zł,Romana Dmowskiego,4,138.11,5,6,Do odświeżenia,True,True,1969
67,1794,976 471 zł,Romana Dmowskiego,4,85.14,3,6,Do odświeżenia,True,True,1969
68,1795,663 635 zł,Władysława Reymonta,3,66.39,1,8,Do odświeżenia,False,True,1969
69,1806,786 925 zł,Romana Dmowskiego,3,67.27,0,6,Do odświeżenia,True,True,1969
70,1812,486 871 zł,Bernardyńska,1,38.5,4,5,Do odświeżenia,True,True,1969
71,1845,631 686 zł,Romana Dmowskiego,2,52.79,2,6,Do odświeżenia,False,True,1969
72,1883,664 601 zł,Ślężna,3,60.6,6,7,Do odświeżenia,True,True,1969
73,1884,567 199 zł,Bernardyńska,2,48.52,2,5,Do odświeżenia,True,True,1969
74,1910,532 979 zł,Romana Dmowskiego,2,42.56,2,6,Do odświeżenia,False,True,1969
75,1914,526 532 zł,Lawendowa / ul. Melisowa,3,54.91,0,2,Do odświeżenia,False,True,1969
76,1917,425 946 zł,Zamkowa,1,28.08,1,5,Do odświeżenia,True,False,1969
77,1918,537 217 zł,Władysława Reymonta,2,50.32,0,8,Do odświeżenia,True,True,1969
78,1920,898 259 zł,Romana Dmowskiego,4,77.94,1,6,Do odświeżenia,True,True,1969
79,1923,519 416 zł,Opolska / ul. Turawska,2,50.04,0,3,Do odświeżenia,False,True,1969
80,1931,587 304 zł,Władysława Reymonta,3,56.11,0,8,Do odświeżenia,True,True,1969
81,1932,982 319 zł,Romana Dmowskiego,3,85.33,5,6,Do odświeżenia,True,True,1969
82,1937,642 285 zł,Bernardyńska,2,56.08,4,5,Do odświeżenia,True,True,1969
83,1946,625 927 zł,Ślężna,3,57.53,7,7,Do odświeżenia,True,True,1969
84,1982,579 801 zł,Bernardyńska,2,49.7,4,5,Do odświeżenia,True,True,1969
85,1989,715 601 zł,Romana Dmowskiego,3,61.61,2,6,Do odświeżenia,False,True,1969
86,2014,633 573 zł,Romana Dmowskiego,2,52.93,6,6,Do odświeżenia,True,True,1969
87,2028,1 929 549 zł,Bernardyńska,4,186.16,4,5,Do odświeżenia,True,True,1969
88,2038,867 514 zł,Bernardyńska,1,79.53,4,5,Do odświeżenia,True,True,1969
89,2073,1 059 615 zł,Bernardyńska,4,99.86,2,5,Do odświeżenia,True,True,1969
90,2080,568 944 zł,Bernardyńska,3,51.21,5,5,Do odświeżenia,False,True,1969
91,2191,567 199 zł,Bernardyńska,2,48.52,1,5,Do odświeżenia,True,True,1969
92,2216,772 978 zł,Bernardyńska,3,69.82,4,5,Do odświeżenia,True,True,1969
93,2217,1 623 648 zł,Bernardyńska,4,153.29,5,5,Do odświeżenia,True,True,1969
94,2378,524 902 zł,Lawendowa / ul. Melisowa,3,54.74,0,2,Do odświeżenia,False,True,1969
95,2382,1 977 066 zł,Bernardyńska,4,194.44,4,5,Do odświeżenia,True,True,1969
96,2386,943 723 zł,gen. Władysława Sikorskiego,3,51.99,10,23,Do remontu,True,True,1969
97,2392,790 558 zł,Bernardyńska,3,72.23,4,5,Do odświeżenia,True,True,1969
98,2403,579 807 zł,Opolska / ul. Turawska,3,56.27,0,3,Do odświeżenia,True,True,1969
99,2415,521 406 zł,Zamkowa,2,38.12,1,5,Do odświeżenia,True,False,1969
100,2460,990 851 zł,Bazyliowa,4,140.01,3,3,Do odświeżenia,True,True,1969
101,2591,810 822 zł,Bernardyńska,3,74.36,1,5,Do odświeżenia,True,True,1969
102,2625,592 641 zł,Strachowicka,3,59.52,1,4,Do odświeżenia,True,True,1969
103,2626,502 657 zł,Kurkowa,2,40.4,2,5,Do odświeżenia,True,False,1969
104,2629,652 444 zł,Bernardyńska,3,57.81,1,5,Do odświeżenia,True,True,1969
105,2635,804 826 zł,Opolska / ul. Turawska,3,86.05,3,3,Do odświeżenia,False,True,1969
106,2638,989 690 zł,Bernardyńska,4,91.14,4,5,Do odświeżenia,True,True,1969
107,2642,712 699 zł,Bazyliowa,4,91.89,3,3,Do odświeżenia,True,True,1969
108,2655,526 354 zł,Lawendowa / ul. Melisowa,3,54.92,1,2,Do odświeżenia,False,True,1969
109,2679,943 695 zł,gen. Władysława Sikorskiego,3,52.02,10,23,Do remontu,True,True,1969
110,2806,465 926 zł,Kurkowa,2,38.74,5,5,Do odświeżenia,False,False,1969
111,2856,448 657 zł,Kurkowa,2,37.27,5,5,Do odświeżenia,False,False,1969
112,2860,495 822 zł,Kurkowa,2,43.36,5,5,Do odświeżenia,False,False,1969
113,2980,576 227 zł,Jodłowicka,3,63.01,1,4,Do odświeżenia,True,True,1969
114,2992,814 870 zł,Bazyliowa,4,113.92,3,3,Do odświeżenia,True,True,1969
115,2993,600 264 zł,Jodłowicka,4,65.84,0,4,Do odświeżenia,True,True,1969
116,2996,425 867 zł,Jodłowicka,2,39.95,4,4,Do odświeżenia,True,True,1969
117,3012,795 968 zł,gen. Władysława Sikorskiego,2,46.21,10,23,Do remontu,False,True,1969
118,3024,497 841 zł,Lawendowa / ul. Melisowa,3,51.67,0,2,Do odświeżenia,False,True,1969
119,3101,563 926 zł,Jodłowicka,3,60.3,4,4,Do odświeżenia,True,True,1969
120,3287,693 415 zł,Opolska / ul. Turawska,3,73.23,3,3,Do odświeżenia,False,True,1969
121,3296,563 745 zł,Jodłowicka,3,60.3,0,4,Do odświeżenia,True,True,1969
122,3309,756 851 zł,gen. Władysława Sikorskiego,2,44.71,10,23,Do remontu,True,True,1969
123,3311,526 437 zł,Lawendowa / ul. Melisowa,3,54.9,0,2,Do odświeżenia,False,True,1969
124,3324,570 901 zł,Gajowa,3,54.47,3,3,Do odświeżenia,False,True,1969
125,3376,552 074 zł,Jodłowicka,3,58.75,0,4,Do odświeżenia,True,True,1969
126,3387,666 967 zł,Gajowa,3,63.1,2,3,Do odświeżenia,True,True,1969
127,3439,0.0,Gajowa,3,63.44,2,3,Do odświeżenia,False,True,1969
128,3533,0.0,Gajowa,3,50.02,1,3,Do odświeżenia,True,True,1969
129,3548,0.0,Lawendowa / ul. Melisowa,3,51.91,2,2,Do odświeżenia,False,True,1969
130,3553,0.0,gen. Władysława Sikorskiego,3,56.47,10,23,Do remontu,True,True,1969
131,3554,0.0,Wojciecha z Brudzewa,2,41.63,1,3,Do odświeżenia,True,True,1969
132,3560,0.0,Opolska / ul. Turawska,3,86.05,3,3,Do odświeżenia,False,True,1969
133,3569,0.0,Wojciecha z Brudzewa,4,106.73,0,3,Do odświeżenia,True,True,1969
134,3573,0.0,Gajowa,3,63.38,0,3,Do odświeżenia,True,True,1969
135,3583,0.0,Wojciecha z Brudzewa,3,78.11,3,3,Do odświeżenia,True,True,1969
136,3603,0.0,Gajowa,3,54.89,1,3,Do odświeżenia,False,True,1969
137,3621,0.0,Gajowa,2,69.1,3,3,Do odświeżenia,True,True,1969
138,3636,0.0,Wojciecha z Brudzewa,3,64.95,3,3,Do odświeżenia,True,True,1969
139,3637,0.0,Gajowa,3,54.71,1,3,Do odświeżenia,False,True,1969
140,3649,0.0,Gajowa,2,91.33,3,3,Do odświeżenia,True,True,1969
141,3651,0.0,Wojciecha z Brudzewa,2,41.63,2,3,Do odświeżenia,True,True,1969
142,3659,0.0,Wojciecha z Brudzewa,4,92.13,1,3,Do odświeżenia,True,True,1969
143,3686,0.0,Gajowa,3,54.71,1,3,Do odświeżenia,False,True,1969
144,3697,0.0,Gajowa,2,73.1,3,3,Do odświeżenia,True,True,1969
145,3705,0.0,Wojciecha z Brudzewa,2,41.63,2,3,Do odświeżenia,True,True,1969
146,3708,0.0,gen. Władysława Sikorskiego,4,71.8,10,23,Do remontu,True,True,1969
147,3712,0.0,Gajowa,3,63.4,1,3,Do odświeżenia,True,True,1969
148,3715,0.0,Gajowa,3,63.28,1,3,Do odświeżenia,True,True,1969
149,3721,0.0,Gajowa,2,69.1,3,3,Do odświeżenia,True,True,1969
150,3722,0.0,Gajowa,2,48.77,2,3,Do odświeżenia,True,True,1969
151,3726,0.0,Wojciecha z Brudzewa,4,92.13,3,3,Do odświeżenia,True,True,1969
152,3729,0.0,Wojciecha z Brudzewa,3,55.68,3,3,Do odświeżenia,True,True,1969
153,3745,0.0,Wojciecha z Brudzewa,2,41.63,3,3,Do odświeżenia,True,True,1969
154,3747,0.0,Rudzka,2,39.21,2,2,Do odświeżenia,True,True,1969
155,3751,0.0,Rudzka,3,59.07,2,2,Do odświeżenia,True,True,1969
156,3760,0.0,Wojciecha z Brudzewa,3,74.46,1,3,Do odświeżenia,True,True,1969
157,3769,0.0,Gajowa,2,47.81,3,3,Do odświeżenia,True,True,1969
158,3773,0.0,Gajowa,3,54.89,1,3,Do odświeżenia,False,True,1969
159,3777,0.0,Wojciecha z Brudzewa,4,108.72,1,3,Do odświeżenia,True,True,1969
160,3785,0.0,Gajowa,3,58.34,1,3,Do odświeżenia,True,True,1969
161,3809,0.0,Gajowa,2,47.94,1,3,Do odświeżenia,True,True,1969
162,3819,0.0,Gajowa,3,54.89,0,3,Do odświeżenia,True,True,1969
163,3825,0.0,Gajowa,2,39.92,1,3,Do odświeżenia,True,True,1969
164,3828,0.0,Gajowa,4,95.56,3,3,Do odświeżenia,True,True,1969
165,3831,0.0,Rudzka,2,39.17,2,2,Do odświeżenia,True,True,1969
166,3832,0.0,Jedności Narodowej,3,63.4,5,7,Do odświeżenia,False,True,1969
167,3835,0.0,Gajowa,2,37.32,2,3,Do odświeżenia,True,True,1969
168,3836,0.0,Jedności Narodowej,4,99.3,7,7,Do odświeżenia,True,True,1969
169,3837,0.0,gen. Władysława Sikorskiego,2,41.68,10,23,Do remontu,True,True,1969
170,3844,0.0,Rudzka,3,54.87,2,2,Do odświeżenia,True,True,1969
171,3851,0.0,Jedności Narodowej,2,45.5,3,7,Do odświeżenia,False,True,1969
172,3854,0.0,Gajowa,3,50.51,1,3,Do odświeżenia,True,True,1969
173,3923,0.0,Rudzka,3,69.58,1,2,Do odświeżenia,True,True,1969
174,3924,0.0,Rudzka,2,41.84,1,2,Do odświeżenia,True,True,1969
175,3939,0.0,Rudzka,3,61.19,0,2,Do odświeżenia,True,True,1969
176,3946,0.0,Rudzka,2,47.2,1,2,Do odświeżenia,True,True,1969
177,3957,0.0,Rudzka,2,39.27,2,2,Do odświeżenia,True,True,1969
178,3958,0.0,Rudzka,3,61.17,0,2,Do odświeżenia,True,True,1969
179,3963,0.0,Jedności Narodowej,4,86.5,3,7,Do odświeżenia,False,True,1969
180,4033,0.0,Rudzka,2,39.18,2,2,Do odświeżenia,True,True,1969
181,4034,0.0,Rudzka,3,65.05,1,2,Do odświeżenia,True,True,1969
182,4039,0.0,Lawendowa / ul. Melisowa,2,42.2,0,2,Do odświeżenia,False,True,1969
183,4047,0.0,Lawendowa / ul. Melisowa,3,51.62,1,2,Do odświeżenia,False,True,1969
184,4056,0.0,Zamkowa,2,37.44,6,6,Do odświeżenia,True,False,1969
185,4075,0.0,Zamkowa,3,59.07,5,5,Do odświeżenia,True,False,1969
186,4093,0.0,Rudzka,2,41.8,1,2,Do odświeżenia,True,True,1969
187,4096,0.0,Jedności Narodowej,4,71.3,2,7,Do odświeżenia,False,True,1969
188,4097,0.0,Popowicka,2,38.89,1,10,Do odświeżenia,True,True,1969
189,4100,0.0,Jedności Narodowej,3,63.4,4,7,Do odświeżenia,False,True,1969
190,4102,0.0,Rudzka,3,64.93,2,2,Do odświeżenia,True,True,1969
191,4107,0.0,Rudzka,3,60.48,1,2,Do odświeżenia,True,True,1969
192,4108,0.0,Popowicka,5,99.34,4,8,Do odświeżenia,True,True,1969
193,4109,0.0,gen. Władysława Sikorskiego,3,51.99,10,23,Do remontu,True,True,1969
194,4126,0.0,Popowicka,1,27.51,1,10,Do odświeżenia,True,True,1969
195,4154,0.0,Rudzka,2,43.89,2,2,Do odświeżenia,True,True,1969
196,4179,0.0,Rudzka,2,47.2,0,2,Do odświeżenia,True,True,1969
197,4182,0.0,Rudzka,3,69.03,1,2,Do odświeżenia,True,True,1969
198,4210,0.0,Jedności Narodowej,3,100.1,7,7,Do odświeżenia,False,True,1969
199,4212,0.0,Popowicka,2,40.76,0,10,Do odświeżenia,True,True,1969
200,4218,0.0,Popowicka,1,27.41,8,10,Do odświeżenia,False,True,1969
201,4221,0.0,Jedności Narodowej,2,53.0,4,7,Do odświeżenia,False,True,1969
202,4225,0.0,Rudzka,3,63.02,2,2,Do odświeżenia,True,True,1969
203,4229,0.0,Jedności Narodowej,4,110.2,6,7,Do odświeżenia,False,True,1969
204,4232,0.0,Popowicka,3,56.38,1,10,Do odświeżenia,True,True,1969
205,4238,0.0,Rudzka,2,42.08,0,2,Do odświeżenia,True,True,1969
206,4265,0.0,Rudzka,2,47.2,0,2,Do odświeżenia,True,True,1969
207,4268,0.0,Rudzka,3,69.69,1,2,Do odświeżenia,True,True,1969
208,4327,0.0,Gajowa,3,47.91,0,2,Do odświeżenia,True,True,1969
209,4330,0.0,Popowicka,1,27.51,3,10,Do odświeżenia,True,True,1969
210,4344,0.0,Popowicka,2,42.13,0,10,Do odświeżenia,True,True,1969
211,4350,0.0,Rudzka,3,64.93,1,2,Do odświeżenia,True,True,1969
212,4351,0.0,Popowicka,3,56.16,10,10,Do odświeżenia,False,True,1969
213,4353,0.0,Rudzka,2,42.07,0,2,Do odświeżenia,True,True,1969
214,4359,0.0,Gajowa,2,43.17,0,2,Do odświeżenia,True,True,1969
215,4372,0.0,Rudzka,3,59.95,2,2,Do odświeżenia,True,True,1969
216,4385,0.0,Rudzka,2,41.85,1,2,Do odświeżenia,True,True,1969
217,4404,0.0,Rudzka,3,60.22,2,2,Do odświeżenia,True,True,1969
218,4411,0.0,Rudzka,3,69.0,1,2,Do odświeżenia,True,True,1969
219,4417,0.0,Popowicka,1,27.51,1,10,Do odświeżenia,True,True,1969
220,4421,0.0,Popowicka,2,40.28,0,10,Do odświeżenia,True,True,1969
221,4431,0.0,Rudzka,2,41.85,1,2,Do odświeżenia,True,True,1969
222,4433,0.0,Popowicka,3,62.35,1,10,Do odświeżenia,True,True,1969
223,4436,0.0,Jedności Narodowej,4,74.3,3,7,Do odświeżenia,True,True,1969
224,4458,0.0,Gajowa,2,43.19,0,2,Do odświeżenia,True,True,1969
225,4468,0.0,Gajowa,3,47.8,1,2,Do odświeżenia,True,True,1969
226,4508,0.0,Zamkowa,2,37.44,5,5,Do odświeżenia,True,False,1969
227,4513,0.0,Rudzka,2,41.85,1,2,Do odświeżenia,True,True,1969
228,4519,0.0,Rudzka,3,65.27,0,2,Do odświeżenia,True,True,1969
229,4525,0.0,Zamkowa,2,55.19,4,5,Do odświeżenia,True,False,1969
230,4531,0.0,Zamkowa,4,75.13,4,5,Do odświeżenia,True,False,1969
231,4536,0.0,Popowicka,2,38.89,2,10,Do odświeżenia,True,True,1969
232,4540,0.0,Zamkowa,4,69.6,4,5,Do odświeżenia,True,False,1969
233,4542,0.0,Zamkowa,4,82.92,4,5,Do odświeżenia,False,False,1969
234,4544,0.0,Popowicka,3,56.38,1,10,Do odświeżenia,True,True,1969
235,4552,0.0,Zamkowa,2,37.44,4,5,Do odświeżenia,True,False,1969
236,4553,0.0,Zamkowa,3,59.07,4,5,Do odświeżenia,True,False,1969
237,4568,0.0,Zamkowa,2,28.19,3,5,Do odświeżenia,True,False,1969
238,4578,0.0,Rudzka,3,65.05,2,2,Do odświeżenia,True,True,1969
239,4581,0.0,Zamkowa,2,35.43,3,5,Do odświeżenia,True,False,1969
240,4587,0.0,Zamkowa,2,38.12,3,5,Do odświeżenia,True,False,1969
241,4629,0.0,Rudzka,2,47.2,1,2,Do odświeżenia,True,True,1969
242,4642,0.0,Gajowa,3,47.79,0,2,Do odświeżenia,True,True,1969
243,4657,0.0,Gajowa,2,42.05,1,2,Do odświeżenia,True,True,1969
244,4718,0.0,Gajowa,2,42.27,0,2,Do odświeżenia,True,True,1969
245,4725,0.0,Popowicka,1,27.5,1,10,Do odświeżenia,True,True,1969
246,4730,0.0,Gajowa,3,51.62,0,2,Do odświeżenia,True,True,1969
247,4737,0.0,Rudzka,2,47.17,0,2,Do odświeżenia,True,True,1969
248,4740,0.0,Rudzka,3,60.8,0,2,Do odświeżenia,True,True,1969
249,4786,0.0,Gajowa,2,42.94,0,2,Do odświeżenia,True,True,1969
250,4792,0.0,Gajowa,3,55.98,0,2,Do odświeżenia,True,True,1969
251,4797,0.0,Rudzka,3,63.16,0,2,Do odświeżenia,True,True,1969
252,4798,0.0,Rudzka,3,60.97,1,2,Do odświeżenia,True,True,1969
253,4799,0.0,Rudzka,3,61.19,0,2,Do odświeżenia,True,True,1969
254,4801,0.0,Rudzka,3,69.2,0,2,Do odświeżenia,True,True,1969
255,4812,0.0,Rudzka,3,63.06,2,2,Do odświeżenia,True,True,1969
256,4813,0.0,Rudzka,3,62.93,1,2,Do odświeżenia,True,True,1969
257,4814,0.0,Rudzka,3,71.14,0,2,Do odświeżenia,True,True,1969
258,4820,0.0,Rudzka,3,63.83,1,2,Do odświeżenia,True,True,1969
259,4823,0.0,Rudzka,2,43.92,2,2,Do odświeżenia,True,True,1969
260,4826,0.0,Rudzka,3,56.88,2,2,Do odświeżenia,True,True,1969
261,4830,0.0,Rudzka,3,54.79,2,2,Do odświeżenia,True,True,1969
262,4833,0.0,Rudzka,3,69.58,0,2,Do odświeżenia,True,True,1969
263,4834,0.0,Rudzka,3,60.98,1,2,Do odświeżenia,True,True,1969
264,4835,0.0,Rudzka,3,60.83,1,2,Do odświeżenia,True,True,1969
265,4836,0.0,Rudzka,3,60.99,1,2,Do odświeżenia,True,True,1969
266,4837,0.0,Rudzka,2,47.17,1,2,Do odświeżenia,True,True,1969
267,4838,0.0,Rudzka,2,42.07,0,2,Do odświeżenia,True,True,1969
268,4839,0.0,Rudzka,3,54.63,2,2,Do odświeżenia,True,True,1969
269,4840,0.0,Rudzka,2,41.86,1,2,Do odświeżenia,True,True,1969
270,4841,0.0,Rudzka,3,65.25,0,2,Do odświeżenia,True,True,1969
271,4842,0.0,Rudzka,2,47.2,0,2,Do odświeżenia,True,True,1969
272,4843,0.0,Rudzka,3,61.15,0,2,Do odświeżenia,True,True,1969
273,4844,0.0,Rudzka,3,60.86,1,2,Do odświeżenia,True,True,1969
274,4845,0.0,Rudzka,3,57.32,2,2,Do odświeżenia,True,True,1969
275,4846,0.0,Rudzka,3,61.9,0,2,Do odświeżenia,True,True,1969
276,4847,0.0,Rudzka,3,69.03,0,2,Do odświeżenia,True,True,1969
277,4848,0.0,Rudzka,3,69.2,1,2,Do odświeżenia,True,True,1969
278,4849,0.0,Rudzka,3,71.03,2,2,Do odświeżenia,True,True,1969
279,4850,0.0,Rudzka,3,61.14,0,2,Do odświeżenia,True,True,1969
280,4851,0.0,Rudzka,2,39.2,2,2,Do odświeżenia,True,True,1969
281,4852,0.0,Rudzka,3,66.75,2,2,Do odświeżenia,True,True,1969
282,4853,0.0,Rudzka,3,71.03,1,2,Do odświeżenia,True,True,1969
283,4854,0.0,Rudzka,3,68.98,0,2,Do odświeżenia,True,True,1969
284,4855,0.0,Rudzka,3,68.98,1,2,Do odświeżenia,True,True,1969
285,4856,0.0,Rudzka,2,42.07,0,2,Do odświeżenia,True,True,1969
286,4858,0.0,Rudzka,3,60.84,1,2,Do odświeżenia,True,True,1969
287,4859,0.0,Rudzka,3,61.7,1,2,Do odświeżenia,True,True,1969
288,4860,0.0,Rudzka,3,61.18,0,2,Do odświeżenia,True,True,1969
289,4861,0.0,Rudzka,3,54.72,2,2,Do odświeżenia,True,True,1969
290,4862,0.0,Rudzka,2,39.18,2,2,Do odświeżenia,True,True,1969
291,4864,0.0,Rudzka,3,66.63,2,2,Do odświeżenia,True,True,1969
292,4866,0.0,Rudzka,3,64.0,0,2,Do odświeżenia,True,True,1969
293,4867,0.0,Rudzka,2,43.92,2,2,Do odświeżenia,True,True,1969
294,4868,0.0,Rudzka,2,47.2,1,2,Do odświeżenia,True,True,1969
295,4869,0.0,Rudzka,3,64.09,2,2,Do odświeżenia,True,True,1969
296,4870,0.0,Rudzka,3,69.73,0,2,Do odświeżenia,True,True,1969
297,4871,0.0,Rudzka,3,64.14,2,2,Do odświeżenia,True,True,1969
298,4876,0.0,Rudzka,3,66.47,2,2,Do odświeżenia,True,True,1969
299,4882,0.0,Rudzka,3,71.14,1,2,Do odświeżenia,True,True,1969
300,4885,0.0,Rudzka,3,71.14,2,2,Do odświeżenia,True,True,1969
301,4888,0.0,Gajowa,3,49.08,0,2,Do odświeżenia,True,True,1969
302,4902,0.0,Rudzka,3,69.0,0,2,Do odświeżenia,True,True,1969
303,4910,0.0,Rudzka,3,71.03,0,2,Do odświeżenia,True,True,1969
304,4951,0.0,Bernardyńska,2,46.19,4,5,Do odświeżenia,True,True,1969
305,4962,0.0,Bernardyńska,5,241.31,5,5,Do odświeżenia,True,True,1969
306,4966,0.0,Gajowa,2,42.94,2,2,Do odświeżenia,True,True,1969
307,4967,0.0,Bernardyńska,3,65.29,4,5,Do odświeżenia,True,True,1969
308,4985,0.0,Bernardyńska,4,98.78,4,5,Do odświeżenia,True,True,1969
309,5030,0.0,Bernardyńska,4,193.78,3,5,Do odświeżenia,True,True,1969
310,5112,0.0,Bernardyńska,4,91.27,5,5,Do odświeżenia,True,True,1969
311,5123,0.0,Bernardyńska,2,47.28,4,5,Do odświeżenia,True,True,1969
312,5150,0.0,Bernardyńska,1,34.62,4,5,Do odświeżenia,True,True,1969
313,5195,0.0,Bernardyńska,1,33.08,4,5,Do odświeżenia,True,True,1969
314,5294,0.0,Jedności Narodowej,4,74.3,2,7,Do odświeżenia,True,True,1969
315,5373,0.0,Nyska,2,37.46,1,4,Do odświeżenia,True,True,1969
316,5393,0.0,Strachowicka,3,59.11,1,5,Do odświeżenia,True,True,1969
317,5399,0.0,Nyska,3,54.77,1,4,Do odświeżenia,True,True,1969
318,5407,0.0,Strachowicka,4,72.96,1,4,Do odświeżenia,True,True,1969
319,5408,0.0,Nyska,2,37.45,1,4,Do odświeżenia,True,True,1969
320,5410,0.0,Nyska,3,51.33,4,4,Do odświeżenia,True,True,1969
321,5419,0.0,Nyska,2,41.86,1,4,Do odświeżenia,True,True,1969
322,5453,0.0,Nyska,3,51.39,1,4,Do odświeżenia,True,True,1969
323,5482,0.0,Jedności Narodowej,4,86.5,4,7,Do odświeżenia,False,True,1969
324,5537,0.0,Nyska,3,54.73,1,4,Do odświeżenia,True,True,1969
325,5542,0.0,Strachowicka,4,73.07,2,4,Do odświeżenia,True,True,1969
326,5551,0.0,Nyska,2,37.39,1,4,Do odświeżenia,True,True,1969
327,5561,0.0,Strachowicka,3,64.73,1,5,Do odświeżenia,True,True,1969
328,5597,0.0,Kurkowa,2,45.22,1,5,Do odświeżenia,True,False,1969
329,5604,0.0,Nyska,3,68.61,1,4,Do odświeżenia,True,True,1969
330,5608,0.0,Nyska,2,41.89,1,4,Do odświeżenia,True,True,1969
331,5622,0.0,Gajowa,2,50.33,0,3,Do odświeżenia,True,True,1969
332,5640,0.0,Strachowicka,4,71.69,1,5,Do odświeżenia,True,True,1969
333,5641,0.0,Strachowicka,3,59.78,1,4,Do odświeżenia,True,True,1969
334,5650,0.0,Gajowa,3,48.76,3,3,Do odświeżenia,True,True,1969
335,5662,0.0,Jodłowicka,3,63.01,3,4,Do odświeżenia,True,True,1969
336,5665,0.0,Nyska,2,37.43,4,4,Do odświeżenia,True,True,1969
337,5685,0.0,Nyska,3,58.57,2,4,Do odświeżenia,True,True,1969
338,5696,0.0,Kurkowa,1,35.51,1,5,Do odświeżenia,False,False,1969
339,5698,0.0,Strachowicka,4,72.96,1,4,Do odświeżenia,True,True,1969
340,5713,0.0,Orawska,2,48.67,0,2,Do odświeżenia,True,True,1969
341,5715,0.0,Strachowicka,3,63.79,0,5,Do odświeżenia,True,True,1969
342,5718,0.0,Jedności Narodowej,4,71.3,5,7,Do odświeżenia,False,True,1969
343,5722,0.0,Gajowa,3,54.63,1,3,Do odświeżenia,True,True,1969
344,5723,0.0,Boiskowa,3,51.47,0,2,Do odświeżenia,True,True,1969
345,5726,0.0,Gajowa,2,34.95,2,3,Do odświeżenia,True,True,1969
346,5728,0.0,Orawska,4,66.35,0,2,Do odświeżenia,False,True,1969
347,5772,0.0,Orawska,4,71.34,0,2,Do odświeżenia,True,True,1969
348,5775,0.0,Gajowa,4,70.21,2,3,Do odświeżenia,True,True,1969
349,5778,0.0,Gajowa,2,46.48,0,3,Do odświeżenia,True,True,1969
350,5801,0.0,Orawska,3,56.13,0,2,Do odświeżenia,False,True,1969
351,5844,0.0,Gajowa,3,50.26,3,3,Do odświeżenia,True,True,1969
352,5886,0.0,Orawska,2,40.85,2,2,Do odświeżenia,True,True,1969
353,5905,0.0,Jedności Narodowej,4,74.3,4,7,Do odświeżenia,True,True,1969
354,5907,0.0,Orawska,3,61.76,2,2,Do odświeżenia,True,True,1969
355,5931,0.0,Gajowa,4,70.21,1,3,Do odświeżenia,True,True,1969
356,5939,0.0,Gajowa,3,64.52,0,3,Do odświeżenia,True,True,1969
357,5942,0.0,Orawska,4,85.45,0,2,Do odświeżenia,False,True,1969
358,5946,0.0,Orawska,4,75.64,2,2,Do odświeżenia,True,True,1969
359,5947,0.0,Orawska,3,61.76,2,2,Do odświeżenia,True,True,1969
360,5951,0.0,Walońska,3,66.58,8,17,Do odświeżenia,True,True,1969
361,5954,0.0,Boiskowa,2,35.78,2,2,Do odświeżenia,True,True,1969
362,5957,0.0,Orawska,2,48.41,0,2,Do odświeżenia,True,True,1969
363,5959,0.0,Gajowa,2,34.73,1,3,Do odświeżenia,True,True,1969
364,5986,0.0,Jodłowicka,3,63.01,1,4,Do odświeżenia,True,True,1969
365,5996,0.0,Romana Dmowskiego,3,69.12,5,6,Do odświeżenia,True,True,1969
366,6009,0.0,Gajowa,3,50.52,1,2,Do odświeżenia,True,True,1969
367,6014,0.0,Władysława Reymonta,3,60.04,1,8,Do odświeżenia,False,True,1969
368,6021,0.0,Konduktorska,5,89.76,0,1,Do odświeżenia,True,False,1969
369,6024,0.0,Orawska,2,48.23,0,2,Do odświeżenia,True,True,1969
370,6025,0.0,Orawska,3,61.57,0,2,Do odświeżenia,True,True,1969
371,6027,0.0,Kawalerzystów,3,64.0,1,3,Do odświeżenia,True,True,1969
372,6035,0.0,Ślężna,3,60.6,5,7,Do odświeżenia,True,True,1969
373,6037,0.0,Jedności Narodowej,4,71.3,3,7,Do odświeżenia,False,True,1969
374,6039,0.0,Gajowa,2,44.43,0,2,Do odświeżenia,True,True,1969
375,6040,0.0,Orawska,4,85.3,2,2,Do odświeżenia,True,True,1969
376,6041,0.0,Boiskowa,4,59.73,2,2,Do odświeżenia,True,True,1969
377,6042,0.0,Orawska,4,73.09,0,2,Do odświeżenia,True,True,1969
378,6043,0.0,Konduktorska,5,89.76,0,1,Do odświeżenia,True,False,1969
379,6045,0.0,Strachowicka,4,73.07,3,4,Do odświeżenia,True,True,1969
380,6054,0.0,Boiskowa,4,63.06,1,2,Do odświeżenia,True,True,1969
381,6057,0.0,Gajowa,3,50.52,0,2,Do odświeżenia,True,True,1969
382,6061,0.0,Orawska,3,61.57,0,2,Do odświeżenia,True,True,1969
383,6066,0.0,Gajowa,2,44.65,0,2,Do odświeżenia,True,True,1969
384,6076,0.0,Ślężna,3,60.54,1,7,Do odświeżenia,True,True,1969
385,6077,0.0,Orawska,2,37.25,0,2,Do odświeżenia,True,True,1969
386,6086,0.0,Gajowa,3,50.22,1,2,Do odświeżenia,True,True,1969
387,6101,0.0,Konduktorska,5,89.35,0,1,Do odświeżenia,True,False,1969
388,6106,0.0,Orawska,2,48.34,2,2,Do odświeżenia,True,True,1969
389,6109,0.0,Orawska,4,73.08,0,2,Do odświeżenia,True,True,1969
390,6118,0.0,Boiskowa,3,46.38,2,2,Do odświeżenia,True,True,1969
391,6121,0.0,Grodzieńska,3,61.68,1,2,Do odświeżenia,True,True,1969
392,6132,0.0,Konduktorska,5,97.12,1,1,Do odświeżenia,True,False,1969
393,6144,0.0,Kawalerzystów,2,41.26,3,3,Do odświeżenia,True,True,1969
394,6151,0.0,Kawalerzystów,4,101.67,3,3,Do odświeżenia,True,True,1969
395,6155,0.0,Boiskowa,2,35.08,2,2,Do odświeżenia,True,True,1969
396,6168,0.0,Konduktorska,5,97.11,1,1,Do odświeżenia,True,False,1969
397,6192,0.0,Konduktorska,5,89.76,0,1,Do odświeżenia,True,False,1969
398,6195,0.0,Gajowa,2,48.93,1,3,Do odświeżenia,True,True,1969
399,6202,0.0,Grodzieńska,1,37.25,0,2,Do odświeżenia,True,True,1969
400,6211,0.0,Gajowa,2,65.22,3,3,Do odświeżenia,True,True,1969
401,6222,0.0,Walońska,2,43.05,6,14,Do odświeżenia,True,True,1969
402,6226,0.0,Gajowa,3,82.54,0,3,Do odświeżenia,True,True,1969
403,6228,0.0,Boiskowa,3,51.45,2,2,Do odświeżenia,True,True,1969
404,6229,0.0,Gajowa,3,91.41,3,3,Do odświeżenia,True,True,1969
405,6239,0.0,Jeździecka 15,3,66.34,1,6,Do odświeżenia,True,True,1969
406,6243,0.0,Jeździecka 15,3,61.62,1,6,Do odświeżenia,True,True,1969
407,6259,0.0,Jeździecka 15,4,111.58,6,6,Do odświeżenia,True,True,1969
408,6270,0.0,Jeździecka 15,2,38.06,1,6,Do odświeżenia,True,True,1969
409,6271,0.0,Jeździecka 15,4,111.69,6,6,Do odświeżenia,True,True,1969
410,6272,0.0,Kawalerzystów,2,40.43,3,3,Do odświeżenia,True,True,1969
411,6273,0.0,Jeździecka 15,2,38.06,1,6,Do odświeżenia,True,True,1969
412,6279,0.0,Gajowa,3,104.21,3,3,Do odświeżenia,True,True,1969
413,6305,0.0,Gajowa,2,39.76,2,3,Do odświeżenia,True,True,1969
414,6315,0.0,Gajowa,2,47.81,2,3,Do odświeżenia,True,True,1969
415,6323,0.0,Gajowa,3,49.71,3,3,Do odświeżenia,True,True,1969
416,6329,0.0,Walońska,2,41.17,3,17,Do odświeżenia,True,True,1969
417,6332,0.0,Jeździecka 15,3,53.31,2,6,Do odświeżenia,True,True,1969
418,6335,0.0,Jeździecka 15,4,79.25,6,6,Do odświeżenia,True,True,1969
419,6337,0.0,Konduktorska,5,97.54,1,1,Do odświeżenia,True,False,1969
420,6340,0.0,Grodzieńska,3,60.45,0,2,Do remontu,True,True,1969
421,6343,0.0,Boiskowa,3,46.41,2,2,Do odświeżenia,True,True,1969
422,6346,0.0,Jeździecka 15,2,38.06,1,6,Do odświeżenia,True,True,1969
423,6354,0.0,Gajowa,3,50.32,2,3,Do odświeżenia,True,True,1969
424,6357,0.0,Jeździecka 15,4,74.19,6,6,Do odświeżenia,True,True,1969
425,6362,0.0,Konduktorska,5,97.54,1,1,Do odświeżenia,True,False,1969
426,6365,0.0,Jeździecka 15,3,67.19,1,6,Do odświeżenia,True,True,1969
427,6369,0.0,Jeździecka 15,2,38.06,1,6,Do odświeżenia,True,True,1969
428,6370,0.0,Jeździecka 15,3,62.88,1,6,Do odświeżenia,True,True,1969
429,6371,0.0,Gajowa,3,101.55,3,3,Do odświeżenia,True,True,1969
430,6373,0.0,Jeździecka 15,4,107.12,6,6,Do odświeżenia,True,True,1969
431,6375,0.0,Gajowa,2,37.64,2,3,Do odświeżenia,True,True,1969
432,6378,0.0,Jeździecka 15,2,38.15,1,6,Do odświeżenia,True,True,1969
433,6394,0.0,Grodzieńska,3,64.38,0,2,Do odświeżenia,True,True,1969
434,6396,0.0,Gajowa,3,50.13,3,3,Do odświeżenia,True,True,1969
435,6399,0.0,Grodzieńska,3,61.68,0,2,Do odświeżenia,True,True,1969
436,6417,0.0,Gajowa,3,54.87,0,3,Do odświeżenia,True,True,1969
437,6439,0.0,Romana Dmowskiego,2,53.04,4,6,Do odświeżenia,True,True,1969
438,6452,0.0,Zamkowa,2,35.43,1,5,Do odświeżenia,False,False,1969
439,6455,0.0,Opolska / ul. Turawska,3,55.44,2,3,Do odświeżenia,False,True,1969
440,6457,0.0,Zamkowa,2,42.37,1,5,Do odświeżenia,False,False,1969
441,6471,0.0,Kawalerzystów,2,43.08,0,2,Do odświeżenia,True,True,1969
442,6478,0.0,Konduktorska,5,89.76,0,1,Do odświeżenia,True,False,1969
443,6487,0.0,Konduktorska,5,97.48,1,1,Do odświeżenia,True,False,1969
444,6494,0.0,Zamkowa,2,32.75,1,5,Do odświeżenia,True,False,1969
445,6497,0.0,Lawendowa / ul. Melisowa,4,72.47,0,2,Do odświeżenia,False,True,1969
446,6502,0.0,Opolska / ul. Turawska,3,56.53,2,3,Do odświeżenia,False,True,1969
447,6512,0.0,Lawendowa / ul. Melisowa,3,54.91,0,2,Do odświeżenia,False,True,1969
448,6521,0.0,Zamkowa,1,26.32,1,5,Do odświeżenia,True,False,1969
449,6527,0.0,Konduktorska,5,97.48,1,1,Do odświeżenia,True,False,1969
450,6539,0.0,Opolska / ul. Turawska,3,56.53,1,3,Do odświeżenia,False,True,1969
451,6557,0.0,Lawendowa / ul. Melisowa,3,51.65,0,2,Do odświeżenia,False,True,1969
452,6571,0.0,Zamkowa,2,37.44,1,5,Do odświeżenia,True,False,1969
453,6572,0.0,gen. Władysława Sikorskiego,3,52.02,10,23,Do remontu,True,True,1969
454,6580,0.0,Opolska / ul. Turawska,3,55.44,1,3,Do odświeżenia,False,True,1969
455,6600,0.0,Kawalerzystów,2,44.18,0,3,Do odświeżenia,True,True,1969
456,6605,0.0,Konduktorska,5,89.76,0,1,Do odświeżenia,True,False,1969
457,6606,0.0,Lawendowa / ul. Melisowa,3,54.9,0,2,Do odświeżenia,False,True,1969
458,6610,0.0,Zamkowa,2,42.37,3,3,Do odświeżenia,False,False,1969
459,6616,0.0,Opolska / ul. Turawska,2,44.14,1,3,Do odświeżenia,False,True,1969
460,6623,0.0,gen. Władysława Sikorskiego,2,46.21,10,23,Do remontu,False,True,1969
461,6657,0.0,Strachowicka,3,65.39,2,5,Do odświeżenia,True,True,1969
462,6675,0.0,Gajowa,2,42.93,0,2,Do odświeżenia,True,True,1969
463,6708,0.0,Lawendowa / ul. Melisowa,3,60.16,2,2,Do odświeżenia,False,True,1969
464,6711,0.0,Lawendowa / ul. Melisowa,3,60.16,0,2,Do odświeżenia,False,True,1969
465,6712,0.0,Lawendowa / ul. Melisowa,2,42.2,0,2,Do odświeżenia,False,True,1969
466,6714,0.0,Lawendowa / ul. Melisowa,3,60.89,0,2,Do odświeżenia,False,True,1969
467,6715,0.0,Lawendowa / ul. Melisowa,3,60.16,1,2,Do odświeżenia,False,True,1969
468,6722,0.0,Gajowa,2,42.93,0,2,Do odświeżenia,True,True,1969
469,6724,0.0,Strachowicka,3,67.75,1,4,Do odświeżenia,True,True,1969
470,6726,0.0,Lawendowa / ul. Melisowa,4,70.43,1,2,Do odświeżenia,False,True,1969
471,6727,0.0,Lawendowa / ul. Melisowa,2,42.21,2,2,Do odświeżenia,False,True,1969
472,6729,0.0,Lawendowa / ul. Melisowa,3,62.48,0,2,Do odświeżenia,False,True,1969
473,6733,0.0,Gajowa,3,47.8,1,2,Do odświeżenia,True,True,1969
474,6735,0.0,Lawendowa / ul. Melisowa,4,70.44,2,2,Do odświeżenia,False,True,1969
475,6743,0.0,Gajowa,2,43.0,0,2,Do odświeżenia,True,True,1969
476,6744,0.0,Lawendowa / ul. Melisowa,4,68.61,1,2,Do odświeżenia,False,True,1969
477,6745,0.0,Lawendowa / ul. Melisowa,3,60.16,1,2,Do odświeżenia,False,True,1969
478,6746,0.0,Lawendowa / ul. Melisowa,4,68.61,2,2,Do odświeżenia,False,True,1969
479,6747,0.0,Lawendowa / ul. Melisowa,4,70.44,2,2,Do odświeżenia,False,True,1969
480,6748,0.0,Lawendowa / ul. Melisowa,3,60.16,2,2,Do odświeżenia,False,True,1969
481,6749,0.0,Lawendowa / ul. Melisowa,4,68.61,1,2,Do odświeżenia,False,True,1969
482,6750,0.0,Lawendowa / ul. Melisowa,4,70.43,1,2,Do odświeżenia,False,True,1969
483,6751,0.0,Lawendowa / ul. Melisowa,2,42.22,0,2,Do odświeżenia,False,True,1969
484,6752,0.0,Lawendowa / ul. Melisowa,3,60.19,2,2,Do odświeżenia,False,True,1969
485,6753,0.0,Lawendowa / ul. Melisowa,2,42.29,0,2,Do odświeżenia,False,True,1969
486,6754,0.0,Lawendowa / ul. Melisowa,2,42.2,0,2,Do odświeżenia,False,True,1969
487,6755,0.0,Lawendowa / ul. Melisowa,2,42.24,1,2,Do odświeżenia,False,True,1969
488,6756,0.0,Lawendowa / ul. Melisowa,4,68.56,2,2,Do odświeżenia,False,True,1969
489,6758,0.0,Lawendowa / ul. Melisowa,3,60.64,0,2,Do odświeżenia,False,True,1969
490,6759,0.0,Lawendowa / ul. Melisowa,4,68.56,2,2,Do odświeżenia,False,True,1969
491,6760,0.0,Lawendowa / ul. Melisowa,3,60.16,0,2,Do odświeżenia,False,True,1969
492,6761,0.0,Lawendowa / ul. Melisowa,2,42.21,2,2,Do odświeżenia,False,True,1969
493,6762,0.0,Lawendowa / ul. Melisowa,2,42.2,0,2,Do odświeżenia,False,True,1969
494,6763,0.0,Lawendowa / ul. Melisowa,3,60.16,2,2,Do odświeżenia,False,True,1969
495,6764,0.0,Lawendowa / ul. Melisowa,2,42.21,1,2,Do odświeżenia,False,True,1969
496,6765,0.0,Lawendowa / ul. Melisowa,4,68.58,1,2,Do odświeżenia,False,True,1969
497,6766,0.0,Lawendowa / ul. Melisowa,2,42.25,2,2,Do odświeżenia,False,True,1969
498,6767,0.0,Lawendowa / ul. Melisowa,3,62.71,0,2,Do odświeżenia,False,True,1969
499,6768,0.0,Lawendowa / ul. Melisowa,3,60.16,0,2,Do odświeżenia,False,True,1969
500,6769,0.0,Lawendowa / ul. Melisowa,3,60.19,1,2,Do odświeżenia,False,True,1969
501,6770,0.0,Lawendowa / ul. Melisowa,2,42.2,2,2,Do odświeżenia,False,True,1969
502,6771,0.0,Lawendowa / ul. Melisowa,3,60.16,1,2,Do odświeżenia,False,True,1969
503,6772,0.0,Lawendowa / ul. Melisowa,3,60.26,2,2,Do odświeżenia,False,True,1969
504,6773,0.0,Lawendowa / ul. Melisowa,2,42.22,1,2,Do odświeżenia,False,True,1969
505,6775,0.0,Lawendowa / ul. Melisowa,3,60.15,1,2,Do odświeżenia,False,True,1969
506,6776,0.0,Lawendowa / ul. Melisowa,3,60.19,2,2,Do odświeżenia,False,True,1969
507,6777,0.0,Lawendowa / ul. Melisowa,3,60.64,0,2,Do odświeżenia,False,True,1969
508,6778,0.0,Lawendowa / ul. Melisowa,3,60.16,0,2,Do odświeżenia,False,True,1969
509,6780,0.0,Lawendowa / ul. Melisowa,2,42.21,1,2,Do odświeżenia,False,True,1969
510,6781,0.0,Lawendowa / ul. Melisowa,4,68.56,1,2,Do odświeżenia,False,True,1969
511,6782,0.0,Lawendowa / ul. Melisowa,3,60.18,0,2,Do odświeżenia,False,True,1969
512,6783,0.0,Lawendowa / ul. Melisowa,3,60.16,1,2,Do odświeżenia,False,True,1969
513,6784,0.0,Lawendowa / ul. Melisowa,4,70.44,2,2,Do odświeżenia,False,True,1969
514,6786,0.0,Lawendowa / ul. Melisowa,2,42.22,0,2,Do odświeżenia,False,True,1969
515,6787,0.0,Lawendowa / ul. Melisowa,2,42.22,2,2,Do odświeżenia,False,True,1969
516,6789,0.0,Lawendowa / ul. Melisowa,2,42.2,2,2,Do odświeżenia,False,True,1969
517,6790,0.0,Lawendowa / ul. Melisowa,2,42.2,0,2,Do odświeżenia,False,True,1969
518,6791,0.0,Lawendowa / ul. Melisowa,4,68.56,2,2,Do odświeżenia,False,True,1969
519,6792,0.0,Lawendowa / ul. Melisowa,3,62.71,0,2,Do odświeżenia,False,True,1969
520,6794,0.0,Lawendowa / ul. Melisowa,3,60.15,1,2,Do odświeżenia,False,True,1969
521,6795,0.0,Lawendowa / ul. Melisowa,3,60.16,0,2,Do odświeżenia,False,True,1969
522,6801,0.0,Lawendowa / ul. Melisowa,3,60.64,0,2,Do odświeżenia,False,True,1969
523,6802,0.0,Lawendowa / ul. Melisowa,3,60.16,0,2,Do odświeżenia,False,True,1969
524,6803,0.0,Ślężna,3,60.48,2,7,Do odświeżenia,True,True,1969
525,6808,0.0,Lawendowa / ul. Melisowa,3,60.18,0,2,Do odświeżenia,False,True,1969
526,6809,0.0,Lawendowa / ul. Melisowa,3,60.19,1,2,Do odświeżenia,False,True,1969
527,6810,0.0,Lawendowa / ul. Melisowa,2,42.29,0,2,Do odświeżenia,False,True,1969
528,6811,0.0,Lawendowa / ul. Melisowa,3,60.26,2,2,Do odświeżenia,False,True,1969
529,6824,0.0,Ślężna,2,41.98,2,7,Do odświeżenia,True,True,1969
530,6825,0.0,Kawalerzystów,2,49.38,1,2,Do odświeżenia,True,True,1969
531,6827,0.0,Ślężna,3,59.96,5,7,Do odświeżenia,True,True,1969
532,6829,0.0,Strachowicka,3,65.39,4,5,Do odświeżenia,True,True,1969
533,6831,0.0,Gajowa,3,50.52,2,2,Do odświeżenia,True,True,1969
534,6833,0.0,Gajowa,2,43.04,0,2,Do odświeżenia,True,True,1969
535,6843,0.0,Gajowa,2,42.95,2,2,Do odświeżenia,True,True,1969
536,6860,0.0,Gajowa,3,54.77,0,2,Do odświeżenia,True,True,1969
537,6882,0.0,Ślężna,3,59.93,3,7,Do odświeżenia,True,True,1969
538,6894,0.0,Gajowa,2,43.0,1,2,Do odświeżenia,True,True,1969
539,6938,0.0,Gajowa,2,42.94,2,2,Do odświeżenia,True,True,1969
540,6952,0.0,Gajowa,2,42.05,2,2,Do odświeżenia,True,True,1969
541,6982,0.0,Walońska,5,215.36,10,17,Do odświeżenia,True,True,1969
542,7017,0.0,Gajowa,2,42.94,2,2,Do odświeżenia,True,True,1969
543,7019,0.0,Gajowa,3,47.8,2,2,Do odświeżenia,True,True,1969
544,7020,0.0,Gajowa,2,42.94,1,2,Do odświeżenia,True,True,1969
545,7021,0.0,Gajowa,2,43.0,2,2,Do odświeżenia,True,True,1969
546,7022,0.0,Gajowa,3,50.22,2,2,Do odświeżenia,True,True,1969
547,7023,0.0,Gajowa,2,44.44,2,2,Do odświeżenia,True,True,1969
548,7025,0.0,Gajowa,3,47.79,2,2,Do odświeżenia,True,True,1969
549,7026,0.0,Gajowa,2,44.31,2,2,Do odświeżenia,True,True,1969
550,7027,0.0,Gajowa,2,44.44,1,2,Do odświeżenia,True,True,1969
551,7028,0.0,Gajowa,2,44.66,0,2,Do odświeżenia,True,True,1969
552,7031,0.0,Gajowa,2,44.43,0,2,Do odświeżenia,True,True,1969
553,7032,0.0,Gajowa,2,44.31,1,2,Do odświeżenia,True,True,1969
554,7033,0.0,Gajowa,3,54.67,2,2,Do odświeżenia,True,True,1969
555,7034,0.0,Gajowa,2,44.44,1,2,Do odświeżenia,True,True,1969
556,7035,0.0,Gajowa,2,44.44,1,2,Do odświeżenia,True,True,1969
557,7036,0.0,Gajowa,3,52.57,2,2,Do odświeżenia,True,True,1969
558,7037,0.0,Gajowa,2,44.44,2,2,Do odświeżenia,True,True,1969
559,7039,0.0,Gajowa,3,51.77,2,2,Do odświeżenia,True,True,1969
560,7040,0.0,Gajowa,2,42.94,1,2,Do odświeżenia,True,True,1969
561,7041,0.0,Gajowa,2,42.94,1,2,Do odświeżenia,True,True,1969
562,7042,0.0,Gajowa,2,44.44,2,2,Do odświeżenia,True,True,1969
563,7043,0.0,Gajowa,3,48.86,1,2,Do odświeżenia,True,True,1969
564,7044,0.0,Gajowa,2,44.44,1,2,Do odświeżenia,True,True,1969
565,7046,0.0,Gajowa,2,42.94,2,2,Do odświeżenia,True,True,1969
566,7047,0.0,Jeździecka 15,2,48.93,1,6,Do odświeżenia,True,True,1969
567,7048,0.0,Gajowa,2,44.66,0,2,Do odświeżenia,True,True,1969
568,7049,0.0,Gajowa,2,44.44,2,2,Do odświeżenia,True,True,1969
569,7050,0.0,Gajowa,3,47.8,2,2,Do odświeżenia,True,True,1969
570,7051,0.0,Gajowa,2,44.44,2,2,Do odświeżenia,True,True,1969
571,7052,0.0,Gajowa,2,42.94,1,2,Do odświeżenia,True,True,1969
572,7054,0.0,Gajowa,3,54.88,1,2,Do odświeżenia,True,True,1969
573,7056,0.0,Gajowa,2,44.66,0,2,Do odświeżenia,True,True,1969
574,7058,0.0,Gajowa,2,44.43,1,2,Do odświeżenia,True,True,1969
575,7059,0.0,Gajowa,3,48.86,2,2,Do odświeżenia,True,True,1969
576,7060,0.0,Gajowa,3,47.8,1,2,Do odświeżenia,True,True,1969
577,7061,0.0,Gajowa,2,44.44,2,2,Do odświeżenia,True,True,1969
578,7062,0.0,Gajowa,2,42.96,1,2,Do odświeżenia,True,True,1969
579,7063,0.0,Gajowa,2,44.64,0,2,Do odświeżenia,True,True,1969
580,7068,0.0,Gajowa,2,42.96,2,2,Do odświeżenia,True,True,1969
581,7073,0.0,Gajowa,2,44.44,1,2,Do odświeżenia,True,True,1969
582,7075,0.0,Gajowa,2,44.66,0,2,Do odświeżenia,True,True,1969
583,7076,0.0,Gajowa,2,44.44,2,2,Do odświeżenia,True,True,1969
584,7081,0.0,Gajowa,3,47.8,2,2,Do odświeżenia,True,True,1969
585,7083,0.0,Gajowa,3,52.57,1,2,Do odświeżenia,True,True,1969
586,7084,0.0,Gajowa,3,56.09,2,2,Do odświeżenia,True,True,1969
587,7085,0.0,Gajowa,3,52.68,0,2,Do odświeżenia,True,True,1969
588,7086,0.0,Gajowa,2,44.44,1,2,Do odświeżenia,True,True,1969
589,7088,0.0,Gajowa,2,44.43,0,2,Do odświeżenia,True,True,1969
590,7090,0.0,Gajowa,2,44.43,2,2,Do odświeżenia,True,True,1969
591,7091,0.0,Gajowa,2,44.44,2,2,Do odświeżenia,True,True,1969
592,7092,0.0,Gajowa,2,42.95,1,2,Do odświeżenia,True,True,1969
593,7093,0.0,Gajowa,2,44.66,0,2,Do odświeżenia,True,True,1969
594,7215,0.0,Jeździecka 15,3,63.91,1,6,Do odświeżenia,True,True,1969
595,7218,0.0,Jeździecka 15,4,79.6,6,6,Do odświeżenia,True,True,1969
596,7220,0.0,Gajowa,3,54.52,2,3,Do odświeżenia,False,True,1969
597,7222,0.0,Gajowa,3,54.52,3,3,Do odświeżenia,False,True,1969
598,7223,0.0,Gajowa,3,54.71,2,3,Do odświeżenia,False,True,1969
599,7225,0.0,Jeździecka 15,2,48.93,1,6,Do odświeżenia,True,True,1969
600,7227,0.0,Gajowa,3,54.47,3,3,Do odświeżenia,False,True,1969
601,7229,0.0,Gajowa,3,54.71,2,3,Do odświeżenia,False,True,1969
602,7231,0.0,Gajowa,3,58.05,3,3,Do odświeżenia,True,True,1969
603,7235,0.0,Gajowa,3,58.21,2,3,Do odświeżenia,True,True,1969
604,7238,0.0,Gajowa,3,54.52,3,3,Do odświeżenia,False,True,1969
605,7242,0.0,Gajowa,3,54.52,2,3,Do odświeżenia,False,True,1969
606,7247,0.0,Gajowa,3,63.27,3,3,Do odświeżenia,False,True,1969
607,7272,0.0,Boiskowa,3,53.94,1,2,Do odświeżenia,True,True,1969
608,7280,0.0,Gajowa,3,54.71,2,3,Do odświeżenia,False,True,1969
609,7290,0.0,Boiskowa,3,50.96,1,2,Do odświeżenia,True,True,1969
610,7295,0.0,Walońska,2,39.91,3,7,Do odświeżenia,True,True,1969
611,7303,0.0,Jeździecka 15,4,88.97,4,6,Do odświeżenia,True,True,1969
612,7322,0.0,Jeździecka 15,3,66.34,1,6,Do odświeżenia,True,True,1969
613,7323,0.0,Jeździecka 15,4,111.68,6,6,Do odświeżenia,True,True,1969
614,7324,0.0,Gajowa,3,104.04,3,3,Do odświeżenia,True,True,1969
615,7326,0.0,Konduktorska,5,97.48,1,1,Do odświeżenia,True,False,1969
616,7328,0.0,Kawalerzystów,2,45.19,1,3,Do odświeżenia,True,True,1969
617,7335,0.0,Kawalerzystów,2,49.51,0,2,Do odświeżenia,True,True,1969
618,7341,0.0,Kawalerzystów,2,48.76,1,3,Do odświeżenia,True,True,1969
619,7343,0.0,Jeździecka 15,2,66.11,1,6,Do odświeżenia,True,True,1969
620,7351,0.0,Boiskowa,4,63.06,1,2,Do odświeżenia,True,True,1969
621,7355,0.0,Walońska,1,30.46,4,14,Do odświeżenia,False,True,1969
622,7357,0.0,Jeździecka 15,3,66.34,1,6,Do odświeżenia,True,True,1969
623,7358,0.0,Boiskowa,4,59.73,1,2,Do odświeżenia,True,True,1969
624,7367,0.0,Walońska,1,32.28,4,14,Do odświeżenia,True,True,1969
625,7376,0.0,Walońska,2,55.3,3,14,Do odświeżenia,True,True,1969
626,7381,0.0,Boiskowa,4,63.06,2,2,Do odświeżenia,True,True,1969
627,7393,0.0,Jeździecka 15,2,38.06,1,6,Do odświeżenia,True,True,1969
628,7402,0.0,Jeździecka 15,2,43.78,2,6,Do odświeżenia,True,True,1969
629,7408,0.0,Walońska,2,50.67,7,14,Do odświeżenia,True,True,1969
630,7415,0.0,Konduktorska,5,97.48,1,1,Do odświeżenia,True,False,1969
631,7431,0.0,Kawalerzystów,2,47.61,3,3,Do odświeżenia,True,True,1969
632,7465,0.0,Konduktorska,5,97.11,1,1,Do odświeżenia,True,False,1969
633,7471,0.0,Gajowa,3,101.59,3,3,Do odświeżenia,True,True,1969
634,7478,0.0,Konduktorska,5,97.12,1,1,Do odświeżenia,True,False,1969
635,7485,0.0,Popowicka,2,40.72,1,10,Do odświeżenia,True,True,1969
636,7487,0.0,Jeździecka 15,4,87.32,6,6,Do odświeżenia,True,True,1969
637,7489,0.0,Jeździecka 15,3,67.19,1,6,Do odświeżenia,True,True,1969
638,7493,0.0,Kawalerzystów,2,44.67,2,2,Do odświeżenia,True,True,1969
639,7504,0.0,Popowicka,2,40.27,3,10,Do odświeżenia,True,True,1969
640,7510,0.0,Walońska,4,92.15,9,9,Do odświeżenia,True,True,1969
641,7524,0.0,Popowicka,2,38.78,8,10,Do odświeżenia,False,True,1969
642,7530,0.0,Popowicka,2,40.72,3,10,Do odświeżenia,True,True,1969
643,7533,0.0,Popowicka,1,27.44,10,10,Do odświeżenia,False,True,1969
644,7537,0.0,Popowicka,1,27.44,8,10,Do odświeżenia,False,True,1969
645,7550,0.0,Konduktorska,5,97.54,1,1,Do odświeżenia,True,False,1969
646,7551,0.0,Popowicka,2,40.63,10,10,Do odświeżenia,False,True,1969
647,7552,0.0,Popowicka,2,40.63,8,10,Do odświeżenia,False,True,1969
648,7560,0.0,Popowicka,3,56.16,8,10,Do odświeżenia,False,True,1969
649,7563,0.0,Popowicka,2,39.57,5,10,Do odświeżenia,True,True,1969
650,7564,0.0,Popowicka,2,40.63,7,10,Do odświeżenia,True,True,1969
651,7565,0.0,Popowicka,2,38.77,7,10,Do odświeżenia,True,True,1969
652,7566,0.0,Popowicka,2,40.68,6,10,Do odświeżenia,True,True,1969
653,7567,0.0,Popowicka,3,56.16,7,10,Do odświeżenia,True,True,1969
654,7568,0.0,Popowicka,2,41.17,6,10,Do odświeżenia,True,True,1969
655,7569,0.0,Popowicka,2,40.25,5,10,Do odświeżenia,True,True,1969
656,7570,0.0,Popowicka,2,40.18,7,10,Do odświeżenia,True,True,1969
657,7571,0.0,Popowicka,2,38.88,5,10,Do odświeżenia,True,True,1969
658,7572,0.0,Popowicka,2,41.17,4,10,Do odświeżenia,True,True,1969
659,7573,0.0,Popowicka,2,39.13,7,10,Do odświeżenia,True,True,1969
660,7574,0.0,Popowicka,2,38.79,7,10,Do odświeżenia,True,True,1969
661,7575,0.0,Popowicka,2,41.18,2,10,Do odświeżenia,True,True,1969
662,7576,0.0,Popowicka,3,56.38,3,10,Do odświeżenia,True,True,1969
663,7577,0.0,Popowicka,3,56.38,2,10,Do odświeżenia,True,True,1969
664,7578,0.0,Popowicka,1,27.41,7,10,Do odświeżenia,True,True,1969
665,7579,0.0,Popowicka,2,38.88,6,10,Do odświeżenia,True,True,1969
666,7580,0.0,Popowicka,2,38.79,8,10,Do odświeżenia,False,True,1969
667,7582,0.0,Popowicka,2,39.23,4,10,Do odświeżenia,True,True,1969
668,7583,0.0,Popowicka,2,40.72,2,10,Do odświeżenia,True,True,1969
669,7584,0.0,Popowicka,3,56.29,5,10,Do odświeżenia,True,True,1969
670,7585,0.0,Popowicka,2,38.88,6,10,Do odświeżenia,True,True,1969
671,7586,0.0,Popowicka,2,39.57,6,10,Do odświeżenia,True,True,1969
672,7587,0.0,Popowicka,2,38.88,5,10,Do odświeżenia,True,True,1969
673,7588,0.0,Popowicka,3,56.29,6,10,Do odświeżenia,True,True,1969
674,7589,0.0,Popowicka,1,27.44,7,10,Do odświeżenia,True,True,1969
675,7590,0.0,Popowicka,2,40.25,4,10,Do odświeżenia,True,True,1969
676,7591,0.0,Popowicka,2,38.88,5,10,Do odświeżenia,True,True,1969
677,7592,0.0,Popowicka,2,38.78,7,10,Do odświeżenia,True,True,1969
678,7594,0.0,Popowicka,2,39.47,8,10,Do odświeżenia,False,True,1969
679,7595,0.0,Popowicka,3,56.38,3,10,Do odświeżenia,True,True,1969
680,7596,0.0,Popowicka,2,41.17,5,10,Do odświeżenia,True,True,1969
681,7597,0.0,Popowicka,2,39.23,3,10,Do odświeżenia,True,True,1969
682,7599,0.0,Popowicka,2,39.47,7,10,Do odświeżenia,True,True,1969
683,7600,0.0,Popowicka,2,38.88,4,10,Do odświeżenia,True,True,1969
684,7601,0.0,Popowicka,3,64.96,2,10,Do odświeżenia,True,True,1969
685,7604,0.0,Popowicka,2,38.89,1,10,Do odświeżenia,True,True,1969
686,7606,0.0,Popowicka,2,41.18,1,10,Do odświeżenia,True,True,1969
687,7607,0.0,Popowicka,2,39.59,1,10,Do odświeżenia,True,True,1969
688,7612,0.0,Kawalerzystów,4,83.38,2,3,Do odświeżenia,True,True,1969
689,7614,0.0,Jeździecka 15,4,104.79,6,6,Do odświeżenia,True,True,1969
690,7616,0.0,Popowicka,2,39.24,0,10,Do odświeżenia,True,True,1969
691,7620,0.0,Popowicka,2,39.23,1,10,Do odświeżenia,True,True,1969
692,7621,0.0,Popowicka,2,38.89,2,10,Do odświeżenia,True,True,1969
693,7622,0.0,Popowicka,2,40.27,1,10,Do odświeżenia,True,True,1969
694,7626,0.0,Grodzieńska,4,64.0,2,2,Do remontu,True,True,1969
695,7627,0.0,Popowicka,2,38.89,3,10,Do odświeżenia,True,True,1969
696,7628,0.0,Popowicka,2,39.59,3,10,Do odświeżenia,True,True,1969
697,7629,0.0,Kurkowa,1,40.48,1,5,Do odświeżenia,False,False,1969
698,7632,0.0,Popowicka,3,56.38,2,10,Do odświeżenia,True,True,1969
699,7633,0.0,Popowicka,3,64.96,1,10,Do odświeżenia,True,True,1969
700,7636,0.0,Grodzieńska,3,58.78,2,2,Do remontu,True,True,1969
701,7638,0.0,Popowicka,2,38.89,3,10,Do odświeżenia,True,True,1969
702,7640,0.0,Popowicka,2,38.89,3,10,Do odświeżenia,True,True,1969
703,7647,0.0,Gajowa,4,95.56,3,3,Do odświeżenia,True,True,1969
704,7737,0.0,Ślężna,3,60.48,7,7,Do odświeżenia,True,True,1969
705,7812,0.0,Strachowicka,3,67.77,3,4,Do odświeżenia,True,True,1969
706,7814,0.0,Kurkowa,2,46.13,1,5,Do odświeżenia,True,False,1969
707,7829,0.0,Kurkowa,2,40.4,1,5,Do odświeżenia,True,False,1969
708,7839,0.0,Strachowicka,3,67.77,2,4,Do odświeżenia,True,True,1969
709,7845,0.0,gen. Władysława Sikorskiego,3,51.82,10,23,Do remontu,False,True,1969
710,7847,0.0,Władysława Reymonta,2,42.5,3,8,Do odświeżenia,False,True,1969
711,7862,0.0,Kawalerzystów,2,42.95,2,2,Do odświeżenia,True,True,1969
712,7907,0.0,gen. Władysława Sikorskiego,2,46.07,10,23,Do remontu,False,True,1969
713,7908,0.0,gen. Władysława Sikorskiego,3,51.55,10,23,Do remontu,False,True,1969
714,7917,0.0,Kurkowa,2,40.28,2,5,Do odświeżenia,False,False,1969
715,7919,0.0,Kawalerzystów,2,51.48,1,3,Do odświeżenia,True,True,1969
716,7924,0.0,Kurkowa,2,45.46,2,5,Do odświeżenia,True,False,1969
717,7927,0.0,Kurkowa,2,38.46,2,5,Do odświeżenia,True,False,1969
718,7928,0.0,gen. Władysława Sikorskiego,2,44.35,10,23,Do remontu,True,True,1969
719,7934,0.0,Kurkowa,2,41.61,2,5,Do odświeżenia,True,False,1969
720,7935,0.0,Kurkowa,2,46.37,2,5,Do odświeżenia,False,False,1969
721,7941,0.0,Kurkowa,2,38.74,2,5,Do odświeżenia,False,False,1969
722,7958,0.0,Kawalerzystów,2,48.46,1,3,Do odświeżenia,True,True,1969
723,7959,0.0,Kurkowa,2,41.42,1,5,Do odświeżenia,False,False,1969
724,7969,0.0,gen. Władysława Sikorskiego,3,56.48,10,23,Do remontu,False,True,1969
725,7972,0.0,Kurkowa,2,38.41,1,5,Do odświeżenia,True,False,1969
726,7985,0.0,Kurkowa,2,41.17,1,5,Do odświeżenia,True,False,1969
727,7994,0.0,gen. Władysława Sikorskiego,4,78.31,10,23,Do remontu,False,True,1969
728,8028,0.0,Kawalerzystów,2,44.68,2,2,Do odświeżenia,True,True,1969
729,8047,0.0,gen. Władysława Sikorskiego,2,44.73,10,23,Do remontu,False,True,1969
730,8118,0.0,Ślężna,3,61.08,7,7,Do odświeżenia,True,True,1969
731,8133,0.0,Ślężna,2,49.42,6,7,Do odświeżenia,True,True,1969
732,8165,0.0,Kawalerzystów,2,49.38,2,2,Do odświeżenia,True,True,1969
733,8186,0.0,Bernardyńska,3,72.25,1,5,Do odświeżenia,True,True,1969
734,8235,0.0,Jodłowicka,3,63.01,2,4,Do odświeżenia,True,True,1969
735,8253,0.0,Jodłowicka,3,63.01,3,4,Do odświeżenia,True,True,1969
736,8308,0.0,Jeździecka 15,2,45.32,5,6,Do odświeżenia,True,True,1969
737,8313,0.0,Jeździecka 15,2,38.06,2,6,Do odświeżenia,True,True,1969
738,8314,0.0,Jeździecka 15,3,81.7,6,6,Do odświeżenia,True,True,1969
739,8319,0.0,Jeździecka 15,2,38.06,2,6,Do odświeżenia,True,True,1969
740,8348,0.0,Grodzieńska,4,74.91,1,2,Do odświeżenia,True,True,1969
741,8349,0.0,Jeździecka 15,2,48.93,5,6,Do odświeżenia,True,True,1969
742,8351,0.0,Jeździecka 15,3,66.34,4,6,Do odświeżenia,True,True,1969
743,8352,0.0,Jeździecka 15,2,38.06,4,6,Do odświeżenia,True,True,1969
744,8353,0.0,Jeździecka 15,2,48.93,2,6,Do odświeżenia,True,True,1969
745,8363,0.0,Jeździecka 15,2,48.93,2,6,Do odświeżenia,True,True,1969
746,8364,0.0,Jeździecka 15,3,61.62,4,6,Do odświeżenia,True,True,1969
747,8366,0.0,Jeździecka 15,4,79.26,6,6,Do odświeżenia,True,True,1969
748,8369,0.0,Jeździecka 15,4,79.24,6,6,Do odświeżenia,True,True,1969
749,8371,0.0,Jeździecka 15,3,67.19,5,6,Do odświeżenia,True,True,1969
750,8375,0.0,Jeździecka 15,4,79.6,6,6,Do odświeżenia,True,True,1969
751,8380,0.0,Jeździecka 15,3,67.19,5,6,Do odświeżenia,True,True,1969
752,8382,0.0,Jeździecka 15,3,66.34,5,6,Do odświeżenia,True,True,1969
753,8383,0.0,Jeździecka 15,3,67.19,2,6,Do odświeżenia,True,True,1969
754,8384,0.0,Jeździecka 15,2,66.14,5,6,Do odświeżenia,True,True,1969
755,8385,0.0,Jeździecka 15,2,48.93,3,6,Do odświeżenia,True,True,1969
756,8386,0.0,Jeździecka 15,2,38.15,5,6,Do odświeżenia,True,True,1969
757,8387,0.0,Jeździecka 15,2,66.14,3,6,Do odświeżenia,True,True,1969
758,8388,0.0,Jeździecka 15,2,48.93,5,6,Do odświeżenia,True,True,1969
759,8389,0.0,Jeździecka 15,4,87.65,6,6,Do odświeżenia,True,True,1969
760,8390,0.0,Jeździecka 15,2,38.06,4,6,Do odświeżenia,True,True,1969
761,8391,0.0,Jeździecka 15,2,48.93,5,6,Do odświeżenia,True,True,1969
762,8392,0.0,Jeździecka 15,2,48.93,5,6,Do odświeżenia,True,True,1969
763,8393,0.0,Jeździecka 15,3,66.34,5,6,Do odświeżenia,True,True,1969
764,8394,0.0,Jeździecka 15,3,66.34,5,6,Do odświeżenia,True,True,1969
765,8395,0.0,Jeździecka 15,3,67.19,4,6,Do odświeżenia,True,True,1969
766,8396,0.0,Jeździecka 15,2,48.93,3,6,Do odświeżenia,True,True,1969
767,8398,0.0,Jeździecka 15,2,48.93,5,6,Do odświeżenia,True,True,1969
768,8399,0.0,Jeździecka 15,2,48.93,2,6,Do odświeżenia,True,True,1969
769,8401,0.0,Jeździecka 15,3,67.19,3,6,Do odświeżenia,True,True,1969
770,8402,0.0,Jeździecka 15,3,67.19,2,6,Do odświeżenia,True,True,1969
771,8404,0.0,Jeździecka 15,3,66.34,3,6,Do odświeżenia,True,True,1969
772,8405,0.0,Jeździecka 15,2,38.06,5,6,Do odświeżenia,True,True,1969
773,8406,0.0,Jeździecka 15,3,72.69,4,6,Do odświeżenia,True,True,1969
774,8407,0.0,Jeździecka 15,3,66.34,2,6,Do odświeżenia,True,True,1969
775,8408,0.0,Jeździecka 15,3,66.34,3,6,Do odświeżenia,True,True,1969
776,8409,0.0,Jeździecka 15,3,67.19,5,6,Do odświeżenia,True,True,1969
777,8410,0.0,Jeździecka 15,3,66.34,3,6,Do odświeżenia,True,True,1969
778,8411,0.0,Jeździecka 15,2,48.93,3,6,Do odświeżenia,True,True,1969
779,8412,0.0,Jeździecka 15,3,67.19,2,6,Do odświeżenia,True,True,1969
780,8413,0.0,Jeździecka 15,3,67.19,4,6,Do odświeżenia,True,True,1969
781,8414,0.0,Jeździecka 15,3,62.88,2,6,Do odświeżenia,True,True,1969
782,8415,0.0,Jeździecka 15,3,67.19,3,6,Do odświeżenia,True,True,1969
783,8416,0.0,Jeździecka 15,3,67.19,1,6,Do odświeżenia,True,True,1969
784,8417,0.0,Jeździecka 15,3,66.34,4,6,Do odświeżenia,True,True,1969
785,8418,0.0,Jeździecka 15,2,38.06,5,6,Do odświeżenia,True,True,1969
786,8419,0.0,Jeździecka 15,2,48.93,4,6,Do odświeżenia,True,True,1969
787,8420,0.0,Jeździecka 15,2,48.93,2,6,Do odświeżenia,True,True,1969
788,8421,0.0,Jeździecka 15,2,49.76,4,6,Do odświeżenia,True,True,1969
789,8422,0.0,Jeździecka 15,2,38.06,4,6,Do odświeżenia,True,True,1969
790,8423,0.0,Jeździecka 15,3,66.34,4,6,Do odświeżenia,True,True,1969
791,8424,0.0,Jeździecka 15,3,62.88,5,6,Do odświeżenia,True,True,1969
792,8425,0.0,Jeździecka 15,3,66.34,2,6,Do odświeżenia,True,True,1969
793,8426,0.0,Jeździecka 15,2,49.71,3,6,Do odświeżenia,True,True,1969
794,8427,0.0,Jeździecka 15,2,66.14,2,6,Do odświeżenia,True,True,1969
795,8428,0.0,Jeździecka 15,3,62.88,4,6,Do odświeżenia,True,True,1969
796,8429,0.0,Jeździecka 15,2,38.06,3,6,Do odświeżenia,True,True,1969
797,8430,0.0,Jeździecka 15,2,38.06,2,6,Do odświeżenia,True,True,1969
798,8431,0.0,Jeździecka 15,2,48.93,4,6,Do odświeżenia,True,True,1969
799,8432,0.0,Jeździecka 15,3,67.19,4,6,Do odświeżenia,True,True,1969
800,8433,0.0,Jeździecka 15,2,38.15,2,6,Do odświeżenia,True,True,1969
801,8434,0.0,Jeździecka 15,2,38.06,5,6,Do odświeżenia,True,True,1969
802,8435,0.0,Jeździecka 15,2,38.06,4,6,Do odświeżenia,True,True,1969
803,8436,0.0,Jeździecka 15,2,49.51,2,6,Do odświeżenia,True,True,1969
804,8437,0.0,Jeździecka 15,2,48.93,4,6,Do odświeżenia,True,True,1969
805,8438,0.0,Jeździecka 15,2,48.93,4,6,Do odświeżenia,True,True,1969
806,8439,0.0,Jeździecka 15,2,38.15,3,6,Do odświeżenia,True,True,1969
807,8440,0.0,Jeździecka 15,2,49.7,4,6,Do odświeżenia,True,True,1969
808,8442,0.0,Jeździecka 15,2,49.71,5,6,Do odświeżenia,True,True,1969
809,8443,0.0,Jeździecka 15,2,38.15,4,6,Do odświeżenia,True,True,1969
810,8444,0.0,Jeździecka 15,2,38.06,4,6,Do odświeżenia,True,True,1969
811,8445,0.0,Jeździecka 15,2,38.06,3,6,Do odświeżenia,True,True,1969
812,8446,0.0,Jeździecka 15,2,48.93,4,6,Do odświeżenia,True,True,1969
813,8447,0.0,Jeździecka 15,2,48.93,1,6,Do odświeżenia,True,True,1969
814,8449,0.0,Jeździecka 15,2,49.76,5,6,Do odświeżenia,True,True,1969
815,8450,0.0,Jeździecka 15,2,48.93,2,6,Do odświeżenia,True,True,1969
816,8452,0.0,Jeździecka 15,2,66.14,4,6,Do odświeżenia,True,True,1969
817,8453,0.0,Jeździecka 15,3,66.34,2,6,Do odświeżenia,True,True,1969
818,8454,0.0,Jeździecka 15,3,67.19,3,6,Do odświeżenia,True,True,1969
819,8455,0.0,Jeździecka 15,2,48.93,3,6,Do odświeżenia,True,True,1969
820,8456,0.0,Jeździecka 15,2,48.93,3,6,Do odświeżenia,True,True,1969
821,8457,0.0,Jeździecka 15,2,38.06,3,6,Do odświeżenia,True,True,1969
822,8458,0.0,Jeździecka 15,2,49.76,3,6,Do odświeżenia,True,True,1969
823,8459,0.0,Jeździecka 15,3,62.88,3,6,Do odświeżenia,True,True,1969
824,8460,0.0,Jeździecka 15,2,49.5,2,6,Do odświeżenia,True,True,1969
825,8464,0.0,Jeździecka 15,2,43.99,3,6,Do odświeżenia,True,True,1969
826,8466,0.0,Jeździecka 15,2,38.06,2,6,Do odświeżenia,True,True,1969
827,8467,0.0,Jeździecka 15,2,43.99,5,6,Do odświeżenia,True,True,1969
828,8472,0.0,Jeździecka 15,2,38.06,2,6,Do odświeżenia,True,True,1969
829,8474,0.0,Jeździecka 15,2,43.99,4,6,Do odświeżenia,True,True,1969
830,8475,0.0,Jeździecka 15,2,43.99,5,6,Do odświeżenia,True,True,1969
831,8476,0.0,Jeździecka 15,2,43.78,2,6,Do odświeżenia,True,True,1969
832,8480,0.0,Jeździecka 15,2,48.05,1,6,Do odświeżenia,True,True,1969
833,8482,0.0,Jeździecka 15,2,43.99,4,6,Do odświeżenia,True,True,1969
834,8483,0.0,Jeździecka 15,2,43.78,1,6,Do odświeżenia,True,True,1969
835,8486,0.0,Jeździecka 15,2,48.05,3,6,Do odświeżenia,True,True,1969
836,8488,0.0,Jeździecka 15,3,63.91,2,6,Do odświeżenia,True,True,1969
837,8489,0.0,Jeździecka 15,2,48.05,2,6,Do odświeżenia,True,True,1969
838,8490,0.0,Jeździecka 15,2,49.5,1,6,Do odświeżenia,True,True,1969
839,8491,0.0,Jeździecka 15,4,111.58,6,6,Do odświeżenia,True,True,1969
840,8493,0.0,Jeździecka 15,2,43.99,3,6,Do odświeżenia,True,True,1969
841,8494,0.0,Jeździecka 15,2,38.06,3,6,Do odświeżenia,True,True,1969
842,8497,0.0,Jeździecka 15,2,38.06,3,6,Do odświeżenia,True,True,1969
843,8539,0.0,Władysława Reymonta,3,59.15,6,8,Do odświeżenia,False,True,1969
844,8572,0.0,Opolska / ul. Turawska,3,83.48,3,3,Do odświeżenia,False,True,1969
845,8577,0.0,Gajowa,3,59.43,1,3,Do odświeżenia,True,True,1969
846,8578,0.0,Gajowa,3,64.39,1,3,Do odświeżenia,True,True,1969
847,8581,0.0,Gajowa,2,34.95,1,3,Do odświeżenia,True,True,1969
848,8582,0.0,Gajowa,3,58.67,1,3,Do odświeżenia,True,True,1969
849,8584,0.0,Gajowa,3,58.67,2,3,Do odświeżenia,True,True,1969
850,8586,0.0,Gajowa,3,62.3,3,3,Do odświeżenia,True,True,1969
851,8587,0.0,Gajowa,3,68.48,3,3,Do odświeżenia,True,True,1969
852,8588,0.0,Gajowa,2,48.66,0,3,Do odświeżenia,True,True,1969
853,8589,0.0,Gajowa,3,64.38,1,3,Do odświeżenia,True,True,1969
854,8591,0.0,Gajowa,3,56.91,2,3,Do odświeżenia,True,True,1969
855,8592,0.0,Gajowa,3,58.11,1,3,Do odświeżenia,True,True,1969
856,8594,0.0,Gajowa,3,64.39,2,3,Do odświeżenia,True,True,1969
857,8598,0.0,Gajowa,3,54.63,2,3,Do odświeżenia,True,True,1969
858,8599,0.0,Gajowa,3,58.14,0,3,Do odświeżenia,True,True,1969
859,8603,0.0,Gajowa,3,56.91,0,3,Do odświeżenia,True,True,1969
860,8606,0.0,Gajowa,2,64.54,0,3,Do odświeżenia,True,True,1969
861,8607,0.0,Gajowa,2,34.73,2,3,Do odświeżenia,True,True,1969
862,8608,0.0,Gajowa,3,59.23,0,3,Do odświeżenia,True,True,1969
863,8609,0.0,Gajowa,3,58.11,2,3,Do odświeżenia,True,True,1969
864,8610,0.0,Gajowa,3,59.43,2,3,Do odświeżenia,True,True,1969
865,8611,0.0,Gajowa,3,63.11,3,3,Do odświeżenia,True,True,1969
866,8613,0.0,Gajowa,3,62.41,3,3,Do odświeżenia,True,True,1969
867,8615,0.0,Gajowa,3,56.91,1,3,Do odświeżenia,True,True,1969
868,8652,0.0,gen. Władysława Sikorskiego,3,52.1,10,23,Do remontu,False,True,1969
869,8664,0.0,gen. Władysława Sikorskiego,3,51.6,10,23,Do remontu,False,True,1969
870,8688,0.0,gen. Władysława Sikorskiego,2,46.05,10,23,Do remontu,False,True,1969
871,8707,0.0,gen. Władysława Sikorskiego,2,44.35,10,23,Do remontu,True,True,1969
872,8778,0.0,Opolska / ul. Turawska,2,44.14,2,3,Do odświeżenia,False,True,1969
873,8853,0.0,Bernardyńska,2,48.98,1,5,Do odświeżenia,True,True,1969
874,8962,0.0,Kawalerzystów,2,42.01,0,2,Do odświeżenia,True,True,1969
875,9020,0.0,Władysława Reymonta,3,71.41,0,8,Do odświeżenia,True,True,1969
876,9054,0.0,gen. Władysława Sikorskiego,2,44.35,10,23,Do remontu,True,True,1969
877,9076,0.0,gen. Władysława Sikorskiego,3,56.48,10,23,Do remontu,False,True,1969
878,9093,0.0,gen. Władysława Sikorskiego,2,45.82,10,23,Do remontu,False,True,1969
879,9151,0.0,Opolska / ul. Turawska,3,73.23,3,3,Do odświeżenia,False,True,1969
880,9329,0.0,Wojciecha z Brudzewa,2,41.63,3,3,Do odświeżenia,True,True,1969
881,9331,0.0,gen. Władysława Sikorskiego,3,52.1,10,23,Do remontu,False,True,1969
882,9336,0.0,gen. Władysława Sikorskiego,3,51.6,10,23,Do remontu,False,True,1969
883,9354,0.0,gen. Władysława Sikorskiego,3,51.6,10,23,Do remontu,False,True,1969
884,9382,0.0,Bernardyńska,2,56.99,4,5,Do odświeżenia,True,True,1969
885,9389,0.0,Bernardyńska,1,39.56,4,5,Do odświeżenia,True,True,1969
886,9496,0.0,gen. Władysława Sikorskiego,4,78.31,10,23,Do remontu,False,True,1969
887,9501,0.0,gen. Władysława Sikorskiego,3,56.48,10,23,Do remontu,False,True,1969
888,9507,0.0,Władysława Reymonta,2,50.32,1,8,Do odświeżenia,False,True,1969
889,9514,0.0,gen. Władysława Sikorskiego,2,44.35,10,23,Do remontu,True,True,1969
890,9518,0.0,Władysława Reymonta,3,70.23,6,8,Do odświeżenia,False,True,1969
891,9522,0.0,gen. Władysława Sikorskiego,2,46.05,10,23,Do remontu,False,True,1969
892,9555,0.0,Grodzieńska,3,58.82,0,2,Do remontu,True,True,1969
893,9568,0.0,gen. Władysława Sikorskiego,2,44.41,1,23,Do remontu,True,True,1969
894,9616,0.0,Władysława Reymonta,3,60.04,2,8,Do odświeżenia,False,True,1969
895,9639,0.0,gen. Władysława Sikorskiego,2,46.05,10,23,Do remontu,False,True,1969
896,9642,0.0,gen. Władysława Sikorskiego,3,52.1,10,23,Do remontu,False,True,1969
897,9646,0.0,Orawska,3,61.76,2,2,Do odświeżenia,True,True,1969
898,9690,0.0,Orawska,4,85.34,0,2,Do odświeżenia,True,True,1969
899,9724,0.0,Orawska,3,54.31,2,2,Do odświeżenia,True,True,1969
900,9725,0.0,Orawska,3,61.76,2,2,Do odświeżenia,True,True,1969
901,9728,0.0,Orawska,3,61.57,0,2,Do odświeżenia,True,True,1969
902,9730,0.0,Orawska,3,54.31,2,2,Do odświeżenia,True,True,1969
903,9732,0.0,Orawska,3,58.47,2,2,Do odświeżenia,True,True,1969
904,9740,0.0,Orawska,2,38.24,0,2,Do odświeżenia,True,True,1969
905,9745,0.0,Orawska,4,75.63,1,2,Do odświeżenia,True,True,1969
906,9748,0.0,Orawska,3,60.5,1,2,Do odświeżenia,True,True,1969
907,9752,0.0,Orawska,3,60.5,2,2,Do odświeżenia,True,True,1969
908,9756,0.0,Orawska,4,75.31,0,2,Do odświeżenia,True,True,1969
909,9837,0.0,Wojciecha z Brudzewa,3,71.52,2,3,Do odświeżenia,True,True,1969
910,9840,0.0,Nyska,3,54.67,3,4,Do odświeżenia,True,True,1969
911,9841,0.0,Wojciecha z Brudzewa,3,71.52,3,3,Do odświeżenia,True,True,1969
912,9842,0.0,Wojciecha z Brudzewa,3,78.11,1,3,Do odświeżenia,True,True,1969
913,9844,0.0,Wojciecha z Brudzewa,2,53.99,0,3,Do odświeżenia,True,True,1969
914,9846,0.0,Wojciecha z Brudzewa,2,49.39,2,3,Do odświeżenia,True,True,1969
915,9847,0.0,gen. Władysława Sikorskiego,3,56.48,10,23,Do remontu,False,True,1969
916,9849,0.0,gen. Władysława Sikorskiego,4,78.31,10,23,Do remontu,False,True,1969
917,9850,0.0,Wojciecha z Brudzewa,3,57.45,0,3,Do odświeżenia,True,True,1969
918,9854,0.0,Wojciecha z Brudzewa,4,108.72,3,3,Do odświeżenia,True,True,1969
919,9855,0.0,Wojciecha z Brudzewa,4,108.48,0,3,Do odświeżenia,True,True,1969
920,9856,0.0,Wojciecha z Brudzewa,2,49.39,3,3,Do odświeżenia,True,True,1969
921,9858,0.0,Wojciecha z Brudzewa,3,71.52,2,3,Do odświeżenia,True,True,1969
922,9860,0.0,Wojciecha z Brudzewa,4,108.72,2,3,Do odświeżenia,True,True,1969
923,9862,0.0,Wojciecha z Brudzewa,3,71.52,1,3,Do odświeżenia,True,True,1969
924,9864,0.0,Wojciecha z Brudzewa,3,64.95,2,3,Do odświeżenia,True,True,1969
925,9867,0.0,Wojciecha z Brudzewa,3,78.11,3,3,Do odświeżenia,True,True,1969
926,9871,0.0,Władysława Reymonta,3,59.15,3,8,Do odświeżenia,False,True,1969
927,9874,0.0,gen. Władysława Sikorskiego,2,44.35,10,23,Do remontu,True,True,1969
928,9875,0.0,Wojciecha z Brudzewa,3,64.95,1,3,Do odświeżenia,True,True,1969
929,9881,0.0,gen. Józefa Haukego-Bosaka,3,90.18,4,7,Do odświeżenia,True,True,1969
930,9889,0.0,Wojciecha z Brudzewa,3,78.11,1,3,Do odświeżenia,True,True,1969
931,9890,0.0,Wojciecha z Brudzewa,2,53.36,0,3,Do odświeżenia,True,True,1969
932,9898,0.0,Wojciecha z Brudzewa,2,52.85,0,3,Do odświeżenia,True,True,1969
933,9909,0.0,Wojciecha z Brudzewa,3,78.11,1,3,Do odświeżenia,True,True,1969
934,9914,0.0,Wojciecha z Brudzewa,3,71.52,3,3,Do odświeżenia,True,True,1969
935,9915,0.0,gen. Władysława Sikorskiego,2,46.05,10,23,Do remontu,False,True,1969
936,9932,0.0,gen. Władysława Sikorskiego,2,44.34,10,23,Do remontu,True,True,1969
937,9944,0.0,Nyska,3,52.42,3,4,Do odświeżenia,True,True,1969
938,9948,0.0,gen. Władysława Sikorskiego,4,78.31,10,23,Do remontu,False,True,1969
939,9952,0.0,Grodzieńska,3,59.74,0,2,Do remontu,True,True,1969
940,9953,0.0,gen. Władysława Sikorskiego,3,56.48,10,23,Do remontu,False,True,1969
941,9954,0.0,Grodzieńska,3,58.55,0,2,Do remontu,True,True,1969
942,9960,0.0,Władysława Reymonta,3,60.04,6,8,Do odświeżenia,False,True,1969
943,9962,0.0,Władysława Reymonta,3,73.19,5,8,Do odświeżenia,False,True,1969
944,9964,0.0,Władysława Reymonta,2,43.14,2,8,Do odświeżenia,False,True,1969
945,9965,0.0,Władysława Reymonta,3,73.19,1,8,Do odświeżenia,False,True,1969
946,9967,0.0,Władysława Reymonta,3,73.2,3,8,Do odświeżenia,False,True,1969
947,9971,0.0,Władysława Reymonta,2,39.23,3,8,Do odświeżenia,False,True,1969
948,9973,0.0,Władysława Reymonta,2,33.06,3,8,Do odświeżenia,False,True,1969
949,9975,0.0,Władysława Reymonta,3,73.2,2,8,Do odświeżenia,False,True,1969
950,9976,0.0,Władysława Reymonta,2,53.35,1,8,Do odświeżenia,False,True,1969
951,9977,0.0,Władysława Reymonta,2,43.8,4,8,Do odświeżenia,False,True,1969
952,9979,0.0,Władysława Reymonta,2,43.14,3,8,Do odświeżenia,False,True,1969
953,9981,0.0,Władysława Reymonta,3,70.23,1,8,Do odświeżenia,False,True,1969
954,9982,0.0,Władysława Reymonta,2,53.35,3,8,Do odświeżenia,False,True,1969
955,9983,0.0,Władysława Reymonta,2,50.32,3,8,Do odświeżenia,False,True,1969
956,9984,0.0,Władysława Reymonta,3,59.15,7,8,Do odświeżenia,False,True,1969
957,9985,0.0,Władysława Reymonta,2,32.87,2,8,Do odświeżenia,False,True,1969
958,9987,0.0,Władysława Reymonta,2,51.77,5,8,Do odświeżenia,False,True,1969
959,9988,0.0,Władysława Reymonta,2,39.23,2,8,Do odświeżenia,False,True,1969
960,9990,0.0,Władysława Reymonta,2,43.14,1,8,Do odświeżenia,False,True,1969
961,9991,0.0,Władysława Reymonta,2,43.15,1,8,Do odświeżenia,False,True,1969
962,9994,0.0,Władysława Reymonta,3,65.6,3,8,Do odświeżenia,False,True,1969
963,9997,0.0,Władysława Reymonta,3,73.2,4,8,Do odświeżenia,False,True,1969
964,9998,0.0,Władysława Reymonta,2,53.45,0,8,Do odświeżenia,True,True,1969
965,9999,0.0,Władysława Reymonta,3,65.6,5,8,Do odświeżenia,False,True,1969
966,10000,0.0,Władysława Reymonta,2,43.79,0,8,Do odświeżenia,False,True,1969
967,10004,0.0,Władysława Reymonta,3,73.19,3,8,Do odświeżenia,False,True,1969
968,10005,0.0,Władysława Reymonta,3,60.04,3,8,Do odświeżenia,False,True,1969
969,10007,0.0,Władysława Reymonta,3,70.23,2,8,Do odświeżenia,False,True,1969
970,10016,0.0,gen. Władysława Sikorskiego,3,56.47,10,23,Do remontu,True,True,1969
971,10019,0.0,gen. Władysława Sikorskiego,2,44.35,10,23,Do remontu,True,True,1969
972,10027,0.0,gen. Władysława Sikorskiego,2,46.07,10,23,Do remontu,False,True,1969
973,10067,0.0,Grodzieńska,3,60.18,2,2,Do odświeżenia,True,True,1969
974,10082,0.0,Grodzieńska,3,60.18,0,2,Do odświeżenia,True,True,1969
975,10093,0.0,Bernardyńska,1,66.91,4,5,Do odświeżenia,True,True,1969
976,10097,0.0,gen. Władysława Sikorskiego,3,51.55,10,23,Do remontu,True,True,1969
977,10111,0.0,gen. Władysława Sikorskiego,2,41.37,10,23,Do remontu,True,True,1969
978,10112,0.0,gen. Władysława Sikorskiego,3,58.5,2,23,Do remontu,True,True,1969
979,10120,0.0,gen. Władysława Sikorskiego,2,46.07,10,23,Do remontu,False,True,1969
980,10125,0.0,Nyska,2,41.86,1,4,Do odświeżenia,True,True,1969
981,10178,0.0,gen. Władysława Sikorskiego,4,71.37,10,23,Do remontu,False,True,1969
982,10199,0.0,gen. Władysława Sikorskiego,3,56.47,10,23,Do remontu,True,True,1969
983,10202,0.0,gen. Władysława Sikorskiego,2,44.35,10,23,Do remontu,True,True,1969
984,10206,0.0,gen. Władysława Sikorskiego,3,51.55,10,23,Do remontu,False,True,1969
985,10207,0.0,gen. Władysława Sikorskiego,2,46.07,10,23,Do remontu,False,True,1969
986,10212,0.0,Romana Dmowskiego,3,68.7,3,6,Do odświeżenia,True,True,1969
987,10220,0.0,gen. Władysława Sikorskiego,2,44.35,10,23,Do remontu,True,True,1969
988,10224,0.0,gen. Władysława Sikorskiego,3,56.47,10,23,Do remontu,False,True,1969
989,10247,0.0,gen. Władysława Sikorskiego,3,56.48,10,23,Do remontu,False,True,1969
990,10255,0.0,gen. Władysława Sikorskiego,4,78.31,10,23,Do remontu,False,True,1969
991,10258,0.0,gen. Władysława Sikorskiego,2,46.05,10,23,Do remontu,False,True,1969
992,10264,0.0,Nyska,3,68.61,2,4,Do odświeżenia,True,True,1969
993,10268,0.0,Nyska,3,55.77,1,4,Do odświeżenia,True,True,1969
994,10270,0.0,gen. Władysława Sikorskiego,2,44.34,10,23,Do remontu,True,True,1969
995,10271,0.0,Grodzieńska,3,60.45,1,2,Do odświeżenia,True,True,1969
996,10273,0.0,Nyska,3,68.6,2,4,Do odświeżenia,True,True,1969
997,10275,0.0,gen. Władysława Sikorskiego,3,52.0,5,23,Do remontu,True,True,1969
998,10282,0.0,Nyska,3,55.77,1,4,Do odświeżenia,True,True,1969
