nazwa_ogloszenia,cena,opis,lokalizacja,zametr,pokoje,powierzchnia,umeblowane,czynsz,rodzaj zabudowy,rynek,piętro,typ,forma wlasnosci,stan wykonczenia,balkon/ogrod/taras,miejsce parkingowe,ogrzewanie
4-pokojowe mieszkanie 80m2 + balkon Bez Prowizji,858 352 zł,"4-pokojowe mieszkanie numer B4-K2-1-3 na 1. piętrze w budynku B4 w Inwestycji Żerniki Na Novo Dewelopera ATAL
Strefa do jogi oraz przestrzeń dla najmłodszych
Las (20 minut spacerem)
Przystanek tramwajowy i autobusowy (12 minut spacerem)
Lidl (7 minut samochodem), Biedronka (8 minut samochodem)
Port Lotniczy Wrocław (14 minut samochodem)
CH Magnolia Park, Kino Helios (14 minut samochodem)
Tarczyński Arena (6 minut samochodem)





Żerniki, ul. Witolda Lipińskiego/ul. Maxa Berga
Istotne punkty w okolicy inwestycji",,"ul. Konińska, Leśnica, Fabryczna, Wrocław, dolnośląskie",4,"80,41 m²",,,,,1/4,,pełna własność,do wykończenia,balkon,garaż/miejsce parkingowe,
Widok na zieleń osiedlową| gotowe mieszkanie,789 000 zł,"Zapraszam na spotkanie na osiedlu - Kasia tel. 881 474 470
Zakup od dewelopera - kupujący nie płaci prowizji oraz podatku 2% PCC!
Największe atuty inwestycji:
√ liczne tereny rekreacyjne, ścieżki rowerowe
√ dwa parki: Popowicki i Zachodni
√ doskonała komunikacja miejska - nowa linia tramwajowa
√ ładnie zagospodarowane tereny wspólne, liczne nasadzenia roślinności, oczka wodne","Szczepin, Stare Miasto, Wrocław, dolnośląskie",13 891 zł/m²,3,"56,8 m²",,,,pierwotny,parter/9,,pełna własność,do wykończenia,balkon,garaż/miejsce parkingowe,miejskie
Ustawne i słoneczne 2 pokoje Balkon Bez prowizji,579 000 zł,"Gotowe w lipcu 2025 / Ustawne i słoneczne 2-pokoje / Różne metraże / Spokojna okolica / Winda / Ogrzewanie miejskie
Posiadamy w sprzedaży mieszkania na różnych piętrach oraz w różnych metrażach zarówno na tej inwestycji jak i w całym Wrocławiu. Zadzwoń i umów się na spotkanie!
Brak podatku PCC oraz brak prowizji.
Największe atuty inwestycji:
Mieszkanie znajduje się w bardzo zielonej i prestiżowej dzielnicy Wrocławia.","ul. Racławicka, Krzyki, Krzyki, Wrocław, dolnośląskie",14 088 zł/m²,2,"41,1 m²",,400 zł,,pierwotny,2/4,,,,balkon,,miejskie
Mieszkanie - Wrocław Kleczków,740 745 zł,"Zapraszam do prezentacji tego pięknego, rozkładowego mieszkania o powierzchni 65m2, z trzema pokojami oraz oddzielną kuchnią. Mieszkanie jest wyeksponowane na południe co zapewnia dużo słońca w mieszkaniu. Doskonała lokalizacja zapewni szybki dostęp do centrum, jak również wiele miejsc do wypoczynku. Mieszkanie jest po generalnym remoncie co sprawia, że nie wymaga dodatkowych nakładów finansowych.


NIERUCHOMOŚĆ:

Mieszkanie o powierzchni 65 m2, składa się z:
- Salon o powierzchni 18.6 m2,
- Pokój o powierzchni 10.7 m2,
- Pokój o powierzchni 8.8 m2,
- Przestronna łazienka 5.5 m2 z szafkami które pomieszczą dużą ilość rzeczy,
- kuchnia 5.5 m2 ze sprzętem AGD, kuchenką gazową,
- schowek 1.4 m2,


ATUTY NIERUCHOMOŚCI:","ul. Kleczkowska, Kleczków, Psie Pole, Wrocław, dolnośląskie",11 396 zł/m²,3,65 m²,,470 zł,,wtórny,4/5,,,,,,gazowe
Częściowo wykończone 3-pok/ Duży taras/Antresola!,899 000 zł,Film,"Księże, Krzyki, Wrocław, dolnośląskie",11 467 zł/m²,3,"78,4 m²",,,,wtórny,2/2,,pełna własność,do wykończenia,,garaż/miejsce parkingowe,miejskie
3-pokojowe mieszkanie 53m2 + balkon,628 660 zł,"3-pokojowe mieszkanie numer B1-K1-1-2 na 1. piętrze w budynku B1 w Inwestycji Żerniki Na Novo Dewelopera ATAL
Strefa do jogi oraz przestrzeń dla najmłodszych
Las (20 minut spacerem)
Przystanek tramwajowy i autobusowy (12 minut spacerem)
Lidl (7 minut samochodem), Biedronka (8 minut samochodem)
Port Lotniczy Wrocław (14 minut samochodem)
CH Magnolia Park, Kino Helios (14 minut samochodem)
Tarczyński Arena (6 minut samochodem)





Żerniki, ul. Witolda Lipińskiego/ul. Maxa Berga
Istotne punkty w okolicy inwestycji",,"ul. Konińska, Leśnica, Fabryczna, Wrocław, dolnośląskie",3,"53,02 m²",,,,,1/4,,pełna własność,do wykończenia,balkon,garaż/miejsce parkingowe,
Ogród / Cztery pokoje / Balkon,899 900 zł,"Duży salon / Ogród / Balkon / Cztery pokoje
Brak Prowizji No Commission! Bez PCC!
Mieszkanie 4-pokojowe o powierzchni łącznej 89 metrów kwadratowych, znajdujące się na osiedlu Zakrzów w stanie deweloperskim, jest idealnym miejscem dla rodzin lub osób poszukujących przestronnego mieszkania z ogrodem i balkonem. Ogromnym atutem tego mieszkania jest przestronny pokój dzienny o powierzchni ponad 41 metrów kwadratowych.
Posiadam w sprzedaży mieszkania na różnych piętrach oraz w różnym metrażu zarówno na tej inwestycji jak i w całym Wrocławiu. Zadzwoń, zarezerwuj i umów się na spotkanie!","Zawidawie, Psie Pole, Wrocław, dolnośląskie",10 168 zł/m²,4,"88,5 m²",,,,pierwotny,parter/4,,pełna własność,,"balkon, ogródek",garaż/miejsce parkingowe,miejskie
Ostatni apartment 10p. z widokiem na rzekę/Quorum!,670 000 zł,Film,"Nadodrze, Śródmieście, Wrocław, dolnośląskie",23 929 zł/m²,,28 m²,,,,pierwotny,10/16,,pełna własność,do wykończenia,,garaż/miejsce parkingowe,miejskie
Blisko Rynku|doskonała inwestycja|gotowe na wiosnę,539 999 zł,"Zapraszam na spotkanie - Kasia tel. 881 474 470
Zakup od dewelopera - kupujący nie płaci prowizji oraz podatku 2% PCC!

Największe atuty inwestycji:

√ wyjątkowy projekt, połączenie zrewitalizowanego obiektu z elegancką nowoczesnością
√ doskonała lokalizacja w samym centrum miasta","Nadodrze, Śródmieście, Wrocław, dolnośląskie",18 621 zł/m²,2,29 m²,,,,pierwotny,4/6,,pełna własność,,balkon,garaż/miejsce parkingowe,miejskie
Mieszkanie - Wrocław Śródmieście,709 565 zł,"Zapraszam do prezentacji tego pięknego, urokliwego mieszkania w wyremontowanej kamienicy. Mieszkanie posiada wysokie ściany, aż 4 metry wysokości dlatego została w nim zamontowana bardzo użyteczna, drewniana antresola, co sprawia, że przestrzeń zostaje bardzo dobrze wykorzystana.  Doskonała lokalizacja zapewni szybki dostęp do centrum, jak również wiele miejsc do wypoczynku.


NIERUCHOMOŚĆ:

Mieszkanie o powierzchni 59 m2, składa się z:","ul. Henryka Pobożnego, Nadodrze, Śródmieście, Wrocław, dolnośląskie",12 027 zł/m²,,59 m²,,,,wtórny,2/4,,,,,,
Gotowe w tym roku|Kameralne|Niska zabudowa,539 400 zł,"Do sprzedaży 3 pokoje z balkonem na nowym, kameralnym osiedlu na Lipie Piotrowskiej.
Posiadamy w sprzedaży mieszkania na innych piętrach oraz o różnych układach-zapraszam na spotkanie na osiedlu!
NIERUCHOMOŚĆ:
Jasne, ustawne mieszkanie o powierzchni 52 m2 usytuowane na pierwszym piętrze kameralnego budynku wielorodzinnego.
Mieszkanie składa się z przestronnego pokoju dziennego z aneksem kuchennym, 2 sypialni, ustawnego przedpokoju, łazienki oraz dodatkowo balkonu.Ekspozycja południowa.","Melisowa, Lipa Piotrowska, Psie Pole, Wrocław, dolnośląskie",10 373 zł/m²,3,52 m²,,,,wtórny,1/2,,pełna własność,do wykończenia,balkon,garaż/miejsce parkingowe,
Promocja/ 3 pokoje/ Balkon/ Lipa Piotrowska,551 924 zł,"Mieszkanie 3-pokojowe z balkonem/Gotowe na jesień 2024/Doskonała lokalizacja/ Zielona Okolica/
Zapraszam na spotkanie na osiedlu - Monika tel. 881 474 335
Bez prowizji i bez podatku PCC
Termin oddania: III kwartał 2024
Posiadam w sprzedaży mieszkania na różnych piętrach oraz w różnym metrażu zarówno na tej inwestycji jak i w całym Wrocławiu. Zadzwoń i umów się na spotkanie!
Największe atuty inwestycji:","ul. Lawendowa, Widawa, Psie Pole, Wrocław, dolnośląskie",10 690 zł/m²,3,"51,63 m²",,,,pierwotny,2/2,,pełna własność,,balkon,garaż/miejsce parkingowe,miejskie
Narożne | możliwy rozkład | gotowe w 2024,710 200 zł,"Zapraszam na prezentację:
Patrycja: tel. 881 474 171
Kupujący nie płaci prowizji oraz podatku PCC.
✔︎ Zapewniam pomoc w uzyskaniu kredytu oraz wykończeniu mieszkania pod klucz
✔︎ Możliwość bezpłatnej rezerwacji mieszkania
✔︎ Kupując ze mną nieruchomość zyskujesz 10% rabatu na wykończenie lub remont mieszkania*","Księże, Krzyki, Wrocław, dolnośląskie",11 548 zł/m²,3,"61,5 m²",,,,pierwotny,2/2,,pełna własność,,balkon,garaż/miejsce parkingowe,miejskie
Gotowe od zaraz/ 3 pokoje z balkonem/ 2 łazienki,649 000 zł,"Mieszkanie 3-pokojowe z balkonem/ Dwie Łazienki/ Nowoczesne osiedle/Tereny rekreacyjne/ Winda / Spokojna okolica
Bez prowizji i bez podatku PCC
Termin oddania: gotowe do odbioru
Posiadam w sprzedaży mieszkania na różnych piętrach oraz w różnym metrażu zarówno na tej inwestycji jak i w całym Wrocławiu. Zadzwoń i umów się na spotkanie!
Największe atuty inwestycji:
- tereny rekreacyjne: Park Pawłowicki, Las Zakrzowski","ul. Odolanowska, Zawidawie, Psie Pole, Wrocław, dolnośląskie",12 895 zł/m²,3,"50,33 m²",,,,pierwotny,4/4,,pełna własność,,balkon,garaż/miejsce parkingowe,miejskie
"1-pokojowe Nyska,Balkon+Garaż Podziemny 540625zł",485 625 zł,"Sprzedam  mieszkanie 27,76 m2. Do Rynku 3,5 km , na strzeżonym osiedlu Innova przy ul. Nyskiej z balkonem 2,06 m2, oraz miejscem postojowym w garażu podziemnym, z windą , klatka schodowa ogrzewana. Mieszkanie jest ładne,  nowoczesne ,funkcjonalne i przede wszystkim ciche, ogrzewanie miejskie. Blisko przystanki tramwajowe i autobusowe, sklepy spożywcze, KFC i Mc Donalds , centra handlowe, kino . Za całość z miejscem parkingowym 540625zł .  Tel. 663-281-700 . Mieszkanie obecnie jest wynajmowane","Przedmieście Świdnickie, Stare Miasto, Wrocław, dolnośląskie",17 500 zł/m²,,"27,75 m²",,500 zł,,wtórny,2/5,,pełna własność,do zamieszkania,balkon,garaż/miejsce parkingowe,miejskie
"Apartament z widokiem na rzekę 75m2, Ks. Witolda",1 875 000 zł,"OFERTA BEZPOŚREDNIO OD WŁAŚCICIELA.
Informacja dla Agentów Nieruchomości - w trosce o Państwa czas chciałabym poinformować, proszę o kontakt jedynie w przypadku, jeśli mają Państwo Klienta zainteresowanego tym mieszkaniem. Z góry dziękuję :)
Na sprzedaż 3-pokojowy apartament (75 m2), zlokalizowany w inwestycji Bulwary Książęce, z widokiem na Odrę.
Bulwary Książęce, położone przy ul. Księcia Witolda, wyróżniają przede wszystkim nowoczesną architekturą oraz zjawiskową elewacją, zdobioną włoskimi panelami ceramicznymi, której wygląd zmienia się pod wpływem światła słonecznego, koloru nieba i nurtu Odry.
Integralną część kompleksu stanowi pasaż usługowo-handlowy. Budynek jest całodobowo chroniony i monitorowany.","Szczepin, Stare Miasto, Wrocław, dolnośląskie",25 000 zł/m²,3,75 m²,,1 000 zł,,wtórny,4/7,,pełna własność,do zamieszkania,balkon,garaż/miejsce parkingowe,miejskie
Gotowe| blisko Rynku| zielone osiedle| tramwaj,834 000 zł,"Zapraszam na spotkanie na osiedlu - Kasia tel. 881 474 470
Zakup od dewelopera - kupujący nie płaci prowizji oraz podatku 2% PCC!
Największe atuty inwestycji:
√ liczne tereny rekreacyjne, ścieżki rowerowe
√ dwa parki: Popowicki i Zachodni
√ doskonała komunikacja miejska - nowa linia tramwajowa
√ ładnie zagospodarowane tereny wspólne, liczne nasadzenia roślinności, oczka wodne","Szczepin, Stare Miasto, Wrocław, dolnośląskie",12 069 zł/m²,3,"69,1 m²",,,,pierwotny,parter/9,,pełna własność,do wykończenia,balkon,garaż/miejsce parkingowe,miejskie
Z ogródkiem|zielona okolica|kameralna zabudowa,598 150 zł,"Zapraszam na spotkanie na osiedlu - Ewa tel. 881 474 134
Zakup od dewelopera - kupujący nie płaci prowizji oraz podatku 2% PCC!
Największe atuty inwestycji:
√ kameralne budynki
√ miejsca postojowe oraz komórki lokatorskie
√ tereny rekreacyjne: Park Wschodni, liczne ścieżki spacerowe i rowerowe
zielona okolica






:","Księże, Krzyki, Wrocław, dolnośląskie",13 975 zł/m²,2,"42,8 m²",,,,pierwotny,parter/2,,pełna własność,,balkon,garaż/miejsce parkingowe,
2-pokojowe mieszkanie 48m2 + ogródek,597 830 zł,"2-pokojowe mieszkanie numer B2-K1-0-3 na parterze w budynku B2 w Inwestycji Żerniki Na Novo Dewelopera ATAL
Strefa do jogi oraz przestrzeń dla najmłodszych
Las (20 minut spacerem)
Przystanek tramwajowy i autobusowy (12 minut spacerem)
Lidl (7 minut samochodem), Biedronka (8 minut samochodem)
Port Lotniczy Wrocław (14 minut samochodem)
CH Magnolia Park, Kino Helios (14 minut samochodem)
Tarczyński Arena (6 minut samochodem)





Żerniki, ul. Witolda Lipińskiego/ul. Maxa Berga
Istotne punkty w okolicy inwestycji",,"ul. Konińska, Leśnica, Fabryczna, Wrocław, dolnośląskie",2,"48,73 m²",,,,,parter/4,,pełna własność,do wykończenia,"taras, ogródek",garaż/miejsce parkingowe,
"3Pok+Balkon|Piękne osiedle|Dwustronne|Łaz,Wc",677 800 zł,"Do sprzedaży bardzo ładne,dwustronne mieszkanie 3-pokojowe z balkonem na pięknym, zielonym osiedlu w samym sercu Oporowa.
Oferta bez prowizji, bezpośrednio od dewelopera.
Dostępne różne układy mieszkań na wszystkich piętrach - zadzwoń i umów się prezentację!
Zapewniam pomoc w uzyskaniu kredytu oraz w wykończeniu mieszkania pod klucz.
NIERUCHOMOŚĆ","Oporów, Fabryczna, Wrocław, dolnośląskie",10 759 zł/m²,3,63 m²,,,,pierwotny,1/4,,pełna własność,do wykończenia,balkon,garaż/miejsce parkingowe,miejskie
Promocja!/4 pokoje/2 łazienki/loggia 20m2,1 081 000 zł,"Mieszkanie 4- pokojowe z dużym balkonem/ Dwie łazienki/ Tramwaj / PKP  / Centrum / 
Bez prowizji i bez podatku PCC
Termin oddania: gotowe do odbioru
Posiadam w sprzedaży mieszkania na różnych piętrach oraz w różnym metrażu zarówno na tej inwestycji jak i w całym Wrocławiu.  Zadzwoń i umów się na spotkanie!
Najważniejsze zalety osiedla:
- zaledwie 3km od wrocławskiego rynku.","ul. Długa, Szczepin, Stare Miasto, Wrocław, dolnośląskie",13 678 zł/m²,4,"79,03 m²",,,,pierwotny,6/6,,pełna własność,,balkon,garaż/miejsce parkingowe,miejskie
Okazja cenowa/ Duży taras/ Ogród/ 2 pokoje,578 000 zł,"Winda/ Nowoczesne osiedle/ Okazja/ 2 pokoje/ Zielona okolica/ Widok na wewnętrzny zielony dziedziniec/ Możliwość wydzielenia osobnej kuchni
Posiadam w sprzedaży mieszkania na różnych piętrach oraz w różnym metrażu zarówno na tej inwestycji jak i w całym Wrocławiu. Zadzwoń i umów się na spotkanie!
Kupujący nie płaci podatku PCC oraz prowizji.
Największe atuty inwestycji:
- tereny przyrodnicze Natura 2000 tuż za progiem","ul. Świątnicka, Księże, Krzyki, Wrocław, dolnośląskie",11 918 zł/m²,2,"48,5 m²",,,,pierwotny,parter/2,,pełna własność,,"ogródek, taras",garaż/miejsce parkingowe,miejskie
Narożne z dużym tarasem|Opcja osobnej kuchni,691 720 zł,"Nowoczesne osiedle blisko Parku Grabiszyńskiego!
Zapraszam na spotkanie na osiedlu - Ewa tel. 881 474 134
Zakup od dewelopera - kupujący nie płaci prowizji oraz podatku 2% PCC!
Posiadam w sprzedaży mieszkania na różnych piętrach oraz w różnym metrażu zarówno na tej inwestycji jak i w całym Wrocławiu. Zadzwoń i umów się na spotkanie!
Kupujący nie płaci prowizji oraz podatku PCC.
- pełna infrastruktura","Oporów, Fabryczna, Wrocław, dolnośląskie",11 193 zł/m²,3,"61,8 m²",,,,pierwotny,parter/3,,pełna własność,,balkon,garaż/miejsce parkingowe,miejskie
4-pokojowe mieszkanie z balkonem i ogródkiem,899 000 zł,"Opiekun oferty:
Katarzyna Guła
tel: 602 101 602
Unikatowe mieszkanie z balkonem i ogródkiem do własnej aranżacji.
Zapraszam do kontaktu. W jednym miejscu i w jednym czasie porównamy oferty nieruchomości z ponad siedemdziesięciu wrocławskich inwestycji.
Układ pomieszczeń:
- salon z aneksem - 41.13 m2
- pokój - 12.46 m2
- pokój - 11.13 m2
- pokój - 10,14 m2
- przedpokój - 7.80 m2
- łazienka - 4.36 m2
- WC - 1.47 m2","ul. Odolanowska, Zawidawie, Psie Pole, Wrocław, dolnośląskie",10 159 zł/m²,4,"88,49 m²",,900 zł,,pierwotny,parter/4,,pełna własność,do wykończenia,ogródek,,miejskie
2-pokojowe mieszkanie 44m2 + ogródek Bez Prowizji,566 190 zł,"2-pokojowe mieszkanie numer B4-K1-0-1 na parterze w budynku B4 w Inwestycji Żerniki Na Novo Dewelopera ATAL
Strefa do jogi oraz przestrzeń dla najmłodszych
Las (20 minut spacerem)
Przystanek tramwajowy i autobusowy (12 minut spacerem)
Lidl (7 minut samochodem), Biedronka (8 minut samochodem)
Port Lotniczy Wrocław (14 minut samochodem)
CH Magnolia Park, Kino Helios (14 minut samochodem)
Tarczyński Arena (6 minut samochodem)





Żerniki, ul. Witolda Lipińskiego/ul. Maxa Berga
Istotne punkty w okolicy inwestycji",,"ul. Konińska, Leśnica, Fabryczna, Wrocław, dolnośląskie",2,"44,51 m²",,,,,parter/4,,pełna własność,do wykończenia,"taras, ogródek",garaż/miejsce parkingowe,
Wyjątkowe 2-pokojowe z tarasem i komórką lok.,699 000 zł,Wirtualny spacer,"ul. Jodłowicka, Pracze Odrzańskie, Fabryczna, Wrocław, dolnośląskie",13 855 zł/m²,2,"50,45 m²",,670 zł,,wtórny,parter/3,,pełna własność,do zamieszkania,"ogródek, taras",garaż/miejsce parkingowe,
Gotowe! Śródmieście!Browary Wrocławskie,949 900 zł,"Gotowe / Ogrzewanie miejskie / Winda/ Promocja/ Blisko centrum/ Dobrze skomunikowane
Posiadam w sprzedaży mieszkania na różnych piętrach oraz w różnym metrażu zarówno na tej inwestycji jak i w całym Wrocławiu. Zadzwoń i umów się na spotkanie!
Kupujący nie płaci prowizji oraz podatku PCC.
Największe atuty inwestycji:
- tereny rekreacyjne: Park Stanisława Tołpy, tereny spacerowe wzdłuż Odry","Mosty Warszawskie, Ołbin, Śródmieście, Wrocław, dolnośląskie",12 750 zł/m²,4,"74,5 m²",,,,pierwotny,4/7,,pełna własność,,balkon,garaż/miejsce parkingowe,miejskie
4-pokojowe mieszkanie 70m2 + balkon,797 678 zł,"4-pokojowe mieszkanie numer B2-K2-3-4 na 3. piętrze w budynku B2 w Inwestycji Żerniki Na Novo Dewelopera ATAL
Strefa do jogi oraz przestrzeń dla najmłodszych
Las (20 minut spacerem)
Przystanek tramwajowy i autobusowy (12 minut spacerem)
Lidl (7 minut samochodem), Biedronka (8 minut samochodem)
Port Lotniczy Wrocław (14 minut samochodem)
CH Magnolia Park, Kino Helios (14 minut samochodem)
Tarczyński Arena (6 minut samochodem)





Żerniki, ul. Witolda Lipińskiego/ul. Maxa Berga
Istotne punkty w okolicy inwestycji",,"ul. Konińska, Leśnica, Fabryczna, Wrocław, dolnośląskie",4,"70,79 m²",,,,,3/4,,pełna własność,do wykończenia,balkon,garaż/miejsce parkingowe,
Garderoba /Gotowe do odbioru / 3 pokoje,694 152 zł,"Balkon / Osobna Garderoba / 3 pokoje
                         Brak Prowizji ! No Commission!
Atutami tego mieszkania zdecydowanie są: świetny rozkład, duży pokój dzienny z aneksem oraz osobna garderoba w głównej sypialni. Znajdujące się na 3 piętrze mieszkanie usytułowane jest od strony północnej dzięki czemu jest bardzo dobrze naświetlone.
Posiadam w sprzedaży mieszkania na różnych piętrach oraz w różnym metrażu zarówno na tej inwestycji jak i w całym Wrocławiu.  Zadzwoń, zarezerwuj i umów się na spotkanie!","Zawidawie, Psie Pole, Wrocław, dolnośląskie",10 517 zł/m²,3,66 m²,,,,pierwotny,3/4,,pełna własność,,balkon,garaż/miejsce parkingowe,miejskie
Lipa Piotrowska/ Nowe osiedle/ Duży ogródek/ Rabat,610 000 zł,"Rabat/ Winda/ Nowoczesne osiedle/ Niska zabudowa/ Zielona okolica/ Okna na 3 strony świata/ 3 pokoje/ Ogródek
Posiadam w sprzedaży mieszkania na różnych piętrach oraz w różnym metrażu zarówno na tej inwestycji jak i w całym Wrocławiu. Zadzwoń i umów się na spotkanie!
Kupujący nie płaci podatku PCC oraz prowizji.
Największe atuty inwestycji:
- kameralna niska zabudowa w otoczeniu domów jednorodzinnych, domów w zabudowie szeregowej i bliźniaczej","ul. Lawendowa, Lipa Piotrowska, Psie Pole, Wrocław, dolnośląskie",11 091 zł/m²,3,55 m²,,,,pierwotny,parter/3,,pełna własność,,"ogródek, taras",garaż/miejsce parkingowe,
"Piękne,kameralne osiedle|Ogród 204m2|Gotowe w 2024",910 000 zł,"Do sprzedaży piękne, przestronne mieszkanie 4 pokojowe z dużym ogrodem  na prestiżowym Ołtaszynie.
Nowa inwestycja na wrocławskim Ołtaszynie to idealna propozycja dla osób, które cenią sobie spokój i znakomitą lokalizację. To kameralne osiedle domów szeregowych i mieszkań z ogrodami lub tarasami – wymarzone miejsce do życia dla par i rodzin z dziećmi.
Przystanek autobusowy przy osiedlu.
Gotowe już w tym roku!
Oferta bez prowizji, bezpośrednio od dewelopera.","ul. gen. Tadeusza Kutrzeby, Ołtaszyn, Krzyki, Wrocław, dolnośląskie",10 964 zł/m²,4,83 m²,,,,pierwotny,parter/2,,pełna własność,do wykończenia,"ogródek, taras",garaż/miejsce parkingowe,kotłownia
Gotowe do odbioru|Duży Balkon od Południa|Narożne,634 000 zł,"Do sprzedaży 3 pokoje z dużym balkonem na zielonym, kameralnym osiedlu na Zakrzowie.
Gotowe do odbioru!
Posiadamy w sprzedaży mieszkania na innych piętrach oraz o różnych układach-zapraszam na spotkanie na osiedlu!
NIERUCHOMOŚĆ:
Jasne, ustawne mieszkanie o powierzchni ok.50m2 m2 usytuowane na drugim piętrze kameralnego budynku wielorodzinnego (ten sam układ jest tez dostępny na wyższych kondygnacjach).","ul. Odolanowska, Zawidawie, Psie Pole, Wrocław, dolnośląskie",12 680 zł/m²,3,50 m²,,,,pierwotny,2/4,,pełna własność,do wykończenia,balkon,garaż/miejsce parkingowe,miejskie
Nowość / Świetna lokalizacja / Gabinet,660 900 zł,"Nowość / Świetna lokalizacja / Gabinet lub większy pokój dzienny
Brak Prowizji No Commission
Mieszkanie o powierzchni 57 metrów kwadratowych na Wrocławskich Krzykach to przytulne i komfortowe miejsce do zamieszkania. Położone w jednej z najbardziej atrakcyjnych dzielnic Wrocławia, to miejsce może być doskonałym wyborem dla singla, pary lub małej rodziny.
Posiadam w sprzedaży mieszkania na różnych piętrach oraz w różnym metrażu zarówno na tej inwestycji jak i w całym Wrocławiu. Zadzwoń, zarezerwuj i umów się na spotkanie!","Grabiszynek, Fabryczna, Wrocław, dolnośląskie",11 595 zł/m²,3,57 m²,,,,pierwotny,3/4,,pełna własność,,balkon,garaż/miejsce parkingowe,miejskie
M 3pok z ogródkiem 64m^ Legnicka FABRYCZNA,890 000 zł,"Na sprzedaż trzypokojowe mieszkanie we Wrocławiu w inwestycji PIXEL HOUSE naprzeciwko Galerii Magnolia. Mieszkanie o powierzchni 64,34 m2 mieści się na 2 piętrze w budynku z roku 2017. Mieszkanie składa się z:
  - pokoju dziennego 16m2
- sypialni głównej o pow. 14,3 m2,
- sypialni o pow. 11,2 m2,
- kuchni o pow. 10,35 m2","ul. Legnicka, Popowice Północne, Fabryczna, Wrocław, dolnośląskie",13 833 zł/m²,3,"64,34 m²",,,,wtórny,parter,,,do zamieszkania,"balkon, ogródek, taras",garaż/miejsce parkingowe,miejskie
3M w Sercu Wrocławia,1 149 000 zł,Film,"pl. św. Mikołaja, Stare Miasto, Stare Miasto, Wrocław, dolnośląskie",16 183 zł/m²,3,71 m²,,900 zł,,wtórny,6/6,,pełna własność,do zamieszkania,,,miejskie
Gotowe ustawne 2 pokoje w centrum! Widok na zieleń,763 192 zł,"Wyjątkowa inwestycja / Duże przeszklenia / Centrum / Blisko rzeki / Różne metraże / Dobra komunikacja
Posiadamy w sprzedaży mieszkania na różnych piętrach oraz w różnych metrażach zarówno na tej inwestycji jak i w całym Wrocławiu. Zadzwoń i umów się na spotkanie!
Brak podatku PCC oraz brak prowizji.
Największe atuty inwestycji:
Mieszkańcy będą mogli skorzystać za darmo z wielu udogodnień jakie pojawią się na osiedlu. Bliskość supermarketów, sklepów usługowych oraz Centrum Handlowego sprawia, że jest to bardzo komfortowa lokalizacja do życia. Komunikacja miejska zapewni szybki i sprawny dojazd do pożądanej lokalizacji w całym Wrocławiu.","ul. Jedności Narodowej, Ołbin, Śródmieście, Wrocław, dolnośląskie",15 200 zł/m²,2,"50,21 m²",,400 zł,,pierwotny,3/7,,,,balkon,garaż/miejsce parkingowe,
Ogromny Balkon / Centrum / Inwestycyjne,557 620 zł,"Duży Balkon / Centrum / Inwestycyjnie
Brak Prowizji No Commission

Ten apartament został stworzony z myślą o dostarczeniu nie tylko wyjątkowego miejsca do zamieszkania, ale także doskonałej inwestycji na przyszłość. Jednym z największych atutów tego apartamentu jest jego usytuowanie. Idealny do celów mieszkaniowych dla singla lub pod wynajem inwestycyjnie
Umów się na spotkanie i zarezerwuj ten wyjątkowy apartament. Posiadam w sprzedaży mieszkania na różnych piętrach oraz w różnym metrażu zarówno na tej inwestycji jak i w całym Wrocławiu. Zadzwoń i umów się na spotkanie!","Szczepin, Stare Miasto, Wrocław, dolnośląskie",17 158 zł/m²,,"32,5 m²",,,,pierwotny,4/9,,pełna własność,,balkon,garaż/miejsce parkingowe,miejskie
Duże mieszkanie z dwoma balkonami w centrum,969 000 zł,"Opiekun oferty:
Bartosz Wasielewski
tel: 602 101 602
Otoczenie nieruchomości:
Inwestycję zlokalizowaną na Wrocławskim Szczepinie cechuje bardzo dobry dojazd do centrum miasta jak i bliskość terenów zielonych.
Inwestycja znajduję się w odległości około 2 kilometrów od Wrocławskiego Rynku oraz około 1.5 kilometra od Stacji PKP Wrocław Mikołajów.
Układ nieruchomości:
- salon z aneksem - 22.39 m2
- sypialnia - 9. 56 m2
- sypialnia - 9.94 m2
- sypialnia - 11.45 m2
- przedpokój - 13.10 m2
- łazienka - 4. 82 m2
- toaleta - 2.89 m2","ul. Gnieźnieńska, Szczepin, Stare Miasto, Wrocław, dolnośląskie",13 068 zł/m²,4,"74,15 m²",,750 zł,,pierwotny,1/9,,pełna własność,do wykończenia,balkon,,miejskie
Dwustronne Co Miejskie Winda Balkon Siłownia Park,748 400 zł,"☛ 0% PROWIZJI BEZ PODATKU 2 PCC
Oporów Nowe Osiedle
☛ Pełna Infrastruktura Dobra Lokata
☛ Winda Balkon Strefy Zieleni
☛ Blisko Park Tereny Rekreacyjne
☛ Klub Fitness dla Mieszkańców","Oporów, Fabryczna, Wrocław, dolnośląskie",11 639 zł/m²,4,"64,3 m²",,,,pierwotny,1/4,,,,,,
Mieszkanie 73 m2 Wrocław Huby - 10.500 zl/m2,765 000 zł,"Sprzedam ATRAKCYJNE duże mieszkanie Wrocław Huby - ul. Ciepła!

Mieszkanie 2-poziomowe, 4- pokojowe o pow. 72,55 m2,
usytuowane na V piętrze, z przynależną piwnicą 6 m2. Lokal dwupoziomowy, dwustronny, rozkładowy.

Poziom I :
*salon 21 m2 z balkonem 4 m2
*kuchnia 8 m2
*sypialnia 11 m2
*łazienka 3 m2
*hol 4 m2
*komunikacja z poziomem II - 3 m2


*sypialnia 10 m2 z balkonem 5 m2
*gabinet 7 m2
*łazienka 4 m2
*hol - 2 m2
*pomieszczenie, które można zaadaptować na kolejny pokój. 8 m2

w standardzie PRL, , .
Osobne wejście od strony klatki,

, stolarka drzwiowa do wymiany, boazeria do rozbiórki lub renowacji, na podłogach kafle i parkiet. Schody dębowe lakierowane. Łazienki do nowej aranżacji.


Opłata do zarządcy 1000 zł/3 osoby, w tym fundusz remontowy 88 zł.","ul. Ciepła, Huby, Krzyki, Wrocław, dolnośląskie",10 479 zł/m²,4,73 m²,,1 000 zł,,wtórny,5/6,,pełna własność,do zamieszkania,balkon,,miejskie
PROMOCJA | Piękny i duży Ogródek|OSTATNIE|Sprawdź!,560 000 zł,"Pracujemy 7 dni w tygodniu. Zainteresowała Cię oferta? Zadzwoń, zanim ubiegną Cię inni.
OSTATNIE!!
Na sprzedaż mieszkanie z największym ogródkiem w inwestycji.
-> umów się na prezentację mieszkania na żywo
-> dogodny harmonogram płatności
-> wysoki standard mieszkania","ul. Ignacego Mościckiego, Bieńkowice, Krzyki, Wrocław, dolnośląskie",8 296 zł/m²,4,"67,5 m²",,,,pierwotny,parter,,pełna własność,,"ogródek, taras",garaż/miejsce parkingowe,miejskie
HIT!WrociłoDoSprzedaży!!OstatniezOgródkiem|Sprawdź,380 000 zł,"Pracujemy 7 dni w tygodniu. Zainteresowała Cię oferta? Zadzwoń, zanim ubiegną Cię inni.
OSTATNIE MIESZKANIE Z OGRÓDKIEM!!
->okna od słonecznej strony
-> umów się na prezentację mieszkania na żywo 
-> bez prowizji
OFERTA BEZPOŚREDNIO OD DEWELOPERA.","ul. Woskowa, Brochów, Krzyki, Wrocław, dolnośląskie",11 515 zł/m²,2,33 m²,,,,pierwotny,parter,,pełna własność,,"ogródek, taras",garaż/miejsce parkingowe,miejskie
OSTATNIE NAROŻNE|Garderoba| DużeOkna| Sprawdź|HIT!,489 000 zł,"Pracujemy 7 dni w tygodniu. Zainteresowała Cię oferta? Zadzwoń, zanim ubiegną Cię inni.
Ostatnie narożne mieszkanie trzypokojowe w inwestycji.
-> umów się na prezentację mieszkania na żywo
-> dogodny harmonogram płatności
-> wysoki standard mieszkania
-> nowoczesne osiedle","ul. Woskowa, Brochów, Krzyki, Wrocław, dolnośląskie",9 839 zł/m²,3,"49,7 m²",,,,pierwotny,1,,pełna własność,,"balkon, taras",garaż/miejsce parkingowe,miejskie
Dwustronne | balkon od południa | możliwy rozkład,708 500 zł,"Kontakt do osoby prowadzącej ofertę:
Patrycja: tel. 881 474 171
Kupujący nie płaci prowizji oraz podatku PCC.
✔︎ Zapewniam pomoc w uzyskaniu kredytu oraz wykończeniu mieszkania pod klucz
✔︎ Możliwość bezpłatnej rezerwacji mieszkania
✔︎ Kupując ze mną nieruchomość zyskujesz 10% rabatu na wykończenie lub remont mieszkania*","Księże, Krzyki, Wrocław, dolnośląskie",11 427 zł/m²,3,62 m²,,,,pierwotny,1/2,,pełna własność,,balkon,garaż/miejsce parkingowe,miejskie
Przy Pkp l Gotowe Do Zamieszkania,619 000 zł,"GOTOWE DO ZAMIESZKANIA!

Gorąco polecam mieszkanie trzy pokojowe położone we Wrocławiu przy ul. Perkusyjnej.

Mieszkanie o pow 52,33 mkw składa się z:

- salonu z aneksem kuchennym,

- pokoju,

- sypialni

- łazienki,

- korytarza

- balkonu

Zamontowane rolety antywłamaniowe oraz moskitiery na części okien.

Na podłogach panele winylowe.

Ogrzewanie gazowe (około 1200 zł/rok)

Czynsz około 450 zł.

W ramach usługi pośrednictwa dla naszych klientów oferujemy kompleksowe doradztwo finansowe,
pomagamy w procesie pozyskania kredytu na zakup nieruchomości.

Zdajemy sobie doskonale sprawę, że decyzje odnośnie wyboru korzystnej oferty bankowej
oraz formalności związane z uzyskaniem kredytu często stanowią dużą uciążliwość dla klientów.

Pośrednik odpowiedzialny zawodowo Ewa Tomkow
licencja 5920

Gorąco polecam
Patryk Tomków
516181723
509474999

Więcej ofert na

Zamieszczone na naszych stronach oferty nie stanowią oferty w rozumieniu Kodeksu Cywilnego,
a dane w nich zawarte mają jedynie charakter informacyjny które mogą ulec zmianie","Wojnów, Psie Pole, Wrocław, dolnośląskie",11 790 zł/m²,3,"52,5 m²",,,,wtórny,2/2,,,,,,
Ogródek|2Tarasy|Garderoba|NowaInwestycja|HIT!,610 000 zł,"Pracujemy 7 dni w tygodniu. Zainteresowała Cię oferta? Zadzwoń, zanim ubiegną Cię inni.
Jedyne w ofercie dewelopera narożne mieszkanie z ogródkiem!! 
Garderoba bądź oddzielne WC!
-> umów się na prezentację mieszkania na żywo (w pierwszym etapie inwestycji)
-> bez jakichkolwiek prowizji
OFERTA BEZPOŚREDNIO OD DEWELOPERA. Inwestycja mieści się w zielonej części miasta z dobrą komunikacją miejską. ","ul. Woskowa, Brochów, Krzyki, Wrocław, dolnośląskie",10 124 zł/m²,4,"60,25 m²",,,,pierwotny,parter,,pełna własność,,"ogródek, taras",garaż/miejsce parkingowe,miejskie
Winda Balkon Kolejny Etap Osiedla Monitoring Nowe,688 905 zł,"☛ 0% PROWIZJI BEZ PODATKU 2 PCC
Oporów Nowe Osiedle
☛ Pełna Infrastruktura Dobra Lokata
☛ Winda Balkon Strefy Zieleni Niska Zabudowa
☛ Blisko Park Tereny Rekreacyjne
☛ Klub Fitness dla Mieszkańców","Oporów, Fabryczna, Wrocław, dolnośląskie",11 463 zł/m²,3,"60,1 m²",,,,pierwotny,1/4,,,,,,
Gotowe | balkon | garderoba | dla rodziny,649 000 zł,"Gotowe do odbioru | c.o. miejskie | duży balkon | garderoba
Zapraszam na prezentację:
Patrycja Kuziela: tel. 881 474 171
Posiadam w sprzedaży mieszkania na różnych piętrach oraz w różnym metrażu zarówno na tej inwestycji jak i w całym Wrocławiu. Zadzwoń i umów się na spotkanie!
Kupujący nie płaci prowizji oraz podatku PCC.","Zawidawie, Psie Pole, Wrocław, dolnośląskie",9 759 zł/m²,3,"66,5 m²",,,,pierwotny,1/4,,,do wykończenia,balkon,,miejskie
PROMOCJA | NajlepszaCENA | OstatnieSztuki | HIT!,329 000 zł,"Pracujemy 7 dni w tygodniu. Zainteresowała Cię oferta? Zadzwoń, zanim ubiegną Cię inni.
-> umów się na prezentację mieszkania na żywo
-> ostatnie mieszkania w ofercie
-> 0% PROWIZJI
OFERTA BEZPOŚREDNIO OD DEWELOPERA. Inwestycja mieści się 1 kilometr od granicy miasta.
W ofercie posiadamy piękne mieszkania(dwu oraz trzypokojowe) z ogródkami. Klucze za rok. ","ul. Ignacego Mościckiego, Bieńkowice, Krzyki, Wrocław, dolnośląskie",9 014 zł/m²,2,"36,5 m²",,,,pierwotny,1,,pełna własność,,"balkon, taras",garaż/miejsce parkingowe,miejskie
Świetna lokalizacja/ Kawalerka z balkonem/ Centrum,569 000 zł,"Zapraszam do zakupu kawalerki z balkonem w okolicy Parku Zachodniego/ Idealne pod wynajem/ Centrum / Tramwaj / PKP / Centrum / Tereny rekreacyjne
Bez prowizji i bez podatku PCC
Termin oddania: II Q 2026
Posiadam w sprzedaży mieszkania na różnych piętrach oraz w różnym metrażu zarówno na tej inwestycji jak i w całym Wrocławiu. Zadzwoń i umów się na spotkanie!
Największe atuty inwestycji:





:



, do własnej aranżacji.","ul. Długa, Szczepin, Stare Miasto, Wrocław, dolnośląskie",17 513 zł/m²,,"32,49 m²",,,,pierwotny,4/6,,pełna własność,,balkon,garaż/miejsce parkingowe,miejskie
Lokum Porto/NOWE/Stare Miasto/balkon/miejsce posto,591 170 zł,"Na sprzedaż nowe mieszkanie o powierzchni 38,14mkw. plus balkon 4,6mkw. na Starym Mieście przy ulicy Gnieźnieńskiej, inwestycja Lokum Porto. Piętro szóste i widok na zieleń!
Osiedle wykończone z dbałością o każdy szczegół, monitoring, osiedle zamknięte.
Budynki o nowoczesnej bryle, wysoka jakość wykończenia części wspólnych.
Mieszkanie w stanie deweloperskim.
Do mieszkania przynależy miejsce postojowe naziemne, zaraz przy klatce schodowej w cenie 38 000zł.
Świetne rozwiązanie inwestycyjne!
Do mieszkania przynależy balkon.
Mieszkanie gotowe do odbioru.
Zapraszam do kontaktu:
791933355","ul. Długa, Szczepin, Stare Miasto, Wrocław, dolnośląskie",15 500 zł/m²,2,"38,14 m²",,,,wtórny,6/9,,pełna własność,do wykończenia,balkon,garaż/miejsce parkingowe,miejskie
Duży narożny balkon | osobna kuchnia | gotowe,691 800 zł,"Gotowe do odbioru | osobna kuchnia | duży narożny balkon
Zapraszam na prezentację:
Patrycja Kuziela: tel. 881 474 171
Posiadam w sprzedaży mieszkania na różnych piętrach oraz w różnym metrażu zarówno na tej inwestycji jak i w całym Wrocławiu. Zadzwoń i umów się na spotkanie!
Kupujący nie płaci prowizji oraz podatku PCC.","Zawidawie, Psie Pole, Wrocław, dolnośląskie",12 031 zł/m²,3,"57,5 m²",,,,pierwotny,3/4,,,do wykończenia,balkon,,miejskie
PROMOCJA | NajlepszaCENA |SuperUstawne|Sprawdź HIT,539 000 zł,"Pracujemy 7 dni w tygodniu. Zainteresowała Cię oferta? Zadzwoń, zanim ubiegną Cię inni.
-> umów się na prezentację mieszkania na żywo
-> ostatnie mieszkania w ofercie
-> 0% PROWIZJI
OFERTA BEZPOŚREDNIO OD DEWELOPERA. 
W ofercie posiadamy piękne mieszkania(dwu/trzy oraz czteropokojowe) z ogródkami lub balkonami. Klucze za rok. ","ul. Ignacego Mościckiego, Bieńkowice, Krzyki, Wrocław, dolnośląskie",7 985 zł/m²,4,"67,5 m²",,,,pierwotny,1,,pełna własność,,"balkon, taras",garaż/miejsce parkingowe,miejskie
OSTATNIE|NajlepszaCena|promocja|NowaInwestycja|HIT,469 000 zł,"Pracujemy 7 dni w tygodniu. Zainteresowała Cię oferta? Zadzwoń, zanim ubiegną Cię inni.
-> umów się na prezentację mieszkania na żywo
-> ostatnie mieszkania w ofercie
-> 0% PROWIZJI
OFERTA BEZPOŚREDNIO OD DEWELOPERA. 
W ofercie posiadamy piękne mieszkania(dwu/trzy oraz czteropokojowe) z ogródkami lub balkonami. Klucze za rok. ","ul. Ignacego Mościckiego, Bieńkowice, Krzyki, Wrocław, dolnośląskie",8 058 zł/m²,3,"58,2 m²",,,,pierwotny,1,,pełna własność,,"balkon, taras",garaż/miejsce parkingowe,miejskie
Świetna lokalizacja/ Dwa pokoje z balkonem/Centrum,609 000 zł,"Zapraszam do zakupu mieszkania 2-pokojowego z balkonem / Idealne pod wynajem/ Centrum / Tramwaj / PKP / Centrum / Tereny rekreacyjne
Bez prowizji i bez podatku PCC
Termin oddania: II Q 2026
Posiadam w sprzedaży mieszkania na różnych piętrach oraz w różnym metrażu zarówno na tej inwestycji jak i w całym Wrocławiu. Zadzwoń i umów się na spotkanie!
Największe atuty inwestycji:






:



, do własnej aranżacji.","ul. Długa, Szczepin, Stare Miasto, Wrocław, dolnośląskie",15 390 zł/m²,2,"39,57 m²",,,,pierwotny,parter/6,,pełna własność,,balkon,garaż/miejsce parkingowe,miejskie
Mieszkanie w budynku dwu lokalowym,550 000 zł,"MIESZKANIE W BUDYNKU DWU LOKALOWYM Z OGRODEM

W MIESZKANIU ZAMONTOWANA KLIMATYZAJCA!

Gorąco polecam mieszkanie trzy pokojowe zlokalizowane na Brochowie.

Mieszkanie o pow 71,15 mkw składa się z:

PARTER:

- pokój (możliwość adaptacji na biuro)

Pierwsze piętro:

- dwa pokoje,

- kuchnia,

- łazienka

Mieszkanie bez czynszowe.

Ogrzewanie gazowe

Ogród około 100 mkw

W ramach usługi pośrednictwa dla naszych klientów oferujemy kompleksowe doradztwo finansowe,
pomagamy w procesie pozyskania kredytu na zakup nieruchomości.

Zdajemy sobie doskonale sprawę, że decyzje odnośnie wyboru korzystnej oferty bankowej
oraz formalności związane z uzyskaniem kredytu często stanowią dużą uciążliwość dla klientów.

Pośrednik odpowiedzialny zawodowo Ewa Tomkow
licencja 5920

Gorąco polecam
Patryk Tomków
516181723
509474999

Więcej ofert na

Zamieszczone na naszych stronach oferty nie stanowią oferty w rozumieniu Kodeksu Cywilnego,
a dane w nich zawarte mają jedynie charakter informacyjny które mogą ulec zmianie.","Brochów, Krzyki, Wrocław, dolnośląskie",7 730 zł/m²,3,"71,15 m²",,,,wtórny,parter/2,,,,,,
Super Promocja|Nowa Inwestycja|DużeOkna|SprawdźHIT,415 000 zł,"Pracujemy 7 dni w tygodniu. Zainteresowała Cię oferta? Zadzwoń, zanim ubiegną Cię inni.
OSTATNIE MIESZKANIA W OFERCIE!!
->okna od słonecznej strony
-> umów się na prezentację mieszkania na żywo 
-> bez prowizji
OFERTA BEZPOŚREDNIO OD DEWELOPERA.","ul. Woskowa, Brochów, Krzyki, Wrocław, dolnośląskie",10 506 zł/m²,2,"39,5 m²",,,,pierwotny,1,,pełna własność,,"balkon, taras",garaż/miejsce parkingowe,miejskie
Ostatnie| Nowe Budownictwo | Balkon | Obejrzyj|HIT,453 000 zł,"Pracujemy 7 dni w tygodniu. Zainteresowała Cię oferta? Zadzwoń, zanim ubiegną Cię inni.
-> umów się na prezentację mieszkania na żywo (w pierwszym etapie inwestycji)
-> bez jakichkolwiek prowizji
OFERTA BEZPOŚREDNIO OD DEWELOPERA. Inwestycja mieści się w zielonej części miasta z dobrą komunikacją miejską. 

Razem płynnie przejdziemy przez cały proces zakupu nieruchomości.
Wszystkie formalności związane z kredytowaniem nieruchomości załatwimy na miejscu.
Opis mieszkania:
Na sprzedaż słoneczne trzypokojowe mieszkanie położone na drugim piętrze w nowoczesnym budynku. Wystawa okien wschodnia. Do mieszkania przynależy przestronny balkon na którym znajdziesz dodatkową przestrzeń do odpoczynku.
Mieszkanie tworzy przestronny salon z aneksem kuchennym oraz z dwie duże sypialnie. W przedpokoju miejsce na dużą szafę. W łazience bez najmniejszych problemów zmieścimy wannę. Przemyślany układ pomieszczeń tworzy doskonałą funkcjonalność.
Opis budynku:
Dwupiętrowe kameralnie położone budynki w bardzo dobrym standardzie. Do każdego z mieszkań przynależy balkon bądź ogródek. Duże przestrzenie między budynkami gwarantują poczucie intymności.
Przy budynku przewidziane są miejsca parkingowe naziemne.
Opis lokalizacji:
Inwestycja mieści się w dobrze skomunikowanej okolicy, to gwarancja codziennej wygody, a bliskość arterii drogowych zapewnia szybki dojazd do Centrum. W pobliżu osiedla znajdziesz sklepy (zarówno małe, jak i duże), usługi, placówki edukacyjne, przychodnie i poradnie medyczne. I oczywiście miejsca do rekreacji.","ul. Woskowa, Brochów, Krzyki, Wrocław, dolnośląskie",9 867 zł/m²,3,"45,91 m²",,,,pierwotny,1,,pełna własność,,"balkon, taras",garaż/miejsce parkingowe,miejskie
Piękny OGRÓDEK | Najlepsza CENA | Promocja | HIT !,378 000 zł,"Pracujemy 7 dni w tygodniu. Zainteresowała Cię oferta? Zadzwoń, zanim ubiegną Cię inni.
OSTATNIE!!
-> umów się na prezentację mieszkania na żywo
-> ostatnie mieszkania w ofercie
-> bez prowizji !!
OFERTA BEZPOŚREDNIO OD DEWELOPERA. Inwestycja mieści się 1 kilometr od granicy miasta.","ul. Ignacego Mościckiego, Bieńkowice, Krzyki, Wrocław, dolnośląskie",9 087 zł/m²,2,"41,6 m²",,,,pierwotny,parter,,pełna własność,,"balkon, taras",garaż/miejsce parkingowe,miejskie
50 tys. taniej | duży narożny balkon | dla rodziny,729 000 zł,"W promocji | 50 tys. taniej | idealne dla rodziny
Posiadam w sprzedaży mieszkania na różnych piętrach oraz w różnym metrażu zarówno na tej inwestycji jak i w całym Wrocławiu. Zadzwoń i umów się na spotkanie!
Kupujący nie płaci prowizji oraz podatku PCC.
Największe atuty inwestycji:
- tereny rekreacyjne: las Sołtysowicki, tereny spacerowe wzdłuż rzeki Odry","Sołtysowice, Psie Pole, Wrocław, dolnośląskie",12 090 zł/m²,3,"60,3 m²",,,,pierwotny,1/4,,pełna własność,,balkon,garaż/miejsce parkingowe,miejskie
4 pokoje z garderobą | dla rodziny | gotowe,865 800 zł,"4 pokoje | gotowe do odbioru | idealne dla rodziny | balkon | c.o. miejskie
Zapraszam na prezentację:
Patrycja Kuziela: tel. 881 474 171
✔︎ Zapewniam pomoc w uzyskaniu kredytu oraz wykończeniu mieszkania pod klucz.
✔︎ Możliwość bezpłatnej rezerwacji mieszkania
✔︎ Kupując ze mną nieruchomość zyskujesz 10% rabatu na wykończenie mieszkania","Zawidawie, Psie Pole, Wrocław, dolnośląskie",11 215 zł/m²,4,"77,2 m²",,,,pierwotny,1/4,,,do wykończenia,balkon,,miejskie
Idealne Na Start Z Tarasem,649 000 zł,"***Na sprzedaż dwustronne mieszkanie do odświeżenia lub wprowadzenia z  olbrzymim tarasem ***

IDEALNE NA WYNAJEM LUB NA START - NIE WYMAGA DUŻYCH NAKŁADÓW

Pełna własność z księgą wieczystą

FUNKCJONALNY UKŁAD POMIESZCZEŃ:
Mieszkanie rozkładowe: 2 osobne pokoje, wiatrołap,osobna kuchnia,łazienka z oknem, garderoba

Na powierzchnię ok. 54,77 m2 składa się:

- kuchnia
- pokój 1
- pokój 2
- łazienka
- przedpokój
- garderoba
-piwnica

BUDYNEK:
Mieszkanie usytuowane jest na wysokim parterze 4 piętrowego budynku z 2001 roku. na Gądowie przy ul.Jerzego  Bajana
Budynek z windą
Ekspozycja okien: pd-pn

OKOLICA:

Gądów to świetna lokalizacja ze względu na bliskość centrum i idealną komunikację tramwajową i autobusową ze wszystkimi dzielnicami Wrocławia.
Spokojne sąsiedztwo. W okolicy szkoły, przychodnie, sklepy, nieograniczony dostęp do punktów usługowych, Galeria Handlowa Magnolia, Astra, hala targowa Tęcza, W sąsiedztwie tereny spacerowe i zieleń Parku Zachodniego, Polana Popowicka.

OPŁATY:

Aktualnie czyni administracyjny wynosi 1000 zł

Klucze w biurze, zapraszamy na prezentacje o dogodnej porze :)

Zespół EXPERIO","ul. Jerzego Bajana, Gądów, Fabryczna, Wrocław, dolnośląskie",11 850 zł/m²,2,"54,77 m²",,1 000 zł,,wtórny,parter/4,,pełna własność,do zamieszkania,taras,,
Przy Pkp l Pks l Super Lokalizacja,699 900 zł,"PRZY DWORCU

ŚIETNA LOKALIZACJA!

PLOMBA Z CEGŁY

Gorąco polecam mieszkanie położone we Wrocławiu przy ul. Joannitów.

Mieszkanie na wysokim parterze o pow 63,60 mkw + 16,60 mkw piwnica z dużym oknem, składa się z:

- salon,

- pokój,

- pokój,

- kuchnia,

- łazienka,

- WC

Piony po wymianie.

Budynek ocieplony

Duże podwórko z wjazdem na pilota.

Okna plastikowe

Czynsz 790 zł + fundusz remontowy 320 zł

Oferta godna polecenia.

W ramach usługi pośrednictwa dla naszych klientów oferujemy kompleksowe doradztwo finansowe,
pomagamy w procesie pozyskania kredytu na zakup nieruchomości.

Zdajemy sobie doskonale sprawę, że decyzje odnośnie wyboru korzystnej oferty bankowej
oraz formalności związane z uzyskaniem kredytu często stanowią dużą uciążliwość dla klientów.

ATRAKCYJNA CENA !!!

Pośrednik odpowiedzialny zawodowo Patryk Tomkow
licencja 5920

Gorąco polecam
Patryk Tomków

516181723

Więcej ofert na

Zamieszczone na naszych stronach oferty nie stanowią oferty w rozumieniu Kodeksu Cywilnego, a dane w nich zawarte mają jedynie charakter informacyjny","Huby, Krzyki, Wrocław, dolnośląskie",8 727 zł/m²,3,"80,2 m²",,,,wtórny,parter/6,,,,,,
✅OGRÓDEK✅| NajlepszaCENA | Sprawdź|DużeOkna | HIT!,346 000 zł,"Pracujemy 7 dni w tygodniu. Zainteresowała Cię oferta? Zadzwoń, zanim ubiegną Cię inni.
WRÓCIŁO DO SPRZEDAŻY!! OSTATNIE MIESZKANIE Z OGRÓDKIEM!!
-> umów się na prezentację mieszkania na żywo
-> ostatnie mieszkania w ofercie
-> 0% PROWIZJI
OFERTA BEZPOŚREDNIO OD DEWELOPERA. ","ul. Ignacego Mościckiego, Bieńkowice, Krzyki, Wrocław, dolnośląskie",9 402 zł/m²,2,"36,8 m²",,,,pierwotny,parter,,pełna własność,,"ogródek, taras",garaż/miejsce parkingowe,miejskie
Dobra Lokalizacja Sprawdzone Osiedle 2xTaras Park,679 780 zł,"☛ 0% PROWIZJI BEZ PODATKU 2 PCC
Oporów Nowe Osiedle
☛ Pełna Infrastruktura Dobra Lokata
☛ Winda Balkon Strefy Zieleni
☛ Blisko Park Tereny Rekreacyjne
☛ Klub Fitness dla Mieszkańców","Oporów, Fabryczna, Wrocław, dolnośląskie",11 700 zł/m²,3,"58,1 m²",,,,pierwotny,parter/4,,,,,,
3-pokojowe 55.8m2 I Nowe Żerniki I garaż na 2 auta,755 000 zł,"Mieszkanie 3-pokojowe o powierzchni 55.81 m2 przy ulicy Tadeusza Brzozy. Zbudowane w 2017 roku. Nowoczesne budownictwo z windą. Położone na osiedlu Nowe Żerniki, znanej również jako WUWA2. 
Składa się na nie:
- salonem z aneksem kuchennym o powierzchni 26 m2 (w salonie zamontowana klimatyzacja)
- sypialnia 12 m2
- sypialnia 8 m2
- przedpokój z szafą zabudowaną","Tadeusz Brzozy, Leśnica, Fabryczna, Wrocław, dolnośląskie",13 528 zł/m²,3,"55,81 m²",,,,wtórny,3/4,,pełna własność,do zamieszkania,balkon,garaż/miejsce parkingowe,miejskie
Przestronne l Możliwość Zamiany,800 000 zł,"KOMFORTOWE PRZESTRONNE ROZKŁADOWE

W CENIE DWA MIEJSCA POSTOJOWE!

MOŻLIWOŚĆ ZAMIANY!

Gorąco polecam mieszkanie położone we Wrocławiu przy ul. Włościaskiej

Mieszkanie składa się z:

- salonu z wyjściem na balkon

- aneksu kuchennego (z możliwością oddzielnej kuchni)

- spiżarni

- WC,

- łazienki,

- przedpokoju,

- trzech sypialni (w tym jedna z wyjściem na balkon)

- korytarza

Do mieszkania przynależą dwa miejsca postojowe

Teren osiedla ogrodzony, zamknięty z wjazdem przez bramę na pilota

W mieszkaniu zamontowana klimatyzacja

GOTOWE DO ZAMIESZKANIA!

W ramach usługi pośrednictwa dla naszych klientów oferujemy kompleksowe doradztwo finansowe,
pomagamy w procesie pozyskania kredytu na zakup nieruchomości.

Zdajemy sobie doskonale sprawę, że decyzje odnośnie wyboru korzystnej oferty bankowej
oraz formalności związane z uzyskaniem kredytu często stanowią dużą uciążliwość dla klientów.

Pośrednik odpowiedzialny zawodowo Ewa Tomkow
licencja 5920

Gorąco polecam
Patryk Tomków
516181723
509474999

Więcej ofert na

Zamieszczone na naszych stronach oferty nie stanowią oferty w rozumieniu Kodeksu Cywilnego,
a dane w nich zawarte mają jedynie charakter informacyjny które mogą ulec zmianie.","Strachocin, Psie Pole, Wrocław, dolnośląskie",8 466 zł/m²,4,"94,5 m²",,,,wtórny,1,,,,,,
Mieszkanie ulica Przyjaźni,875 000 zł,"Bardzo ładne, rozkładowe, słoneczne mieszkanie w nowoczesnym budownictwie na osiedlu Belvedere Park.
Mieszkanie posiada 56,48 m2 i składa się z:
salonu,
sypialni,
oddzielnej kuchni,
łazienki,","ul. Przyjaźni, Krzyki, Krzyki, Wrocław, dolnośląskie",15 492 zł/m²,2,"56,48 m²",,500 zł,,wtórny,4/8,,pełna własność,do zamieszkania,balkon,garaż/miejsce parkingowe,miejskie
"Lokum di Trevi, Klimasa, mieszkanie na sprzedaż",834 300 zł,"Mieszkanie na sprzedaż o powierzchni 61,08 m2, położone na 1 piętrze w 4 piętrowym budynku z windą na osiedlu Lokum Di Trevi, przy ul. Klimasa. Mieszkanie jest gotowe do zamieszkania. W skład mieszkania wchodzą przedpokój, 3 pokoje ( salon oraz 2 sypialnie), osobna kuchnia, łazienka oraz przestronny balkon. OPIS MIESZKANIA : W przedpokoju znajduje się duża zabudowana szafa. Łazienka w pełni wyłożona płytkami z wanną z prysznicem. Salon wyposażony jest w zabudowaną szafę, szafkę RTV oraz narożnik. Jedna sypialnia z łożem 160 x 200 oraz komodą, druga sypialnia zawiera szafę oraz rozkładaną sofę 160 x 200. Kuchnia w pełni wyposażona : piekarnik, zmywarka, płyta indukcyjna, lodówka. Meble w kuchni, salonie, przedpokoju robione na wymiar. Czynsz 700 zł. Osiedle posiada swój pasaż handlowy : żabka, piekarnia Hert, warzywniak, sklep mięsny, kwiaciarnia, fryzjer, Rock Burger.","ul. ks. Czesława Klimasa, Tarnogaj, Krzyki, Wrocław, dolnośląskie",13 659 zł/m²,3,"61,08 m²",,700 zł,,wtórny,1/4,,pełna własność,do zamieszkania,balkon,,
2 lub 3 pokoje | osobna kuchnia | balkon,639 400 zł,"2 pokoje z osobną kuchnią lub 3 pokoje z aneksem kuchennym | balkon
Posiadam w sprzedaży mieszkania na różnych piętrach oraz w różnym metrażu zarówno na tej inwestycji jak i w całym Wrocławiu. Zadzwoń i umów się na spotkanie!
Kupujący nie płaci prowizji oraz podatku PCC.
Największe atuty inwestycji:
- tereny rekreacyjne: las Sołtysowicki, tereny spacerowe wzdłuż rzeki Odry","Sołtysowice, Psie Pole, Wrocław, dolnośląskie",13 049 zł/m²,2,49 m²,,,,pierwotny,4/4,,pełna własność,,balkon,garaż/miejsce parkingowe,miejskie
"Dwupoziomowe, 4-pokojowe mieszkanie ul. Racławicka",870 000 zł,"Ekskluzywne Mieszkanie Dwupoziomowe
Z przyjemnością prezentuję Państwu wyjątkową ofertę sprzedaży klimatycznego, 4-pokojowego mieszkania dwupoziomowego przy ul. Racławickiej. Apartament jest usytuowany na 3. i 4. piętrze w 4-piętrowym budynku bez windy, w prestiżowej inwestycji Racławicka Park zrealizowanej w 2013 roku.
Informacje o Mieszkaniu:
Powierzchnia: 67,3 m2 (użytkowa), ok. 100 m2 po podłodze
Stan techniczny: Po generalnym remoncie w 2021 roku
Pełne wykończenie, gotowe do wprowadzenia","Grabiszynek, Fabryczna, Wrocław, dolnośląskie",12 927 zł/m²,4,"67,3 m²",,700 zł,,wtórny,3/4,,pełna własność,do zamieszkania,balkon,,miejskie
Centrum/Stare Miasto/Kościuszki/2-pokoje/rozkład,499 000 zł,"Na sprzedaż mieszkanie zlokalizowane w samym centrum Wrocławia na Przedmieściu Świdnickim w obrębie Starego Miasta. Budynek położony jest przy ulicy Kościuszki, zaraz przy Placu Muzealnym.
Mieszkanie położone na 4-piętrze, ostatnia kondygnacja to strych, z wystawą okien północ/południe.
Lokal o powierzchni 50,36mkw., pełen rozkład!
Odpowiednio powierzchnia mieszkania to: pokoju - 16mkw., drugi pokój – 12mkw., oddzielna kuchnia z oknem – 10mkw., łazienka – 4mkw., przedpokój – 8mkw.
W mieszkaniu zostały wymienione okna, wszystkie media miejskie.
Budynek, w którym znajduje się mieszkanie przeszedł remont klatki schodowej.
Serdecznie zapraszam na prezentację.
Zapraszam do kontaktu.
791933355","pl. Tadeusza Kościuszki 1, Przedmieście Świdnickie, Stare Miasto, Wrocław, dolnośląskie",9 909 zł/m²,2,"50,36 m²",,650 zł,,wtórny,4/4,,pełna własność,do remontu,,,miejskie
Duże mieszkanie + garaż !,954 000 zł,"Ogłoszenie od właściciela mieszkania.
Biuram nieruchomości proszę nie dzwonić. Nie potrzebuje pomocy w sprzedazy mieszkania.

Mieszkanie położone jest na 1 piętrze w 3 piętrowym budynku z 2010 roku.  Osiedle jest zadbane, monitorowane, budynek w bardzo dobrym stanie, klatka schodowa czysta, tylko 2 mieszkania na piętrze.
Z klatki schodowej bezpośrednie pzejście do garaży podziemnych.
Mieszkanie zadbane i funkcjonalne, ekspozycja pomieszczeń na 2 strony świata. ","ul. Kawalerzystów, Partynice, Krzyki, Wrocław, dolnośląskie",11 717 zł/m²,3,"81,42 m²",,,,wtórny,1/3,,pełna własność,do zamieszkania,balkon,garaż/miejsce parkingowe,kotłownia
"Balkon 8,5 m2 | możliwy rozkład | tereny zielone",569 890 zł,"Kontakt do osoby prowadzącej ofertę:
Patrycja: tel. 881 474 171
Kupujący nie płaci prowizji oraz podatku PCC.
✔︎ Zapewniam pomoc w uzyskaniu kredytu oraz wykończeniu mieszkania pod klucz
✔︎ Możliwość bezpłatnej rezerwacji mieszkania
✔︎ Kupując ze mną nieruchomość zyskujesz 10% rabatu na wykończenie lub remont mieszkania*","Księże, Krzyki, Wrocław, dolnośląskie",11 873 zł/m²,2,48 m²,,,,pierwotny,2/2,,pełna własność,,balkon,garaż/miejsce parkingowe,miejskie
NAROŻNE z Pięknym Ogródkiem | Nowa Inwestycja|HIT!,539 000 zł,"Pracujemy 7 dni w tygodniu. Zainteresowała Cię oferta? Zadzwoń, zanim ubiegną Cię inni.
Jedyne w ofercie dewelopera narożne mieszkanie z ogródkiem!! 
-> umów się na prezentację mieszkania na żywo (w pierwszym etapie inwestycji)
-> bez jakichkolwiek prowizji
OFERTA BEZPOŚREDNIO OD DEWELOPERA. Inwestycja mieści się w zielonej części miasta z dobrą komunikacją miejską. 
Razem płynnie przejdziemy przez cały proces zakupu nieruchomości.
Wszystkie formalności związane z kredytowaniem nieruchomości załatwimy na miejscu.
Opis mieszkania:
Na sprzedaż słoneczne trzypokojowe mieszkanie położone na parterze w nowoczesnym budynku. Wystawa okien wschodnia. Do mieszkania przynależy przestronny taras oraz ogródek na którym znajdziesz dodatkową przestrzeń do odpoczynku.
Mieszkanie tworzy przestronny salon z aneksem kuchennym oraz z dwie ustawne sypialnie. W przedpokoju miejsce na dużą szafę. W łazience bez najmniejszych problemów zmieścimy wannę. Przemyślany układ pomieszczeń tworzy doskonałą funkcjonalność.
Opis budynku:
Dwupiętrowe kameralnie położone budynki w bardzo dobrym standardzie. Do każdego z mieszkań przynależy balkon bądź ogródek. Duże przestrzenie między budynkami gwarantują poczucie intymności.
Przy budynku przewidziane są miejsca parkingowe naziemne.
Opis lokalizacji:
Inwestycja mieści się w dobrze skomunikowanej okolicy, to gwarancja codziennej wygody, a bliskość arterii drogowych zapewnia szybki dojazd do Centrum. W pobliżu osiedla znajdziesz sklepy (zarówno małe, jak i duże), usługi, placówki edukacyjne, przychodnie i poradnie medyczne. I oczywiście miejsca do rekreacji.","ul. Woskowa, Brochów, Krzyki, Wrocław, dolnośląskie",10 228 zł/m²,3,"52,7 m²",,,,pierwotny,parter,,pełna własność,,"ogródek, taras",garaż/miejsce parkingowe,miejskie
3 pokojowe mieszakanie (2 poziomowe) blisko Rynku,950 000 zł,"Budynek z materialów ceramicznych z 1988r bez windy, odleglość od Rynku na pieszo 12 minut
Na pierwszym poziomie otwarta przestrzeń
Przestronny salon z jadalnią i kuchnią
Oddzielne wc, przedpokój z dużą szafą wnękową
Kuchnia z nowoczesnymi meblami dębowymi
Na podłodze wysokiej klasy kafle
W salonie na scianach gladż oraz ozdobny plaskowiec. Na podłodże ładna mozaika dębowa
  Na piętro prowadzą ażurowe schody dzewniane
Dwie sypialnie (12 i 18) m2
Na przedpoju na piętrze kolejna szafa wnękowa
Duża łazienka z wanną i natryskiem. Oddzielne wc.
  W calym mieszkaniu dużo światła i przestrzeni. Mieszkanie ciepłe i przytulne
W bliskiej odległości sklepy, szkoła, przedszkole, apteka, piekarnia, weterynarz, przystanki autobusowe i tramwajowe oraz kolejowe - Dworzec Nadodrze.","ul. Ludwika Rydygiera, Nadodrze, Śródmieście, Wrocław, dolnośląskie",12 500 zł/m²,3,76 m²,,715 zł,,wtórny,4/5,,pełna własność,do zamieszkania,,,gazowe
PROMOCJA | Super Ustawne | Nowa Inwestycja | HIT!,488 400 zł,"Pracujemy 7 dni w tygodniu. Zainteresowała Cię oferta? Zadzwoń, zanim ubiegną Cię inni.
Ostatnie trzy mieszkania w ofercie dewelopera
-> umów się na prezentację mieszkania na żywo (w pierwszym etapie inwestycji)
-> bez jakichkolwiek prowizji
OFERTA BEZPOŚREDNIO OD DEWELOPERA. Inwestycja mieści się w zielonej części miasta z dobrą komunikacją miejską. 
Razem płynnie przejdziemy przez cały proces zakupu nieruchomości.
Wszystkie formalności związane z kredytowaniem nieruchomości załatwimy na miejscu.
Opis mieszkania:
Na sprzedaż słoneczne trzypokojowe mieszkanie położone na pierwszym piętrze w nowoczesnym budynku. Wystawa okien wschodnia. Do mieszkania przynależy przestronny balkon na którym znajdziesz dodatkową przestrzeń do odpoczynku.
Mieszkanie tworzy przestronny salon z aneksem kuchennym oraz z dwie ustawne sypialnie. W przedpokoju miejsce na dużą szafę. W łazience bez najmniejszych problemów zmieścimy wannę. Przemyślany układ pomieszczeń tworzy doskonałą funkcjonalność.
Opis budynku:
Dwupiętrowe kameralnie położone budynki w bardzo dobrym standardzie. Do każdego z mieszkań przynależy balkon bądź ogródek. Duże przestrzenie między budynkami gwarantują poczucie intymności.
Przy budynku przewidziane są miejsca parkingowe naziemne.
Opis lokalizacji:
Inwestycja mieści się w dobrze skomunikowanej okolicy, to gwarancja codziennej wygody, a bliskość arterii drogowych zapewnia szybki dojazd do Centrum. W pobliżu osiedla znajdziesz sklepy (zarówno małe, jak i duże), usługi, placówki edukacyjne, przychodnie i poradnie medyczne. I oczywiście miejsca do rekreacji.","ul. Woskowa, Brochów, Krzyki, Wrocław, dolnośląskie",9 947 zł/m²,3,"49,1 m²",,,,pierwotny,1,,pełna własność,,"balkon, taras",garaż/miejsce parkingowe,miejskie
OSTATNIE NAROŻNE|Garderoba| DużeOkna| Sprawdź|HIT!,489 000 zł,"Pracujemy 7 dni w tygodniu. Zainteresowała Cię oferta? Zadzwoń, zanim ubiegną Cię inni.
Ostatnie narożne mieszkanie trzypokojowe w inwestycji.
-> umów się na prezentację mieszkania na żywo
-> dogodny harmonogram płatności
-> wysoki standard mieszkania
-> nowoczesne osiedle","ul. Woskowa, Brochów, Krzyki, Wrocław, dolnośląskie",9 839 zł/m²,3,"49,7 m²",,,,pierwotny,1,,pełna własność,,"balkon, taras",garaż/miejsce parkingowe,miejskie
Olimpia Port 2 pokoje,720 000 zł,"Mieszkanie 2 pokojowe w renomowanej dzielnicy Olimpia Port. 
Mieszkanie jest położone na wysokim parterze w budynku z 2016r. 
Układ mieszkania:
salon 17,2m2
przedpokój połączony z salonem 6,8m2
kuchnia 8,1m2
sypialnia 12m2
przestronny balkon 8,3m2 - z dobrym widokiem (brak bliskich zabudowań)
Lokal sprzedawany wraz z wyposażeniem - meble, sprzęt AGD 
Mieszkanie znajduję się w najlepszej lokalizacji osiedla - duże odległości między budynkami, dużo zieleni, dużo dostępnych miejsc parkingowych.Olimpia Port jest osiedlem samowystarczalnym na jej terenie znajdziemy - przedszkole, żłobek, place zabaw, boiska, przystań, sklepy, piekarnia, centrum handlowe
Zapraszam do kontaktu","ul. Ferdynanda Magellana, Swojczyce, Psie Pole, Wrocław, dolnośląskie",14 891 zł/m²,2,"48,35 m²",,600 zł,,wtórny,parter/3,,pełna własność,do zamieszkania,balkon,,miejskie
2-pokojowe mieszkanie 49m2 + balkon Bez Prowizji,600 942 zł,"2-pokojowe mieszkanie numer B1-K3-2-2 na 2. piętrze w budynku B1 w Inwestycji Żerniki Na Novo Dewelopera ATAL
Strefa do jogi oraz przestrzeń dla najmłodszych
Las (20 minut spacerem)
Przystanek tramwajowy i autobusowy (12 minut spacerem)
Lidl (7 minut samochodem), Biedronka (8 minut samochodem)
Port Lotniczy Wrocław (14 minut samochodem)
CH Magnolia Park, Kino Helios (14 minut samochodem)
Tarczyński Arena (6 minut samochodem)





Żerniki, ul. Witolda Lipińskiego/ul. Maxa Berga
Istotne punkty w okolicy inwestycji",,"ul. Konińska, Leśnica, Fabryczna, Wrocław, dolnośląskie",2,"49,78 m²",,,,,2/4,,pełna własność,do wykończenia,balkon,garaż/miejsce parkingowe,
NAROŻNE z Pięknym Ogródkiem | Nowa Inwestycja|HIT!,539 000 zł,"Pracujemy 7 dni w tygodniu. Zainteresowała Cię oferta? Zadzwoń, zanim ubiegną Cię inni.
Jedyne w ofercie dewelopera narożne mieszkanie z ogródkiem!! 
-> umów się na prezentację mieszkania na żywo (w pierwszym etapie inwestycji)
-> bez jakichkolwiek prowizji
OFERTA BEZPOŚREDNIO OD DEWELOPERA. Inwestycja mieści się w zielonej części miasta z dobrą komunikacją miejską. 
Razem płynnie przejdziemy przez cały proces zakupu nieruchomości.
Wszystkie formalności związane z kredytowaniem nieruchomości załatwimy na miejscu.
Opis mieszkania:
Na sprzedaż słoneczne trzypokojowe mieszkanie położone na parterze w nowoczesnym budynku. Wystawa okien wschodnia. Do mieszkania przynależy przestronny taras oraz ogródek na którym znajdziesz dodatkową przestrzeń do odpoczynku.
Mieszkanie tworzy przestronny salon z aneksem kuchennym oraz z dwie ustawne sypialnie. W przedpokoju miejsce na dużą szafę. W łazience bez najmniejszych problemów zmieścimy wannę. Przemyślany układ pomieszczeń tworzy doskonałą funkcjonalność.
Opis budynku:
Dwupiętrowe kameralnie położone budynki w bardzo dobrym standardzie. Do każdego z mieszkań przynależy balkon bądź ogródek. Duże przestrzenie między budynkami gwarantują poczucie intymności.
Przy budynku przewidziane są miejsca parkingowe naziemne.
Opis lokalizacji:
Inwestycja mieści się w dobrze skomunikowanej okolicy, to gwarancja codziennej wygody, a bliskość arterii drogowych zapewnia szybki dojazd do Centrum. W pobliżu osiedla znajdziesz sklepy (zarówno małe, jak i duże), usługi, placówki edukacyjne, przychodnie i poradnie medyczne. I oczywiście miejsca do rekreacji.","ul. Woskowa, Brochów, Krzyki, Wrocław, dolnośląskie",10 228 zł/m²,3,"52,7 m²",,,,pierwotny,parter,,pełna własność,,"ogródek, taras",garaż/miejsce parkingowe,miejskie
3-pokojowe mieszkanie 52m2 + balkon Bezpośrednio,623 820 zł,"3-pokojowe mieszkanie numer B2-K1-1-2 na 1. piętrze w budynku B2 w Inwestycji Żerniki Na Novo Dewelopera ATAL
Strefa do jogi oraz przestrzeń dla najmłodszych
Las (20 minut spacerem)
Przystanek tramwajowy i autobusowy (12 minut spacerem)
Lidl (7 minut samochodem), Biedronka (8 minut samochodem)
Port Lotniczy Wrocław (14 minut samochodem)
CH Magnolia Park, Kino Helios (14 minut samochodem)
Tarczyński Arena (6 minut samochodem)





Żerniki, ul. Witolda Lipińskiego/ul. Maxa Berga
Istotne punkty w okolicy inwestycji",,"ul. Konińska, Leśnica, Fabryczna, Wrocław, dolnośląskie",3,"52,65 m²",,,,,1/4,,pełna własność,do wykończenia,balkon,garaż/miejsce parkingowe,
"4 pokoje, osobna kuchnia, balkon, duża piwnica",650 000 zł,"OFERTA TYLKO W NASZYM BIURZE!
Polecam Państwa uwadze mieszkanie na wrocławskim osiedlu Gądów- czteropokojowe z osobną kuchnią, balkonem oraz dużą piwnicą (prawie 6m2).
Mieszkanie na II pietrze w czteropiętrowym bloku z początku lat 80-tych (bez windy).
Układ północ (dwa pokoje i kuchnia), południe (salon z balkonem, pokój).
Od strony południowej wysokie drzewa latem dające cień.
W każdym pokoju parkiet drewniany, okna PCV (sprawne).
Piony wodnokanalizacyjne wymienione.
Instalacja elektryczna- do wymiany.
Gładzie częściowe.
Media miejskie.","ul. Balonowa, Gądów, Fabryczna, Wrocław, dolnośląskie",9 272 zł/m²,4,"70,1 m²",,,,wtórny,2/4,,pełna własność,do remontu,balkon,,miejskie
! OKAZJA ! ROZKŁADOWE 3 POKOJE BALKON CO MIEJSKIE,529 999 zł,"Na sprzedaż ROZKŁADOWE DWUSTRONNE mieszkanie 3-pokojowe o powierzchni 45,50 m2,  5 min do Rynku.
Usytuowane jest na piętrze 7/10p., ocieplonego bloku z 1965 r.
Budynek jest po termomodernizacji, klatka schodowa i piony wodne po remoncie.

Mieszkanie składa się z:
- salonu,
- sypialni I,
- sypialni II,
- oddzielnej kuchni z oknem, z wyjściem BALKON
- łazienki z WC,
- przedpokoju,
- dodatkowo piwnica
- pod budynkiem znajduje się wiele bezpłatnych miejsc postojowych

Okolica jest bardzo dobrze skomunikowana – w pobliżu znajdują się przystanki autobusowe i tramwajowe.

OKNA PLASTIKOWE!

WSZYSTKIE MEDIA MIEJSKIE!

Opłaty: 550zł + 100zł (prąd) - na 2 osoby

CENA: 529 999 

880 835 658 ! OFERTA JUŻ JUTRO MOŻE BYĆ NIEAKTUALNA !

ZAPRASZAMY NA BEZPŁATNĄ PREZENTACJE !

FUKS NIERUCHOMOŚCI 880 835 658 PROSZĘ DZWONIĆ ŚMIAŁO O KAŻDEJ PORZE ODBIERAMY 24H/7

NUMER OFERTY BIURA: FUKS NIERUCHOMOŚCI 448/13462/OMS

NIEDOSTATECZNE ŚRODKI ? TO NIE PROBLEM ! 

WSPÓŁPRACUJEMY Z DOŚWIADCZONYMI EKSPERTAMI KREDYTOWYMI !

POMAGAMY W UZYSKANIU FINANSOWANIA ( RÓWNIEŻ PAŃSTWOWEGO BEZPIECZNEGO KREDYTU ) NA TĘ I INNE NIERUCHOMOŚCI , ZADZWOŃ I ZAPYTAJ O SZCZEGÓŁY

PRZEPROWADZIMY PAŃSTWA BEZPIECZNIE PRZEZ CAŁY PROCES ZAKUPU/SPRZEDAŻY LUB WYNAJMU NIERUCHOMOŚCI

GWARANTUJEMY PROFESJONALNĄ OPIEKĘ PRAWNĄ I NOTARIALNĄ

OFERUJEMY KONKURENCYJNE STAWKI U NOTARIUSZA 

WYSTAWIAMY RÓWNIEŻ ZAŚWIADCZENIA CHARAKTERYSTYKI ENERGETYCZNEJ","ul. Grabiszyńska, Gajowice, Fabryczna, Wrocław, dolnośląskie",11 648 zł/m²,3,"45,5 m²",,550 zł,,wtórny,7/10,,,,balkon,,miejskie
"2-pokojowe mieszkanie 50m2, Wrocław, Nasturcjowa",580 000 zł,"Na sprzedaż 2-pokojowe, umeblowane mieszkanie położone przy ul. Nasturcjowej.
Mieszkanie jest przestronne, w pełni rozkładowe, o powierzchni 50 m2 i znajduje się na 2 piętrze w 3-piętrowej kamienicy (w budynku jest podwyższony parter).
Pomieszczenia:
- salon - ok 19 m2
- sypialnia - ok 13 m2
- korytarz - ok 8 m2
- kuchnia - ok 7 m2
- łazienka - ok 3 m2","ul. Nasturcjowa, Grabiszyn, Fabryczna, Wrocław, dolnośląskie",11 600 zł/m²,2,50 m²,,460 zł,,wtórny,2/3,,pełna własność,do zamieszkania,,,elektryczne
Teraz duży rabat Sprawdź Dwustronne dodat. wc,699 000 zł,"Remigiusz Pawlicki
tel. 577 677 808

* kupujący nie płaci prowizji, ani PCC
* stan deweloperski do wykończenia
* Idealne na start
* Możliwość wykończenia pod Klucz

TERAZ RABAT NAWET 50000 ZŁ!
CENA TRANSAKCYJNA 649000 ZŁ




W skład mieszkania wchodzi:
-Salon z aneksem
-Sypialnia
-Sypialnia
-Przedpokój
-Łazienka
-WC
-Balkon
-Miejsce postojowe (MP naziemne 29000 zł lub MP garaż 44000 zł zakup obowiązkowy)
-Komórka lokatorska(możliwy zakup- cena 4500 zł m2, powierzchnia 2-3-m2)

Ekspozycja północ-południe





Na osiedlu do Twojej dyspozycji będą wyjątkowe części wspólne z alejkami spacerowymi i małą architekturą. Najmłodsi mieszkańcy skorzystają z kolorowego placu zabaw, a Ci trochę starsi z przyjemnością odetchną wśród bujnej roślinności po intensywnym dniu. Na dłuższy spacer lub wycieczkę rowerową będą się mogli wybrać do Lasu Sołtysowickiego i dalej - na wały nad Widawą. Niedaleko osiedla są także Skwer Władysława Bełzy, parki: Jana Kasprowicza, Stara Odra, Marii Dąbrowskiej, a także plaża miejska

Dostępne inne metraże i układy




W ramach usługi pośrednictwa, dla naszych klientów zapewniamy profesjonalnych doradców finansowych z ofertą kredytową wielu banków.

Interesują cię inne lokalizacje? Zadzwoń, w swojej ofercie posiadam około 80 inwestycji na rynku pierwotnym we Wrocławiu!

********
Zamieszczona oferta nie stanowi oferty w rozumieniu Kodeksu Cywilnego, a dane w nich zawarte mają jedynie charakter informacyjny.
3-1-6","Lothara Herbsta, Karłowice, Psie Pole, Wrocław, dolnośląskie",11 592 zł/m²,3,"60,3 m²",,,,pierwotny,1/5,,pełna własność,,balkon,garaż/miejsce parkingowe,miejskie
Zadbane 3M Osobna Kuchnia niski blok Inwestor Gaj,599 000 zł,"SUPER MIEJSCE 3 POKOJE OSOBNA KUCHNIA-Idealne DLA INWESTORA RODZIN STUDENTÓW- Małgorzata WÓJCIK -570 545 365-Licencja 16128-DUŻY BALKON-SERDECZNIE POLECAM

Przestronne 3 pokojowe mieszkanie, dwustronne, samodzielne 3 pokoje, oddzielna jasna kuchnia z oknem, łazienka, przedpokój i dodatkowe pomieszczenie o łącznej pow. wg KW 58,40m2 idealne zarówno do samodzielnego zamieszkania dla rodziny, młodego małżeństwa, studentów jak i dla inwestorów jako bardzo dobra inwestycja.

BARDZO DOBRA LOKALIZACJA na jednym z lubianych osiedli Krzyki / Gaj z bardzo dobrym dojazdem zarówno w kierunku Centrum, jak i w innych kierunkach miasta
-Tramwaj szybki plus (31,32), pośpieszny K oraz autobusy ( nr 133, 145, 146), również wygodne połączenie do autostrady A4 i węzła bielańskiego.

3 pokojowe mieszkanie w pełnym rozkładzie, mamy tutaj:
-salon z wyjściem na duży balkon.
-osobną widną z oknem kuchnię umeblowaną i wyposażoną w sprzęt AGD
-pokój,
-pokój,
- łazienkę z wanną, umywalką i WC,
- przedpokój z bardzo dużą pojemną garderobą.
-dodatkowe pomieszczenie z zabudowanego korytarza przynależnego do lokalu mieszkalnego.

Do mieszkania przynależy dodatkowo duża piwnica 8,30m2.

Do dyspozycji mieszkańców dużo miejsc parkingowych wokół budynku.

Bardzo dobra oferta dla rodziny, studentów, młodego małżeństwa.
Idealna oferta również dla inwestora na wynajem.

Blisko Uniwersytet Medyczny Borowska, niedaleko Uniwersytet Ekonomiczny, dobre połączenia z Placem Grunwaldzkim w kierunku Politechniki Wrocławskiej.

Na osiedlu dużo zieleni, placów zabaw, wiele sklepów i punktów usługowych, wszystko pod ręką. Blisko szkoła, Centra Handlowe: Ferio Gaj, Hala Gaj, Biedronka. Osiedle z w pełni rozwiniętą infrastrukturą, wiele sklepów i punktów usługowych. Wszystko w zasięgu ręki.

Świetna lokalizacja nieruchomości zarówno pod kątem komunikacyjnym jak i warunków wypoczynku i spędzania wolnego czasu. W sąsiedztwie dwa zadbane parki : Skowronii i Andersa, oraz Wzgórze Gajowe 20 min ścieżki rowerowe, parczki osiedlowe, niedaleko kompleks sportowo-rekreacyjny Aqua Park.

Pośrednik w obrocie nieruchomościami-MAŁGORZATA WÓJCIK 570 545 365, Licencja nr 16128 -ZADZWOŃ i umów się na bezpłatna prezentację--ZAPYTAJ o szczegóły -SERDECZNIE ZAPRASZAM do zapoznania się z interesującą ofertą.

Zamieszczona oferta nie stanowi oferty w rozumieniu Kodeksu Cywilnego, a dane w nich zawarte mają jedynie charakter informacyjny.","Świeradowska ok Orłowicza Krynicka Krzyki GAJ, Gaj, Krzyki, Wrocław, dolnośląskie",10 257 zł/m²,3,"58,4 m²",,800 zł,,wtórny,4/4,,,do zamieszkania,balkon,garaż/miejsce parkingowe,miejskie
"Sępolno, ul. Kasprzaka, prywatnie",830 000 zł,"Sprzedam mieszkanie w dzielnicy Sępolno. Mieszkanie jest 3 pokojowe z oddzielną kuchnia. Kuchnia oraz łazienka wymagają remontu.  Mieszkanie znajduje się na pierwszym piętrze w budynku 2 piętrowym plus poddasze. Budynek jest 5 lokalowy. Elewacja budynku zrobiona w 2022 roku. Mieszkanie jest dwustronne, po obydwu stronach są balkony. Ogrzewanie oraz ciepła woda z piecyka gazowego, dwufunkcyjnego. 
Do mieszkania przynależy duża piwnica. Z obu stron budynku są dzierżawione od miasta ogródki. Na jednym z nich, od ulicy można parkować samochód. 
Mieszkanie posiada świadectwo charakterystyki energetycznej. 
wskaźnik rocznego zapotrzebowania na energię użytkową EU = 111,79 kWh/(m2 . rok) ","ul. Marcina Kasprzaka, Sępolno, Śródmieście, Wrocław, dolnośląskie",12 050 zł/m²,3,"68,88 m²",,,,wtórny,1/2,,pełna własność,do remontu,"balkon, ogródek",garaż/miejsce parkingowe,gazowe
Ogródek|2Tarasy|Garderoba|NowaInwestycja|HIT!,610 000 zł,"Pracujemy 7 dni w tygodniu. Zainteresowała Cię oferta? Zadzwoń, zanim ubiegną Cię inni.
Jedyne w ofercie dewelopera narożne mieszkanie z ogródkiem!! 
Garderoba bądź oddzielne WC!
-> umów się na prezentację mieszkania na żywo (w pierwszym etapie inwestycji)
-> bez jakichkolwiek prowizji
OFERTA BEZPOŚREDNIO OD DEWELOPERA. Inwestycja mieści się w zielonej części miasta z dobrą komunikacją miejską. ","ul. Woskowa, Brochów, Krzyki, Wrocław, dolnośląskie",10 124 zł/m²,4,"60,25 m²",,,,pierwotny,parter,,pełna własność,,"ogródek, taras",garaż/miejsce parkingowe,miejskie
308/9296/OMS,650 000 zł,"Na sprzedaż słonecznie i ustawne trzypokojowe mieszkanie, usytuowane na pierwszym piętrze zadbanego bloku przy ulicy Dolnobrzeskiej we Wrocławiu.

LOKALIZACJA:
Nieruchomość położona jest w Leśnicy. W okolicy znajduje się dużo terenów zielonych, spacerowych np. Park Leśnicki, Park Złotnicki, Las Mokrzański, stawy, Zamek z pięknym ogrodem. Nieruchomość jest bardzo dobrze skomunikowana z centrum miasta. Spod bloku można dojechać w 5min na pętlę tramwajową, gdzie znajdują się przystanki linii: 3, 10, 20. oraz autobusowe 117, 123, 137, 138. W centrum Leśnicy znajduje się również stacja PKP, z której do centrum można się przedostać w 15min.
Okolica jest bogata w infrastrukturę handlowo-edukacyjną, w pobliżu supermarkety Biedronka, Lidl, Aldi, restauracje, placówki edukacyjne.

NIERUCHOMOŚĆ:
Mieszkanie znajduje się na pierwszym piętrze bloku wybudowanego w 2009 roku.
Zajmuje łączną powierzchnię 63,12m² i składa się z trzech pokoi, aneksu kuchennego, łazienki oraz okazałego balkonu.
Na paterze budynku mieści się sklep Żabka oraz pizzeria. Istnieje spore udogodnienie dla przyszłych rodzin w postaci bliskiej odległości mieszkania od Szkoły Podstawowej oraz przedszkola.

ATUTY:
- pełna własność
- do korzystania: wózkownia i rowerowania
- duża dostępność miejsc parkingowych pod blokiem
- przestronny balkon
- duża łazienka

Zapraszam do kontaktu celem umówienia się na prezentację.


SPRZEDAŻ – WYNAJEM – ZARZĄDZANIE NAJMEM

Oferta wysłana z programu dla biur nieruchomości ASARI CRM ()","ul. Dolnobrzeska, Leśnica, Fabryczna, Wrocław, dolnośląskie",10 298 zł/m²,3,"63,12 m²",,720 zł,,wtórny,1/3,,pełna własność,do zamieszkania,,garaż/miejsce parkingowe,miejskie
Funkcjonalny układ Balkon Dodat. Wc Stare Miasto,859 000 zł,"Remigiusz Pawlicki
tel. 577 677 808

* kupujący nie płaci prowizji, ani PCC
* stan deweloperski do wykończenia
* Blisko Odry
* Możliwość wykończenia pod klucz

Funkcjonalne mieszkanie z dużym balkonem.
W skład mieszkania wchodzi
-Pokój dzienny z aneksem
-Sypialnia
-Pokój
-Garderoba
-Łazienka
-WC
-Przedpokój
-Balkon
-Miejsce postojowe w garażu podziemnym 49000 zł(możliwość dokupienia)



*Tereny Spacerowe wokół Odry
*Wysoki Standard wykończenia części wspólnych
*Siłownia zewnętrzna
*Przestrzeń osiedla wypełni Zieleń

Osiedle powstaje tuż przy Odrze, na Starym Mieście. Tej wyjątkowej lokalizacji zawdzięcza swój charakter - wielkomiejski, z doskonałą komunikacją, o krok od centrum i tętniących życiem arterii, a jednocześnie zwrócony w stronę terenów zielonych, biegnących wzdłuż rzeki przyciągającej swym majestatycznie rozlanym, leniwym nurtem.




Remigiusz Pawlicki

W ramach usługi pośrednictwa, dla naszych klientów zapewniamy profesjonalnych doradców finansowych z ofertą kredytową wielu banków.



********
Zamieszczona oferta nie stanowi oferty w rozumieniu Kodeksu Cywilnego, a dane w nich zawarte mają jedynie charakter informacyjny.
M2-3-34","ul. Gnieźnieńska, Szczepin, Stare Miasto, Wrocław, dolnośląskie",12 671 zł/m²,3,"67,79 m²",,,,pierwotny,4/9,,pełna własność,,balkon,garaż/miejsce parkingowe,miejskie
"Mieszkanie, 39,30 m², Wrocław",565 000 zł,"2 POKOJOWE WYREMONTOWANE! W CENTRUM! MEDIA MIEJSKIE/ INWESTYCYJNIE
Do sprzedania atrakcyjne, wyremontowane 2 pokojowe mieszkanie na Szczepinie - topowa lokalizacja, świetnie skomunikowana (komunikacja tramwajowa i autobusowa).
W pobliżu również bogata infrastruktura, punkty handlowo-usługowe.
W SKŁAD NIERUCHOMOŚCI WCHODZI:
- 2 pokoje,","Szczepin, Stare Miasto, Wrocław, dolnośląskie",14 377 zł/m²,2,"39,3 m²",,,,wtórny,9/10,,,,,,miejskie
PROMOCJA | Super Ustawne | Nowa Inwestycja | HIT!,488 400 zł,"Pracujemy 7 dni w tygodniu. Zainteresowała Cię oferta? Zadzwoń, zanim ubiegną Cię inni.
Ostatnie trzy mieszkania w ofercie dewelopera
-> umów się na prezentację mieszkania na żywo (w pierwszym etapie inwestycji)
-> bez jakichkolwiek prowizji
OFERTA BEZPOŚREDNIO OD DEWELOPERA. Inwestycja mieści się w zielonej części miasta z dobrą komunikacją miejską. 
Razem płynnie przejdziemy przez cały proces zakupu nieruchomości.
Wszystkie formalności związane z kredytowaniem nieruchomości załatwimy na miejscu.
Opis mieszkania:
Na sprzedaż słoneczne trzypokojowe mieszkanie położone na pierwszym piętrze w nowoczesnym budynku. Wystawa okien wschodnia. Do mieszkania przynależy przestronny balkon na którym znajdziesz dodatkową przestrzeń do odpoczynku.
Mieszkanie tworzy przestronny salon z aneksem kuchennym oraz z dwie ustawne sypialnie. W przedpokoju miejsce na dużą szafę. W łazience bez najmniejszych problemów zmieścimy wannę. Przemyślany układ pomieszczeń tworzy doskonałą funkcjonalność.
Opis budynku:
Dwupiętrowe kameralnie położone budynki w bardzo dobrym standardzie. Do każdego z mieszkań przynależy balkon bądź ogródek. Duże przestrzenie między budynkami gwarantują poczucie intymności.
Przy budynku przewidziane są miejsca parkingowe naziemne.
Opis lokalizacji:
Inwestycja mieści się w dobrze skomunikowanej okolicy, to gwarancja codziennej wygody, a bliskość arterii drogowych zapewnia szybki dojazd do Centrum. W pobliżu osiedla znajdziesz sklepy (zarówno małe, jak i duże), usługi, placówki edukacyjne, przychodnie i poradnie medyczne. I oczywiście miejsca do rekreacji.","ul. Woskowa, Brochów, Krzyki, Wrocław, dolnośląskie",9 947 zł/m²,3,"49,1 m²",,,,pierwotny,1,,pełna własność,,"balkon, taras",garaż/miejsce parkingowe,miejskie
Piękne mieszkanie z Tarasem,785 000 zł,"Mam przyjemność zaprezentować Państwu na sprzedaż atrakcyjne wykończone mieszkanie na parterze z ogrodem i dwoma miejscami parkingowymi oraz komórka lokatorską. Psie pole Ul. Kurlandzka 
Nieruchomość oddana do użytku w 2021 roku.
Mieszkanie o łącznej powierzchni użytkowej 62m
Rozkład pomieszczeń:
salon z aneksem kuchennym (20,74 m2)

łazienka z WC (4,62 m2)","Karłowice, Psie Pole, Wrocław, dolnośląskie",12 661 zł/m²,3,62 m²,,600 zł,,wtórny,parter,,,do zamieszkania,ogródek,garaż/miejsce parkingowe,
"Dwupoziomowe, klimatyzacja, 2 miejsca postojowe",1 199 000 zł,"Piękne dwupoziomowe mieszkanie na Promenadach Wrocławskich w budynku z 2019 roku. Na 1 poziomie: salon z aneksem kuchennym, wyposażeniem AGD, balkonem i klimatyzacją. Łazienka z wanną, pralką i suszarką. Na 2 poziomie: dwa pokoje w tym jeden z balkonem i klimatyzacją. Łazienka z prysznicem. W mieszkaniu wykonano na zamówienie: zabudowę kuchenną, szafy w przedpokoju i sypialni, łazienki, schody dębowe. Do mieszkania przynależą dwa miejsca postojowe ( w cenie mieszkania) - jedno w hali garażowej, z której dojedzie się dużą windą na poziom mieszkania. Na dachu znajduje się miejsce rekreacyjne dla mieszkańców budynku z ławeczkami i mini siłownią. W okolicy liczne sklepy, punkty usługowe i miejsca rekreacyjne. Okolica idealnie skomunikowana z innymi częściami miasta. ","ul. Rychtalska, Kleczków, Psie Pole, Wrocław, dolnośląskie",16 380 zł/m²,3,"73,2 m²",,,,wtórny,4/5,,pełna własność,do zamieszkania,balkon,garaż/miejsce parkingowe,miejskie
*Bacciarellego 54* 3 pokoje*Taras*Balkon* Garaż*,1 389 646 zł,"Szczególnie polecam do kupna wyjątkowe mieszkanie w inwestycji ""Bacciarellego 54"" na wrocławskich Bartoszycach.

Mieszkanie dwupoziomowe - 78,07m2, w stanie deweloperskim, położone w budynku ""F"".

Apartament z wieloma możliwościami aranżacyjnymi.
Istnieje możliwość otwarcia wszystkich przestrzeni, uzyskując w ten sposób 2 pokoje lub postawienia ścianek działowych tworzących podział na 3 lub 4 pokoje.

Z dolnego poziomu wyjście na taras, z górnego na balkon.

Do mieszkania przynależy miejsce postojowe w garażu podziemnym (z ), a także  znajdująca się na poziomie hali garażowej).

Budynek wyposażony w windę.
Do dyspozycji mieszkańców wózkownia i rowerownia.

Tereny zielone stanowią 70% powierzchni inwestycji.
Osiedle z mnóstwem nowych roślin, a także starodrzewiem.
Prywatny park dla mieszkańców.

Przemyślana, prosta architektura, biała elewacja tworzą spójną całość.
Niska, kameralna zabudowa.
Osiedle monitorowane i ogrodzone.

W najbliższej okolicy przystanek autobusowy.
Dojazd do centrum zajmuje 15 minut.
Niedawno otwarta Aleja Wielkiej Wyspy dodatkowo poprawiła komunikację z innymi częściami Wrocławia.
Wielkim atutem jest bliskość Parku Szczytnickiego, kanału żeglugowego Odry, czy wyspy Opatowickiej. 

Bacciarellego 54, to świetne miejsce do życia dla osób aktywnych, pragnących mieszkać blisko centrum, ale cieszyć się ciszą i terenami zielonymi.

Apartament sprzedawany na podstawie cesji praw i obowiązków, bez ","ul. Marcellego Bacciarellego, Bartoszowice, Śródmieście, Wrocław, dolnośląskie",17 800 zł/m²,3,"78,07 m²",,,,wtórny,2/3,,pełna własność,do wykończenia,"balkon, taras",garaż/miejsce parkingowe,miejskie
"1-pokojowe Nyska,Balkon+Garaż Podziemny 540625zł",485 625 zł,"Sprzedam  mieszkanie 27,76 m2. Do Rynku 3,5 km , na strzeżonym osiedlu Innova przy ul. Nyskiej z balkonem 2,06 m2, oraz miejscem postojowym w garażu podziemnym, z windą , klatka schodowa ogrzewana. Mieszkanie jest ładne,  nowoczesne ,funkcjonalne i przede wszystkim ciche, ogrzewanie miejskie. Blisko przystanki tramwajowe i autobusowe, sklepy spożywcze, KFC i Mc Donalds , centra handlowe, kino . Za całość z miejscem parkingowym 540625zł .  Tel. 663-281-700 . Mieszkanie obecnie jest wynajmowane","Przedmieście Świdnickie, Stare Miasto, Wrocław, dolnośląskie",17 500 zł/m²,,"27,75 m²",,500 zł,,wtórny,2/5,,pełna własność,do zamieszkania,balkon,garaż/miejsce parkingowe,miejskie
PROMOCJA | Piękny i duży Ogródek|OSTATNIE|Sprawdź!,560 000 zł,"Pracujemy 7 dni w tygodniu. Zainteresowała Cię oferta? Zadzwoń, zanim ubiegną Cię inni.
OSTATNIE!!
Na sprzedaż mieszkanie z największym ogródkiem w inwestycji.
-> umów się na prezentację mieszkania na żywo
-> dogodny harmonogram płatności
-> wysoki standard mieszkania","ul. Ignacego Mościckiego, Bieńkowice, Krzyki, Wrocław, dolnośląskie",8 296 zł/m²,4,"67,5 m²",,,,pierwotny,parter,,pełna własność,,"ogródek, taras",garaż/miejsce parkingowe,miejskie
3-pokojowe mieszkanie 52m2 + balkon Bezpośrednio,622 314 zł,"3-pokojowe mieszkanie numer B2-K2-2-2 na 2. piętrze w budynku B2 w Inwestycji Żerniki Na Novo Dewelopera ATAL
Strefa do jogi oraz przestrzeń dla najmłodszych
Las (20 minut spacerem)
Przystanek tramwajowy i autobusowy (12 minut spacerem)
Lidl (7 minut samochodem), Biedronka (8 minut samochodem)
Port Lotniczy Wrocław (14 minut samochodem)
CH Magnolia Park, Kino Helios (14 minut samochodem)
Tarczyński Arena (6 minut samochodem)





Żerniki, ul. Witolda Lipińskiego/ul. Maxa Berga
Istotne punkty w okolicy inwestycji",,"ul. Konińska, Leśnica, Fabryczna, Wrocław, dolnośląskie",3,"52,08 m²",,,,,2/4,,pełna własność,do wykończenia,balkon,garaż/miejsce parkingowe,
Mieszkanie 2 pokojowe w super lokalizacji,485 000 zł,"Mieszkanie na sprzedaż przy ulicy Nowowiejskiej
  OPIS NIERUCHOMOŚCI: 

Mieszkanie znajduję na III piętrze czteropiętrowej kamienicy
Mieszkanie ciepłe i słoneczne, z ekspozycją okien na południowy-zachód oraz północny-wschód. Na podłodze parkiet oraz kafle, na ścianach gładź w pokojach, na kuchni oraz w przedpokoju boazeria.","ul. Nowowiejska, Ołbin, Śródmieście, Wrocław, dolnośląskie",11 548 zł/m²,2,42 m²,,480 zł,,wtórny,3/4,,,do zamieszkania,,,miejskie
Super Promocja|Nowa Inwestycja|DużeOkna|SprawdźHIT,415 000 zł,"Pracujemy 7 dni w tygodniu. Zainteresowała Cię oferta? Zadzwoń, zanim ubiegną Cię inni.
OSTATNIE MIESZKANIA W OFERCIE!!
->okna od słonecznej strony
-> umów się na prezentację mieszkania na żywo 
-> bez prowizji
OFERTA BEZPOŚREDNIO OD DEWELOPERA.","ul. Woskowa, Brochów, Krzyki, Wrocław, dolnośląskie",10 506 zł/m²,2,"39,5 m²",,,,pierwotny,1,,pełna własność,,"balkon, taras",garaż/miejsce parkingowe,miejskie
"Mieszkanie, ogród 120m, garderoba, miejsce w cenie",649 000 zł,"Bezpośredni kontakt z właścicielem pod nr. 609 658 995 -Paweł.

Polecam mieszkanie 3 pokojowe 55,5m2 z garderobą i ogrodem 120m2 na Wrocławskich Maślicach, tuż przy licznych terenach spacerowych: Park Świetlików 100m, Las Pilczycki 100m i wały spacerowe ciągnące się kilometrami.
Mieszkanie położone jest w kameralnym 6-lokalowym budynku. Budynek posiada 3 kondygnacje, na każdej kondygnacji 2 lokale mieszkalne. Kamienica po licznych remontach: ocieplona elewacja, wykonana izolacja pozioma budynku metodą iniekcji, remont klatki schodowej, całkowita wymiana instalacji gazowej budynku w 2023r (wraz z wymianą głównego przyłącza). 
Mieszkanie w 2011r przeszło generalny remont. W ramach pozwolenia na budowę dobudowano sypialnię i łazienkę. Wykonano do mieszkania indywidualną instalację wodną (własny licznik główny oraz licznik ogrodowy), nową instalację kanalizacyjną, nową izolację podłóg na całej powierzchni (utwardzanie, styropian, wylewki), nową instalację elektryczną z zastosowaniem kabli samogasnących, instalację gazową oraz instalację grzewczą. Ponadto zamontowano nową stolarkę okienną, drzwiową- kompletnie wszystko. Tak więc wnętrze mieszkania ""od nowa wybudowane"" w 2011r. Z poprzedniego mieszkania pozostały tylko ściany zewnętrzne- z naturalnej cegły. Grubość ścian to aż 55cm. Dodatkowe ocieplenie styropianem sprawia, ze mieszkanie jest chłodne latem, a ciepłe i oszczędne zimą w sezonie grzewczym. W dobudowanej nowej części (sypialnia i łazienka) jest ogrzewanie podłogowe.

Mieszkanie jest ciche, prawie wszystkie okna wychodzą na ogród, tylko jedna ściana graniczy z sąsiednim mieszkaniem.
Ogród zagospodarowany z drewnianym domkiem dla dzieci ze zjeżdżalnią (do renowacji), dwuosobową huśtawką oraz miejscem na grilla,
Wysokość miesięcznych rachunków przy 3-osobowej rodzinie.
- prąd 100zł,
- woda (bez ogrodowej) 120zł
- gaz (już po podwyżkach) ok. 250zł
- śmieci 60zł
- fundusz remontowy 166zł
Na terenie nieruchomości znajdują się miejsca postojowe dla mieszkańców budynku.","ul. Rędzińska 51, Maślice, Fabryczna, Wrocław, dolnośląskie",11 694 zł/m²,3,"55,5 m²",,166 zł,,wtórny,parter/2,,pełna własność,do zamieszkania,ogródek,garaż/miejsce parkingowe,gazowe
"Mieszkanie 3 pokoje, 60m2 Olimpia Port/Nowy Port",890 000 zł,"Na sprzedaż  3-pokojowe mieszkanie, o powierzchni 60,32 m2, przy ul. Chałupniczej, na osiedlu Olimpia Port / Nowy Port we Wrocławiu.

Atuty mieszkania:
w pełni wykończone, gotowe do zamieszkania
doskonale skomunikowane
ergonomiczny układ pomieszczeń
niski czynsz ok. 700zł (wliczona woda i ogrzewanie)
wyposażone w wysokiej klasy sprzęty AGD","ul. Chałupnicza, Swojczyce, Psie Pole, Wrocław, dolnośląskie",14 755 zł/m²,3,"60,32 m²",,700 zł,,wtórny,3/4,,pełna własność,do zamieszkania,balkon,garaż/miejsce parkingowe,
PROMOCJA | NajlepszaCENA |SuperUstawne|Sprawdź HIT,539 000 zł,"Pracujemy 7 dni w tygodniu. Zainteresowała Cię oferta? Zadzwoń, zanim ubiegną Cię inni.
-> umów się na prezentację mieszkania na żywo
-> ostatnie mieszkania w ofercie
-> 0% PROWIZJI
OFERTA BEZPOŚREDNIO OD DEWELOPERA. 
W ofercie posiadamy piękne mieszkania(dwu/trzy oraz czteropokojowe) z ogródkami lub balkonami. Klucze za rok. ","ul. Ignacego Mościckiego, Bieńkowice, Krzyki, Wrocław, dolnośląskie",7 985 zł/m²,4,"67,5 m²",,,,pierwotny,1,,pełna własność,,"balkon, taras",garaż/miejsce parkingowe,miejskie
OSTATNIE|NajlepszaCena|promocja|NowaInwestycja|HIT,469 000 zł,"Pracujemy 7 dni w tygodniu. Zainteresowała Cię oferta? Zadzwoń, zanim ubiegną Cię inni.
-> umów się na prezentację mieszkania na żywo
-> ostatnie mieszkania w ofercie
-> 0% PROWIZJI
OFERTA BEZPOŚREDNIO OD DEWELOPERA. 
W ofercie posiadamy piękne mieszkania(dwu/trzy oraz czteropokojowe) z ogródkami lub balkonami. Klucze za rok. ","ul. Ignacego Mościckiego, Bieńkowice, Krzyki, Wrocław, dolnośląskie",8 058 zł/m²,3,"58,2 m²",,,,pierwotny,1,,pełna własność,,"balkon, taras",garaż/miejsce parkingowe,miejskie
2 pokoje w pełnym rozkładzie w super lokalizacji,570 000 zł,"OFERTA NA WYŁĄCZNOŚĆ TYLKO W GROSS NIERUCHOMOŚCI
PEŁEN ROZKŁAD
BARDZO DOBRZE SKOMUNIKOWANE
MOŻLIWOŚĆ POŁĄCZENIA SALONU Z KUCHNIĄ
PIWNICA
WINDA","ul. Bystrzycka, Gądów, Fabryczna, Wrocław, dolnośląskie",11 562 zł/m²,2,"49,3 m²",,800 zł,,wtórny,3/6,,,do zamieszkania,balkon,garaż/miejsce parkingowe,miejskie
"Kawalerka obok Renomy, bezpośrednio",521 500 zł,"Na sprzedaż kawalerka o powierzchni 35m2, usytuowana jest na wysokim parterze w czteropiętrowym bloku mieszkalnym z lat sześćdziesiątych. 
Mieszkanie ma założoną księgę wieczystą.
Mieszkanie składa się z:
- Salonu
- Kuchni
- Łazienki
- Przedpokoju
Okna plastikowe. Wszystkie media miejskie.
Kuchnia do własnej aranżacji i zagospodarowania (obecnie w lokalu mieści się biuro).
Opłaty eksploatacyjne wynoszą około 370 zł miesięcznie.
Do mieszkania przynależy piwnica. W podwórzu parking ze szlabanem dla mieszkańców.
Lokalizacja w samym centrum Wrocławia przy Renomie i Narodowym Centrum Muzyki.

Bezpośrednio od właściciela, bez prowizji!
Pośredników nieruchomości proszę o kontakt tylko z zdecydowanymi, konkretnymi klientami","ul. Łąkowa, Przedmieście Świdnickie, Stare Miasto, Wrocław, dolnośląskie",14 900 zł/m²,,35 m²,,370 zł,,wtórny,parter/4,,,do zamieszkania,,garaż/miejsce parkingowe,miejskie
Teraz niższa cena Mieszkanie idealne dla Rodziny,829 000 zł,"Remigiusz Pawlicki
tel. 577 677 808

* kupujący nie płaci prowizji, ani PCC
* stan deweloperski do wykończenia
* Idealne na start
* Możliwość wykończenia pod Klucz

TERAZ NIŻSZA CENA! POPRZEDNIA CENA 869000 ZŁ!



W skład mieszkania wchodzi:
-Salon z aneksem
-Sypialnia
-Sypialnia
-Sypialnia
-Przedpokój
-Łazienka
-WC
-Balkon
-Balkon
-Miejsce postojowe (MP naziemne 29000 zł lub MP garaż 44000 zł)
-Komórka lokatorska(możliwy zakup- cena 4500 zł m2, powierzchnia 2-3-m2)

Ekspozycja północ-południe





Na osiedlu do Twojej dyspozycji będą wyjątkowe części wspólne z alejkami spacerowymi i małą architekturą. Najmłodsi mieszkańcy skorzystają z kolorowego placu zabaw, a Ci trochę starsi z przyjemnością odetchną wśród bujnej roślinności po intensywnym dniu. Na dłuższy spacer lub wycieczkę rowerową będą się mogli wybrać do Lasu Sołtysowickiego i dalej - na wały nad Widawą. Niedaleko osiedla są także Skwer Władysława Bełzy, parki: Jana Kasprowicza, Stara Odra, Marii Dąbrowskiej, a także plaża miejska

Dostępne inne metraże i układy




W ramach usługi pośrednictwa, dla naszych klientów zapewniamy profesjonalnych doradców finansowych z ofertą kredytową wielu banków.

Interesują cię inne lokalizacje? Zadzwoń, w swojej ofercie posiadam około 80 inwestycji na rynku pierwotnym we Wrocławiu!

********
Zamieszczona oferta nie stanowi oferty w rozumieniu Kodeksu Cywilnego, a dane w nich zawarte mają jedynie charakter informacyjny.
4-3-20","Lothara Herbsta, Karłowice, Psie Pole, Wrocław, dolnośląskie",11 367 zł/m²,4,"72,93 m²",,,,pierwotny,3/5,,pełna własność,,balkon,garaż/miejsce parkingowe,miejskie
Idealne na start Dwustronne taras ogród garderoba,579 000 zł,"Remigiusz Pawlicki
tel. 577 677 808

* kupujący nie płaci prowizji, ani PCC
* stan deweloperski do wykończenia
* Idealne na start
* Możliwość wykończenia pod Klucz


Dwustronne mieszkanie z ogródkiem i tarasem
W skład mieszkania wchodzi:
-Salon z aneksem
-Sypialnia
-Przedpokój
-Łazienka
-Garderoba
-Taras
-Ogródek
-Miejsce postojowe (MP naziemne 29000 zł lub MP garaż 44000 zł zakup obowiązkowy)
-Komórka lokatorska(możliwy zakup- cena 4500 zł m2, powierzchnia 2-3-m2)





Na osiedlu do Twojej dyspozycji będą wyjątkowe części wspólne z alejkami spacerowymi i małą architekturą. Najmłodsi mieszkańcy skorzystają z kolorowego placu zabaw, a Ci trochę starsi z przyjemnością odetchną wśród bujnej roślinności po intensywnym dniu. Na dłuższy spacer lub wycieczkę rowerową będą się mogli wybrać do Lasu Sołtysowickiego i dalej - na wały nad Widawą. Niedaleko osiedla są także Skwer Władysława Bełzy, parki: Jana Kasprowicza, Stara Odra, Marii Dąbrowskiej, a także plaża miejska

Dostępne inne metraże i układy




W ramach usługi pośrednictwa, dla naszych klientów zapewniamy profesjonalnych doradców finansowych z ofertą kredytową wielu banków.

Interesują cię inne lokalizacje? Zadzwoń, w swojej ofercie posiadam około 80 inwestycji na rynku pierwotnym we Wrocławiu!

********
Zamieszczona oferta nie stanowi oferty w rozumieniu Kodeksu Cywilnego, a dane w nich zawarte mają jedynie charakter informacyjny.
5-0-3","Lothara Herbsta, Karłowice, Psie Pole, Wrocław, dolnośląskie",12 892 zł/m²,2,"44,91 m²",,,,pierwotny,parter/5,,pełna własność,,taras,garaż/miejsce parkingowe,miejskie
2-pokojowe mieszkanie 46m2 + ogródek,587 478 zł,"2-pokojowe mieszkanie numer B1-K3-0-1 na parterze w budynku B1 w Inwestycji Żerniki Na Novo Dewelopera ATAL
Strefa do jogi oraz przestrzeń dla najmłodszych
Las (20 minut spacerem)
Przystanek tramwajowy i autobusowy (12 minut spacerem)
Lidl (7 minut samochodem), Biedronka (8 minut samochodem)
Port Lotniczy Wrocław (14 minut samochodem)
CH Magnolia Park, Kino Helios (14 minut samochodem)
Tarczyński Arena (6 minut samochodem)





Żerniki, ul. Witolda Lipińskiego/ul. Maxa Berga
Istotne punkty w okolicy inwestycji",,"ul. Konińska, Leśnica, Fabryczna, Wrocław, dolnośląskie",2,"46,03 m²",,,,,parter/4,,pełna własność,do wykończenia,"taras, ogródek",garaż/miejsce parkingowe,
Piękny OGRÓDEK | Najlepsza CENA | Promocja | HIT !,378 000 zł,"Pracujemy 7 dni w tygodniu. Zainteresowała Cię oferta? Zadzwoń, zanim ubiegną Cię inni.
OSTATNIE!!
-> umów się na prezentację mieszkania na żywo
-> ostatnie mieszkania w ofercie
-> bez prowizji !!
OFERTA BEZPOŚREDNIO OD DEWELOPERA. Inwestycja mieści się 1 kilometr od granicy miasta.","ul. Ignacego Mościckiego, Bieńkowice, Krzyki, Wrocław, dolnośląskie",9 087 zł/m²,2,"41,6 m²",,,,pierwotny,parter,,pełna własność,,"ogródek, taras",garaż/miejsce parkingowe,miejskie
"Stare Miasto, Szczepin, ul. Głogowska, 2 pokoje",480 000 zł,"Polecam w pełni rozkładowe 2-pokojowe mieszkanie o powierzchni wynoszącej 39,10 m2, w bardzo dobrej lokalizacji na wrocławskim Sczepinie.

Mieszkanie położone jest przy ul. Głogowskiej, na 1 piętrze bloku z późnych lat 70-tych.

Układ mieszkania:
- pokój,
- pokój II,
- łazienka z WC,
- przedpokój,
- kuchnia,","ul. Głogowska, Szczepin, Stare Miasto, Wrocław, dolnośląskie",12 276 zł/m²,2,"39,1 m²",,,,wtórny,1/10,,,,balkon,,miejskie
PROMOCJA | NajlepszaCENA | OstatnieSztuki | HIT!,329 000 zł,"Pracujemy 7 dni w tygodniu. Zainteresowała Cię oferta? Zadzwoń, zanim ubiegną Cię inni.
-> umów się na prezentację mieszkania na żywo
-> ostatnie mieszkania w ofercie
-> 0% PROWIZJI
OFERTA BEZPOŚREDNIO OD DEWELOPERA. Inwestycja mieści się 1 kilometr od granicy miasta.
W ofercie posiadamy piękne mieszkania(dwu oraz trzypokojowe) z ogródkami. Klucze za rok. ","ul. Ignacego Mościckiego, Bieńkowice, Krzyki, Wrocław, dolnośląskie",9 014 zł/m²,2,"36,5 m²",,,,pierwotny,1,,pełna własność,,"balkon, taras",garaż/miejsce parkingowe,miejskie
✅OGRÓDEK✅| NajlepszaCENA | Sprawdź|DużeOkna | HIT!,346 000 zł,"Pracujemy 7 dni w tygodniu. Zainteresowała Cię oferta? Zadzwoń, zanim ubiegną Cię inni.
WRÓCIŁO DO SPRZEDAŻY!! OSTATNIE MIESZKANIE Z OGRÓDKIEM!!
-> umów się na prezentację mieszkania na żywo
-> ostatnie mieszkania w ofercie
-> 0% PROWIZJI
OFERTA BEZPOŚREDNIO OD DEWELOPERA. ","ul. Ignacego Mościckiego, Bieńkowice, Krzyki, Wrocław, dolnośląskie",9 402 zł/m²,2,"36,8 m²",,,,pierwotny,parter,,pełna własność,,"ogródek, taras",garaż/miejsce parkingowe,miejskie
Ostatnie| Nowe Budownictwo | Balkon | Obejrzyj|HIT,453 000 zł,"Pracujemy 7 dni w tygodniu. Zainteresowała Cię oferta? Zadzwoń, zanim ubiegną Cię inni.
-> umów się na prezentację mieszkania na żywo (w pierwszym etapie inwestycji)
-> bez jakichkolwiek prowizji
OFERTA BEZPOŚREDNIO OD DEWELOPERA. Inwestycja mieści się w zielonej części miasta z dobrą komunikacją miejską. 

Razem płynnie przejdziemy przez cały proces zakupu nieruchomości.
Wszystkie formalności związane z kredytowaniem nieruchomości załatwimy na miejscu.
Opis mieszkania:
Na sprzedaż słoneczne trzypokojowe mieszkanie położone na drugim piętrze w nowoczesnym budynku. Wystawa okien wschodnia. Do mieszkania przynależy przestronny balkon na którym znajdziesz dodatkową przestrzeń do odpoczynku.
Mieszkanie tworzy przestronny salon z aneksem kuchennym oraz z dwie duże sypialnie. W przedpokoju miejsce na dużą szafę. W łazience bez najmniejszych problemów zmieścimy wannę. Przemyślany układ pomieszczeń tworzy doskonałą funkcjonalność.
Opis budynku:
Dwupiętrowe kameralnie położone budynki w bardzo dobrym standardzie. Do każdego z mieszkań przynależy balkon bądź ogródek. Duże przestrzenie między budynkami gwarantują poczucie intymności.
Przy budynku przewidziane są miejsca parkingowe naziemne.
Opis lokalizacji:
Inwestycja mieści się w dobrze skomunikowanej okolicy, to gwarancja codziennej wygody, a bliskość arterii drogowych zapewnia szybki dojazd do Centrum. W pobliżu osiedla znajdziesz sklepy (zarówno małe, jak i duże), usługi, placówki edukacyjne, przychodnie i poradnie medyczne. I oczywiście miejsca do rekreacji.","ul. Woskowa, Brochów, Krzyki, Wrocław, dolnośląskie",9 867 zł/m²,3,"45,91 m²",,,,pierwotny,1,,pełna własność,,"balkon, taras",garaż/miejsce parkingowe,miejskie
"3 pok., balkon, osobna kuchnia, Pilczycka,",640 000 zł,"Na sprzedaż bardzo przytulne, słoneczne mieszkanie, zlokalizowane przy ul. Pilczyckiej.

LOKALIZACJA:
Okolice ul. Pilczyckiej to samowystarczalne osiedla ze zróżnicowaną zabudową. Potencjał dostępności punktów handlowo-usługowych oraz aspekty komunikacyjne czynią ten obszar jednym z najbardziej pożądanych miejsc do zamieszkania we Wrocławiu.

Sam blok osadzony jest w niskiej zabudowie, otoczonej zielenią i sporą przestrzenią terenów między budynkami. Wznosi się jedynie na dwa piętra i jest bardzo kameralny.
Blok wybudowano 1982 roku, od tego czasu został już poddany solidnym pracom modernizacyjnym takim jak: docieplenie elewacji, remont dachu oraz odmalowanie klatki schodowej.
W okolicy znajdują się sklepy, placówki edukacyjne, wszelkiego rodzaju usługi i dobrodziejstwa związane z życiem w mieście. Dodatkowo jest to miejsce topowe komunikacyjne (liczne przystanki tramwajowe i autobusowe komunikacji miejskiej, dzięki którym przedostać się można z łatwością w każde miejsce we Wrocławiu).

NIERUCHOMOŚĆ:
Mieszkanie znajduje się na drugim, ostatnim piętrze budynku. Zajmuje łączną powierzchnię 62m² a w związku z przynależeniem do mieszkania piwnicy, jago powierzchnia w KW podawana jest jako 65,9m². Składa się z trzech pokoi, łazienki, wc, kuchni oraz balkonu o powierzchni 5m².
Mieszkanie również przechodziło zabiegi remontowe, dzięki którym jest funkcjonale i gotowe do wprowadzenia.

ATUTY:
- nowa instalacja miedziana w salonie, kuchni i łazience
- okna wymienione na PCV z nowymi parapetami
- rolety zewnętrzne w oknach
- założone nowe piony sanitarne
- WC po generalnym remoncie
- klimatyzacja w salonie
- na podłogach parkiet sosnowy
- części wspólne: suszarnia, rowerownia
- prywatna piwnica
- balkon
- liczne, wolne miejsca postojowe pod budynkiem
- pełna własność

Zapraszam do kontaktu w celu umówienia się na prezentację.

-
.



SPRZEDAŻ – WYNAJEM – ZARZĄDZANIE NAJMEM

Oferta wysłana z programu dla biur nieruchomości ASARI CRM ()","ul. Pilczycka, Pilczyce, Fabryczna, Wrocław, dolnośląskie",9 697 zł/m²,3,66 m²,,820 zł,,wtórny,2/2,,pełna własność,do zamieszkania,,garaż/miejsce parkingowe,miejskie
