,nazwa ogloszenia,cena,opis,lokalizacja,dzielnica,ulica,zametr,pokoje,powierzchnia,wysposażenie,czynsz,rodzaj zabudowy,rynek,piętro,typ,forma wlasnosci,stan wykonczenia,balkon/ogrod/taras,miejsce parkingowe,ogrzewanie,telefon,link,Score,ulica_dzielnica
40,4 Pokoje/Między Parkami/Boiskowa,558 300 zł,"Na sprzedaż, czteropokojowe mieszkanie z rynku pierwotnego przy ulicy Boiskowej na Wrocławskim Brochowie. Jeśli szukasz nieruchomości w zielonej okolicy, która posiada trzy sypialnie oraz balkon, to ta propozycja jest dla Ciebie!

Numer mieszkania: E318

Mieszkanie o pow. 59,7m² składa się z:
- Pokoju dziennego z aneksem kuchennym 19 m²
- Sypialni 11 m²
- Sypialni 9,5m²
- Sypialni 9,5 m²
- Łazienki 4 m²
- Balkonu

Niewątpliwą zaletą prezentowanego mieszkania jest funkcjonalny układ w którym:
- każda sypialnia posiada miejsce na szafę,
- korytarz z szafą na odzież wierzchnią,
- funkcjonalny aneks kuchenny w salonie,
- łazienka z miejscem na wannę,
- salon z wyjściem na balkon","ul. Boiskowa, Bieńkowice, Krzyki, Wrocław, dolnośląskie",Krzyki,"Boiskowa, Wrocław",9 447 zł/m²,4.0,"59,1 m²",brak informacji,,brak informacji,pierwotny,1/2,biuro nieruchomości,pełna własność,do wykończenia,balkon,garaż/miejsce parkingowe,,690 510 079,https://www.otodom.pl/pl/oferta/4-pokoje-miedzy-parkami-boiskowa-ID4oOJI,10.0,Gajowa
14,PROMOCJA | NajlepszaCENA |SuperUstawne|Sprawdź HIT,539 000 zł,"Pracujemy 7 dni w tygodniu. Zainteresowała Cię oferta? Zadzwoń, zanim ubiegną Cię inni.
-> umów się na prezentację mieszkania na żywo
-> ostatnie mieszkania w ofercie
-> 0% PROWIZJI
OFERTA BEZPOŚREDNIO OD DEWELOPERA. 
W ofercie posiadamy piękne mieszkania(dwu/trzy oraz czteropokojowe) z ogródkami lub balkonami. Klucze za rok. ","ul. Ignacego Mościckiego, Bieńkowice, Krzyki, Wrocław, dolnośląskie",Krzyki,"Ignacego Mościckiego, Wrocław",7 985 zł/m²,4.0,"67,5 m²",brak informacji,,apartamentowiec,pierwotny,1,biuro nieruchomości,pełna własność,,"balkon, taras",garaż/miejsce parkingowe,miejskie,690 725 555,https://www.otodom.pl/pl/oferta/promocja-najlepszacena-superustawne-sprawdz-hit-ID4oOOo,9.840044642931183,Gajowa
80,PROMOCJA | Piękny i duży Ogródek|OSTATNIE|Sprawdź!,560 000 zł,"Pracujemy 7 dni w tygodniu. Zainteresowała Cię oferta? Zadzwoń, zanim ubiegną Cię inni.
OSTATNIE!!
Na sprzedaż mieszkanie z największym ogródkiem w inwestycji.
-> umów się na prezentację mieszkania na żywo
-> dogodny harmonogram płatności
-> wysoki standard mieszkania","ul. Ignacego Mościckiego, Bieńkowice, Krzyki, Wrocław, dolnośląskie",Krzyki,"Ignacego Mościckiego, Wrocław",8 296 zł/m²,4.0,"67,5 m²",brak informacji,,apartamentowiec,pierwotny,parter,biuro nieruchomości,pełna własność,,"ogródek, taras",garaż/miejsce parkingowe,miejskie,690 725 555,https://www.otodom.pl/pl/oferta/promocja-piekny-i-duzy-ogrodek-ostatnie-sprawdz-ID4oOqr,9.12956612899271,Gajowa
0,Ogródek|2Tarasy|Garderoba|NowaInwestycja|HIT!,610 000 zł,"Pracujemy 7 dni w tygodniu. Zainteresowała Cię oferta? Zadzwoń, zanim ubiegną Cię inni.
Jedyne w ofercie dewelopera narożne mieszkanie z ogródkiem!! 
Garderoba bądź oddzielne WC!
-> umów się na prezentację mieszkania na żywo (w pierwszym etapie inwestycji)
-> bez jakichkolwiek prowizji
OFERTA BEZPOŚREDNIO OD DEWELOPERA. Inwestycja mieści się w zielonej części miasta z dobrą komunikacją miejską. ","ul. Woskowa, Brochów, Krzyki, Wrocław, dolnośląskie",Krzyki,"Woskowa, Wrocław",10 124 zł/m²,4.0,"60,25 m²",brak informacji,,apartamentowiec,pierwotny,parter,biuro nieruchomości,pełna własność,,"ogródek, taras",garaż/miejsce parkingowe,miejskie,690 725 555,https://www.otodom.pl/pl/oferta/ogrodek-2tarasy-garderoba-nowainwestycja-hit-ID4oOO2,5.915947146250655,Gajowa
50,"3 Pokoje/Przy Parku/Pkp 1,5km",597 365 zł,"Na sprzedaż, trzypokojowe mieszkanie z rynku pierwotnego przy ulicy Indonezyjskiej na Wrocławskim Brochowie. Jeśli szukasz nieruchomości w zielonej okolicy, która posiada dwie sypialnie oraz balkon, to ta propozycja jest dla Ciebie!

Numer mieszkania: M01

Mieszkanie o pow. 65m² składa się z:
- Pokoju dziennego z aneksem kuchennym 25 m²
- Sypialni 12 m²
- Sypialni 1m²
- Łazienki 4 m²
- Balkonu

Niewątpliwą zaletą prezentowanego mieszkania jest funkcjonalny układ w którym:
- każda sypialnia posiada miejsce na szafę,
- korytarz z szafą na odzież wierzchnią,
- funkcjonalny aneks kuchenny w salonie,
- możliwość wydzielenia osobnej kuchni,
- łazienka z miejscem na wannę,
- salon z wyjściem na balkon


INWESTYCJA:

Kameralna i nowoczesna inwestycja zapewniająca komfortową przestrzeń do życia w spokojnej okolicy i w obrębie miasta. Doskonałe miejsce do życia dla osób pragnących połączyć wielkomiejski styl życia z kameralnym i zielonym otoczeniem.

Bezpieczna i zielona okolica
Inwestycja znajduje się w otoczeniu dwóch parków: Bieńkowickiego oraz Parku na Skraju. Na pieszo można dojść do nowoczesnego Aquaparku Brochów. Korzystaj z ciszy, spokoju i odpoczynku.

Duży wybór i funkcjonalne układy
Każde mieszkanie posiada dodatkową, otwartą przestrzeń: przestronne ogródki, loggię lub balkony. Dostępne są zarówno naziemne, jak i podziemne miejsca postojowe. Atrakcyjne mieszkanie znajdzie tu zarówno rodzina z dziećmi, jak i inwestor szukający mieszkania pod wynajem.

Dobra komunikacja z centrum
Osiedle jest świetnie skomunikowane dzięki przystankom autobusowym oraz łatwemu dostępowi do Wschodniej Obwodnicy Wrocławia, która umożliwia szybki wyjazd z miasta i dotarcie do innych dzielnic bez potrzeby przejeżdżania przez Centrum.


Oferujemy także:
- Wsparcie od pierwszej prezentacji do finalizacji transakcji i przekazania mieszkania,
- Pomoc w skompletowaniu dokumentów i w formalnościach,
- Współpracę z doświadczonym doradcą finansowym,
- Darmową konsultację z fachowcem remontowo-budowlanym,
- Sprawdzone kancelarie notarialne,
- Bezpieczeństwo transakcji w oparciu o polisę OC,
- Propozycję korzystnego ubezpieczenia nieruchomości,


Jeżeli ta oferta spełnia Twoje wymagania lub chcesz dowiedzieć się więcej o tej nieruchomości, nie zwlekaj i skontaktuj się już dziś ze mną, aby zarezerwować tę nieruchomość.

Posiadamy w ofercie mieszkania w różnych rozkładach i cenach w tej oraz innych inwestycjach. 

Piotr Majewski
Doradca ds. nieruchomości
690-510-079

Biuro Nieruchomości SMInwestycje Sp. z o.o.

*Prezentowana oferta nie stanowi oferty handlowej w rozumieniu Art. 66§1 Kodeksu Cywilnego, a dane w niej zawarte mają charakter jedynie informacyjny i mogą ulec zmianie.","Indonezyjska, Brochów, Krzyki, Wrocław, dolnośląskie",Krzyki,"Gajowa, Wrocław",9 250 zł/m²,3.0,"64,58 m²",brak informacji,,brak informacji,pierwotny,3/3,biuro nieruchomości,pełna własność,do wykończenia,balkon,garaż/miejsce parkingowe,,690 510 079,https://www.otodom.pl/pl/oferta/3-pokoje-przy-parku-pkp-1-5km-ID4oOJK,4.442038106750637,Gajowa
96,OSTATNIE|NajlepszaCena|promocja|NowaInwestycja|HIT,469 000 zł,"Pracujemy 7 dni w tygodniu. Zainteresowała Cię oferta? Zadzwoń, zanim ubiegną Cię inni.
-> umów się na prezentację mieszkania na żywo
-> ostatnie mieszkania w ofercie
-> 0% PROWIZJI
OFERTA BEZPOŚREDNIO OD DEWELOPERA. 
W ofercie posiadamy piękne mieszkania(dwu/trzy oraz czteropokojowe) z ogródkami lub balkonami. Klucze za rok. ","ul. Ignacego Mościckiego, Bieńkowice, Krzyki, Wrocław, dolnośląskie",Krzyki,"Ignacego Mościckiego, Wrocław",8 058 zł/m²,3.0,"58,2 m²",brak informacji,,apartamentowiec,pierwotny,1,biuro nieruchomości,pełna własność,,"balkon, taras",garaż/miejsce parkingowe,miejskie,690 725 555,https://www.otodom.pl/pl/oferta/ostatnie-najlepszacena-promocja-nowainwestycja-hit-ID4oOqc,3.907111193158599,Gajowa
53,"3 Pokoje/Przy Parku/Pkp 1,5km/Ogródek",597 628 zł,"Na sprzedaż, trzypokojowe mieszkanie z rynku pierwotnego przy ulicy Indonezyjskiej na Wrocławskim Brochowie. Jeśli szukasz nieruchomości w zielonej okolicy, która posiada dwie sypialnie oraz balkon, to ta propozycja jest dla Ciebie!

Numer mieszkania: B3M04

Mieszkanie o pow. 56m² składa się z:
- Pokoju dziennego z aneksem kuchennym 21 m²
- Sypialni 13 m²
- Sypialni 12 m²
- Łazienki 4 m²
- Taras
- Ogródek 


Niewątpliwą zaletą prezentowanego mieszkania jest funkcjonalny układ w którym:
- każda sypialnia posiada miejsce na szafę,
- korytarz z szafą na odzież wierzchnią,
- funkcjonalny aneks kuchenny w salonie,
- możliwość wydzielenia osobnej kuchni,
- łazienka z miejscem na wannę,
- salon z wyjściem na ogródek,


INWESTYCJA:

Kameralna i nowoczesna inwestycja zapewniająca komfortową przestrzeń do życia w spokojnej okolicy i w obrębie miasta. Doskonałe miejsce do życia dla osób pragnących połączyć wielkomiejski styl życia z kameralnym i zielonym otoczeniem.

Bezpieczna i zielona okolica
Inwestycja znajduje się w otoczeniu dwóch parków: Bieńkowickiego oraz Parku na Skraju. Na pieszo można dojść do nowoczesnego Aquaparku Brochów. Korzystaj z ciszy, spokoju i odpoczynku.

Duży wybór i funkcjonalne układy
Każde mieszkanie posiada dodatkową, otwartą przestrzeń: przestronne ogródki, loggię lub balkony. Dostępne są zarówno naziemne, jak i podziemne miejsca postojowe. Atrakcyjne mieszkanie znajdzie tu zarówno rodzina z dziećmi, jak i inwestor szukający mieszkania pod wynajem.

Dobra komunikacja z centrum
Osiedle jest świetnie skomunikowane dzięki przystankom autobusowym oraz łatwemu dostępowi do Wschodniej Obwodnicy Wrocławia, która umożliwia szybki wyjazd z miasta i dotarcie do innych dzielnic bez potrzeby przejeżdżania przez Centrum.


Oferujemy także:
- Wsparcie od pierwszej prezentacji do finalizacji transakcji i przekazania mieszkania,
- Pomoc w skompletowaniu dokumentów i w formalnościach,
- Współpracę z doświadczonym doradcą finansowym,
- Darmową konsultację z fachowcem remontowo-budowlanym,
- Sprawdzone kancelarie notarialne,
- Bezpieczeństwo transakcji w oparciu o polisę OC,
- Propozycję korzystnego ubezpieczenia nieruchomości,


Jeżeli ta oferta spełnia Twoje wymagania lub chcesz dowiedzieć się więcej o tej nieruchomości, nie zwlekaj i skontaktuj się już dziś ze mną, aby zarezerwować tę nieruchomość.

Posiadamy w ofercie mieszkania w różnych rozkładach i cenach w tej oraz innych inwestycjach. 

Piotr Majewski
Doradca ds. nieruchomości
690-510-079

Biuro Nieruchomości SMInwestycje Sp. z o.o.

*Prezentowana oferta nie stanowi oferty handlowej w rozumieniu Art. 66§1 Kodeksu Cywilnego, a dane w niej zawarte mają charakter jedynie informacyjny i mogą ulec zmianie.","Indonezyjska, Brochów, Krzyki, Wrocław, dolnośląskie",Krzyki,"Gajowa, Wrocław",10 672 zł/m²,3.0,56 m²,brak informacji,,brak informacji,pierwotny,parter/3,biuro nieruchomości,pełna własność,do wykończenia,balkon,garaż/miejsce parkingowe,,690 510 079,https://www.otodom.pl/pl/oferta/3-pokoje-przy-parku-pkp-1-5km-ogrodek-ID4oOJR,2.378606607567219,Gajowa
29,OSTATNIE NAROŻNE|Garderoba| DużeOkna| Sprawdź|HIT!,489 000 zł,"Pracujemy 7 dni w tygodniu. Zainteresowała Cię oferta? Zadzwoń, zanim ubiegną Cię inni.
Ostatnie narożne mieszkanie trzypokojowe w inwestycji.
-> umów się na prezentację mieszkania na żywo
-> dogodny harmonogram płatności
-> wysoki standard mieszkania
-> nowoczesne osiedle","ul. Woskowa, Brochów, Krzyki, Wrocław, dolnośląskie",Krzyki,"Woskowa, Wrocław",9 839 zł/m²,3.0,"49,7 m²",brak informacji,,apartamentowiec,pierwotny,1,biuro nieruchomości,pełna własność,,"balkon, taras",garaż/miejsce parkingowe,miejskie,690 725 555,https://www.otodom.pl/pl/oferta/ostatnie-narozne-garderoba-duzeokna-sprawdz-hit-ID4oONR,1.3877770547047295,Gajowa
70,"4 pokoje, osobna kuchnia, balkon, duża piwnica",650 000 zł,"OFERTA TYLKO W NASZYM BIURZE!
Polecam Państwa uwadze mieszkanie na wrocławskim osiedlu Gądów- czteropokojowe z osobną kuchnią, balkonem oraz dużą piwnicą (prawie 6m2).
Mieszkanie na II pietrze w czteropiętrowym bloku z początku lat 80-tych (bez windy).
Układ północ (dwa pokoje i kuchnia), południe (salon z balkonem, pokój).
Od strony południowej wysokie drzewa latem dające cień.
W każdym pokoju parkiet drewniany, okna PCV (sprawne).
Piony wodnokanalizacyjne wymienione.
Instalacja elektryczna- do wymiany.
Gładzie częściowe.
Media miejskie.
METRAŻ I ROZKŁAD POMIESZCZEŃ (całość 70,1 m2)
- Salon z balkonem (okna na południe)- 18 m2 (balkon około 4 m2)
-Pokój I (okna na południe)- około 9 m2
-Pokój II (okna na północ)- około 9 m2
-Pokój III (okna na północ) - ponad 12 m2
-Kuchnia (okna na północ)- ponad 7,5 m2
-Łazienka - około 3 m2
-WC- 1 m2
-Przedpokój i komunikacja - ponad 10 m2
DODATKOWO do mieszkania przynależy piwnica- 5,94 m2
OPŁATY:
-czynsz do spółdzielni 640 zł/m-c (w tym CO miejskie 340 zł/m-c)
-fundusz remontowy 260 zł/m-c
-woda zimna i ciepła wg zużycia (koszt zimnej 11,79 zł/m3, podgrzania wody 22,88/m3)
-wywóz śmieci (sortowane) koszt 41,24 zł/1 osoba
-prąd wg zużycia
Gądów to osiedle z dużą ilością zieleni, placów zabaw itp.
Nieopodal budynku zespół szkolno- przedszkolny oraz pełna infrastruktura (sklepy, przychodnia, żłobek, poczta, bank itp).
Przystanek autobusowy (linie 122, 128, 129, 136, 243) blisko budynku (200 m).
Przystanek tramwajowy (na Legnickiej)-linie 3, 10, 20, 22- 15 min na piechotę od domu.
Dodatkowo stacja PKP- w odległości 1,5 km.
Mieszkanie idealne dla dużej Rodziny (bliskość szkoły, przedszkola, przychodni, sklepów oraz komunikacji miejskiej)
lub jako inwestycyjne- cztery pokoje oraz osobna kuchnia dodatkowo świetna lokalizacja dają duże możliwości na najem ( np studentom).
Oferta na wyłączność- nie szukaj dalej!
Serdecznie zapraszam na bezpłatną prezentację!
Katarzyna Hajduk
WRO Nieruchomości
Tel.: 57 57 57 303
UWAGA- Nasze biuro pobiera prowizję za pośrednictwo od Strony Kupującej.
Współpracujemy z innymi biurami w zakresie pośrednictwa.
NOTA PRAWNA:
Opis oferty zawarty na stronie internetowej sporządzany jest na podstawie oględzin nieruchomości oraz informacji uzyskanych od właściciela, może podlegać aktualizacji i nie stanowi oferty handlowej określonej w art. 66 i następnych K.C
Oferta wysłana z programu dla biur nieruchomości ASARI CRM ()","ul. Balonowa, Gądów, Fabryczna, Wrocław, dolnośląskie",Fabryczna,"Balonowa, Wrocław",9 272 zł/m²,4.0,"70,1 m²",brak informacji,,blok,wtórny,2/4,biuro nieruchomości,pełna własność,do remontu,balkon,,miejskie,575 757 303,https://www.otodom.pl/pl/oferta/4-pokoje-osobna-kuchnia-balkon-duza-piwnica-ID4oN6D,1.260569461955722,Rudzka
7,PROMOCJA | Super Ustawne | Nowa Inwestycja | HIT!,488 400 zł,"Pracujemy 7 dni w tygodniu. Zainteresowała Cię oferta? Zadzwoń, zanim ubiegną Cię inni.
Ostatnie trzy mieszkania w ofercie dewelopera
-> umów się na prezentację mieszkania na żywo (w pierwszym etapie inwestycji)
-> bez jakichkolwiek prowizji
OFERTA BEZPOŚREDNIO OD DEWELOPERA. Inwestycja mieści się w zielonej części miasta z dobrą komunikacją miejską. 
Razem płynnie przejdziemy przez cały proces zakupu nieruchomości.
Wszystkie formalności związane z kredytowaniem nieruchomości załatwimy na miejscu.
Opis mieszkania:
Na sprzedaż słoneczne trzypokojowe mieszkanie położone na pierwszym piętrze w nowoczesnym budynku. Wystawa okien wschodnia. Do mieszkania przynależy przestronny balkon na którym znajdziesz dodatkową przestrzeń do odpoczynku.
Mieszkanie tworzy przestronny salon z aneksem kuchennym oraz z dwie ustawne sypialnie. W przedpokoju miejsce na dużą szafę. W łazience bez najmniejszych problemów zmieścimy wannę. Przemyślany układ pomieszczeń tworzy doskonałą funkcjonalność.
Opis budynku:
Dwupiętrowe kameralnie położone budynki w bardzo dobrym standardzie. Do każdego z mieszkań przynależy balkon bądź ogródek. Duże przestrzenie między budynkami gwarantują poczucie intymności.
Przy budynku przewidziane są miejsca parkingowe naziemne.
Opis lokalizacji:
Inwestycja mieści się w dobrze skomunikowanej okolicy, to gwarancja codziennej wygody, a bliskość arterii drogowych zapewnia szybki dojazd do Centrum. W pobliżu osiedla znajdziesz sklepy (zarówno małe, jak i duże), usługi, placówki edukacyjne, przychodnie i poradnie medyczne. I oczywiście miejsca do rekreacji.","ul. Woskowa, Brochów, Krzyki, Wrocław, dolnośląskie",Krzyki,"Woskowa, Wrocław",9 947 zł/m²,3.0,"49,1 m²",brak informacji,,apartamentowiec,pierwotny,1,biuro nieruchomości,pełna własność,,"balkon, taras",garaż/miejsce parkingowe,miejskie,690 725 555,https://www.otodom.pl/pl/oferta/promocja-super-ustawne-nowa-inwestycja-hit-ID4oONU,1.2605484490190513,Gajowa
