,cena,ulica,pokoje,powierzchnia,piętro,liczba pięter,stan wykonczenia,balkon/ogrod/taras,miejsce parkingowe,rok budowy
0,610000.0,Woskowa,4,60.25,0,0,Do remontu,True,True,1969
1,1046000.0,Zamkowa,4,77.0,5,9,Do odświeżenia,True,True,1969
2,688900.0,Rudzka,3,60.0,1,4,Do odświeżenia,True,True,1969
3,995000.0,Wita Stwosza,2,58.8,1,4,Do remontu,True,False,1969
7,488400.0,Woskowa,3,49.1,1,1,Do remontu,True,True,1969
8,639300.0,Zielna,3,58.0,0,2,Do odświeżenia,True,True,1969
9,1199000.0,Rychtalska,3,73.2,4,5,Gotowe do wprowadzenia,True,True,1969
10,870000.0,Księska,4,68.0,0,2,Do remontu,True,True,1969
11,1025000.0,Gajowa,5,118.0,1,2,Do odświeżenia,True,True,1969
12,638412.0,Konińska,3,52.91,0,4,Do odświeżenia,True,True,1969
13,720000.0,Zielna,2,48.4,4,4,Do remontu,False,False,1969
14,539000.0,Ignacego Mościckiego,4,67.5,1,1,Do remontu,True,True,1969
16,1099000.0,Długa,3,56.5,7,9,Do remontu,True,True,1969
17,649000.0,Zamkowa,3,55.0,3,3,Gotowe do wprowadzenia,True,True,1969
19,859000.0,Zielna,4,77.5,0,4,Do odświeżenia,True,False,1969
20,849000.0,Długa,3,61.0,0,9,Do remontu,True,True,1969
22,836600.0,Zielna,4,74.5,2,4,Do odświeżenia,True,False,1969
24,439999.0,Zamkowa,1,34.0,2,7,Do remontu,False,False,1969
26,1082000.0,Zamkowa,4,79.0,6,7,Do odświeżenia,True,True,1969
27,680000.0,Rymarska,3,52.0,3,4,Do remontu,True,True,1969
28,598000.0,Trzebnicka,3,52.0,4,4,Gotowe do wprowadzenia,False,False,1969
29,489000.0,Woskowa,3,49.7,1,1,Do remontu,True,True,1969
30,369000.0,Woskowa,2,32.3,0,0,Do remontu,True,True,1969
32,610394.0,Konińska,2,49.94,0,4,Do odświeżenia,True,True,1969
34,969000.0,Długa,4,71.0,1,9,Do remontu,True,True,1969
35,599000.0,Kossaka,2,50.0,4,4,Gotowe do wprowadzenia,False,True,1969
37,740784.0,Konińska,3,64.5,2,4,Do odświeżenia,True,True,1969
38,1395000.0,Na Polance,4,74.0,3,7,Gotowe do wprowadzenia,False,True,1969
39,610000.0,Gajowa,2,38.4,2,6,Gotowe do wprowadzenia,True,True,1969
40,558300.0,Boiskowa,4,59.1,1,2,Do odświeżenia,True,True,1969
42,678999.0,Kossaka,2,56.6,1,6,Gotowe do wprowadzenia,True,False,1969
43,750000.0,Birmańska,2,48.48,0,4,Gotowe do wprowadzenia,True,True,1969
44,2444000.0,Długa,5,149.5,5,9,Do odświeżenia,True,True,1969
45,519000.0,Wincentego Stysia,1,36.0,4,4,Gotowe do wprowadzenia,False,False,1969
46,449000.0,Legnicka,2,36.6,7,10,Do remontu,False,True,1969
47,650000.0,Rudzka,2,54.0,4,4,Do remontu,True,False,1969
49,630000.0,Nyska,1,39.0,5,5,Gotowe do wprowadzenia,True,True,1969
50,597365.0,Gajowa,3,64.58,3,3,Do odświeżenia,True,True,1969
52,1135000.0,Antoniego Wiwulskiego,2,71.0,3,3,Gotowe do wprowadzenia,True,True,1969
53,597628.0,Gajowa,3,56.0,0,3,Do odświeżenia,True,True,1969
54,663500.0,Blizanowicka,3,53.0,1,2,Do remontu,True,True,1969
55,950000.0,Bolesława Prusa,3,60.0,4,4,Do remontu,False,False,1969
56,750000.0,Zielna,2,50.0,4,4,Gotowe do wprowadzenia,True,True,1969
57,570000.0,Zielna,3,54.0,1,11,Do remontu,True,True,1969
58,616895.0,Gajowa,3,49.05,4,4,Gotowe do wprowadzenia,False,False,1969
59,551923.0,Lawendowa,3,51.5,2,4,Do remontu,True,True,1969
60,403000.0,Nowowiejska,2,38.0,4,5,Gotowe do wprowadzenia,False,True,1969
61,739000.0,Zielna,3,60.3,2,5,Do odświeżenia,True,True,1969
62,522329.0,Konińska,2,40.91,3,4,Do odświeżenia,False,True,1969
64,785000.0,Kowieńska,3,75.52,1,1,Gotowe do wprowadzenia,True,True,1969
65,869000.0,Graniczna,3,59.61,1,4,Gotowe do wprowadzenia,True,False,1969
66,424000.0,Wielka 29,1,43.15,4,5,Do remontu,False,False,1969
68,640000.0,Parafialna,3,64.0,2,3,Do remontu,True,False,1969
69,1539000.0,Długa,4,110.53,6,9,Do odświeżenia,True,True,1969
70,650000.0,Balonowa,4,70.1,2,4,Do remontu,True,False,1969
71,518000.0,Rudzka,2,36.6,6,10,Do remontu,True,False,1969
72,850000.0,Gajowa,3,63.0,0,3,Gotowe do wprowadzenia,True,False,1969
73,1644000.01,Długa,4,101.3,3,9,Do odświeżenia,True,True,1969
75,739107.0,Konińska,3,62.55,0,4,Do odświeżenia,True,True,1969
77,695000.0,Rudzka,3,56.0,2,3,Gotowe do wprowadzenia,True,True,1969
79,724680.0,Braniborska,3,50.37,4,9,Do remontu,True,True,1969
80,560000.0,Ignacego Mościckiego,4,67.5,0,0,Do remontu,True,True,1969
82,509145.0,Konińska,2,38.87,0,4,Do odświeżenia,True,True,1969
83,539000.0,Ignacego Mościckiego,4,67.5,1,1,Do remontu,True,True,1969
84,559000.0,Obornicka,1,29.0,1,4,Gotowe do wprowadzenia,True,False,1969
85,521258.0,Nefrytowa,2,43.84,1,2,Do odświeżenia,True,True,1969
86,698325.0,Przyjaźni,2,41.78,7,8,Do remontu,True,True,1969
88,707133.0,Konińska,3,60.69,0,4,Do odświeżenia,True,True,1969
89,645000.0,Augustowska,2,50.7,2,3,Gotowe do wprowadzenia,True,True,1969
91,598492.0,Zielna,3,60.15,1,2,Do odświeżenia,True,True,1969
92,650000.0,Rudzka,2,54.0,4,4,Do remontu,True,False,1969
93,535000.0,Zamkowa,2,45.0,3,3,Do remontu,False,False,1969
94,539000.0,Woskowa,3,52.7,0,0,Do remontu,True,True,1969
95,669000.0,Gajowa,3,48.79,4,4,Gotowe do wprowadzenia,True,True,1969
96,469000.0,Ignacego Mościckiego,3,58.2,1,1,Do remontu,True,True,1969
101,269000.0,Kossaka,1,18.0,0,4,Gotowe do wprowadzenia,False,False,1969
104,369000.0,Woskowa,2,32.3,0,0,Do remontu,True,True,1969
105,1057875.0,Przyjaźni,4,65.2,8,8,Do remontu,True,True,1969
106,551900.0,Zielna,3,51.63,2,2,Do odświeżenia,True,True,1969
110,453000.0,Woskowa,3,45.91,1,1,Do remontu,True,True,1969
111,574901.0,Przyjaźni,2,33.13,7,8,Do remontu,True,True,1969
112,329000.0,Ignacego Mościckiego,2,36.5,1,1,Do remontu,True,True,1969
116,610000.0,Woskowa,4,60.25,0,0,Do remontu,True,True,1969
117,1046000.0,Zamkowa,4,77.0,5,9,Do odświeżenia,True,True,1969
118,688900.0,Rudzka,3,60.0,1,4,Do odświeżenia,True,True,1969
119,995000.0,Wita Stwosza,2,58.8,1,4,Do remontu,True,False,1969
123,488400.0,Woskowa,3,49.1,1,1,Do remontu,True,True,1969
124,639300.0,Zielna,3,58.0,0,2,Do odświeżenia,True,True,1969
125,1199000.0,Rychtalska,3,73.2,4,5,Gotowe do wprowadzenia,True,True,1969
126,870000.0,Księska,4,68.0,0,2,Do remontu,True,True,1969
127,1025000.0,Gajowa,5,118.0,1,2,Do odświeżenia,True,True,1969
128,638412.0,Konińska,3,52.91,0,4,Do odświeżenia,True,True,1969
129,720000.0,Zielna,2,48.4,4,4,Do remontu,False,False,1969
130,539000.0,Ignacego Mościckiego,4,67.5,1,1,Do remontu,True,True,1969
132,1099000.0,Długa,3,56.5,7,9,Do remontu,True,True,1969
133,649000.0,Zamkowa,3,55.0,3,3,Gotowe do wprowadzenia,True,True,1969
135,859000.0,Zielna,4,77.5,0,4,Do odświeżenia,True,False,1969
136,849000.0,Długa,3,61.0,0,9,Do remontu,True,True,1969
138,836600.0,Zielna,4,74.5,2,4,Do odświeżenia,True,False,1969
140,439999.0,Zamkowa,1,34.0,2,7,Do remontu,False,False,1969
142,1082000.0,Zamkowa,4,79.0,6,7,Do odświeżenia,True,True,1969
143,680000.0,Rymarska,3,52.0,3,4,Do remontu,True,True,1969
144,598000.0,Trzebnicka,3,52.0,4,4,Gotowe do wprowadzenia,False,False,1969
145,489000.0,Woskowa,3,49.7,1,1,Do remontu,True,True,1969
146,369000.0,Woskowa,2,32.3,0,0,Do remontu,True,True,1969
148,610394.0,Konińska,2,49.94,0,4,Do odświeżenia,True,True,1969
150,969000.0,Długa,4,71.0,1,9,Do remontu,True,True,1969
151,599000.0,Kossaka,2,50.0,4,4,Gotowe do wprowadzenia,False,True,1969
153,740784.0,Konińska,3,64.5,2,4,Do odświeżenia,True,True,1969
154,1395000.0,Na Polance,4,74.0,3,7,Gotowe do wprowadzenia,False,True,1969
155,610000.0,Gajowa,2,38.4,2,6,Gotowe do wprowadzenia,True,True,1969
156,558300.0,Boiskowa,4,59.1,1,2,Do odświeżenia,True,True,1969
158,678999.0,Kossaka,2,56.6,1,6,Gotowe do wprowadzenia,True,False,1969
159,750000.0,Birmańska,2,48.48,0,4,Gotowe do wprowadzenia,True,True,1969
160,2444000.0,Długa,5,149.5,5,9,Do odświeżenia,True,True,1969
161,519000.0,Wincentego Stysia,1,36.0,4,4,Gotowe do wprowadzenia,False,False,1969
162,449000.0,Legnicka,2,36.6,7,10,Do remontu,False,True,1969
163,650000.0,Rudzka,2,54.0,4,4,Do remontu,True,False,1969
165,630000.0,Nyska,1,39.0,5,5,Gotowe do wprowadzenia,True,True,1969
166,597365.0,Gajowa,3,64.58,3,3,Do odświeżenia,True,True,1969
168,1135000.0,Antoniego Wiwulskiego,2,71.0,3,3,Gotowe do wprowadzenia,True,True,1969
169,597628.0,Gajowa,3,56.0,0,3,Do odświeżenia,True,True,1969
170,663500.0,Blizanowicka,3,53.0,1,2,Do remontu,True,True,1969
171,950000.0,Bolesława Prusa,3,60.0,4,4,Do remontu,False,False,1969
172,750000.0,Zielna,2,50.0,4,4,Gotowe do wprowadzenia,True,True,1969
173,570000.0,Zielna,3,54.0,1,11,Do remontu,True,True,1969
174,616895.0,Gajowa,3,49.05,4,4,Gotowe do wprowadzenia,False,False,1969
175,551923.0,Lawendowa,3,51.5,2,4,Do remontu,True,True,1969
176,403000.0,Nowowiejska,2,38.0,4,5,Gotowe do wprowadzenia,False,True,1969
177,739000.0,Zielna,3,60.3,2,5,Do odświeżenia,True,True,1969
178,522329.0,Konińska,2,40.91,3,4,Do odświeżenia,False,True,1969
180,785000.0,Kowieńska,3,75.52,1,1,Gotowe do wprowadzenia,True,True,1969
181,869000.0,Graniczna,3,59.61,1,4,Gotowe do wprowadzenia,True,False,1969
182,424000.0,Wielka 29,1,43.15,4,5,Do remontu,False,False,1969
184,640000.0,Parafialna,3,64.0,2,3,Do remontu,True,False,1969
185,1539000.0,Długa,4,110.53,6,9,Do odświeżenia,True,True,1969
186,650000.0,Balonowa,4,70.1,2,4,Do remontu,True,False,1969
187,518000.0,Rudzka,2,36.6,6,10,Do remontu,True,False,1969
188,850000.0,Gajowa,3,63.0,0,3,Gotowe do wprowadzenia,True,False,1969
189,1644000.01,Długa,4,101.3,3,9,Do odświeżenia,True,True,1969
191,739107.0,Konińska,3,62.55,0,4,Do odświeżenia,True,True,1969
193,695000.0,Rudzka,3,56.0,2,3,Gotowe do wprowadzenia,True,True,1969
195,724680.0,Braniborska,3,50.37,4,9,Do remontu,True,True,1969
196,560000.0,Ignacego Mościckiego,4,67.5,0,0,Do remontu,True,True,1969
198,509145.0,Konińska,2,38.87,0,4,Do odświeżenia,True,True,1969
199,539000.0,Ignacego Mościckiego,4,67.5,1,1,Do remontu,True,True,1969
200,559000.0,Obornicka,1,29.0,1,4,Gotowe do wprowadzenia,True,False,1969
201,521258.0,Nefrytowa,2,43.84,1,2,Do odświeżenia,True,True,1969
202,698325.0,Przyjaźni,2,41.78,7,8,Do remontu,True,True,1969
204,707133.0,Konińska,3,60.69,0,4,Do odświeżenia,True,True,1969
205,645000.0,Augustowska,2,50.7,2,3,Gotowe do wprowadzenia,True,True,1969
207,598492.0,Zielna,3,60.15,1,2,Do odświeżenia,True,True,1969
208,650000.0,Rudzka,2,54.0,4,4,Do remontu,True,False,1969
209,535000.0,Zamkowa,2,45.0,3,3,Do remontu,False,False,1969
210,539000.0,Woskowa,3,52.7,0,0,Do remontu,True,True,1969
211,669000.0,Gajowa,3,48.79,4,4,Gotowe do wprowadzenia,True,True,1969
212,469000.0,Ignacego Mościckiego,3,58.2,1,1,Do remontu,True,True,1969
217,269000.0,Kossaka,1,18.0,0,4,Gotowe do wprowadzenia,False,False,1969
220,369000.0,Woskowa,2,32.3,0,0,Do remontu,True,True,1969
221,1057875.0,Przyjaźni,4,65.2,8,8,Do remontu,True,True,1969
222,551900.0,Zielna,3,51.63,2,2,Do odświeżenia,True,True,1969
226,453000.0,Woskowa,3,45.91,1,1,Do remontu,True,True,1969
227,574901.0,Przyjaźni,2,33.13,7,8,Do remontu,True,True,1969
228,329000.0,Ignacego Mościckiego,2,36.5,1,1,Do remontu,True,True,1969
232,610000.0,Woskowa,4,60.25,0,0,Do remontu,True,True,1969
233,1046000.0,Zamkowa,4,77.0,5,9,Do odświeżenia,True,True,1969
234,688900.0,Rudzka,3,60.0,1,4,Do odświeżenia,True,True,1969
235,995000.0,Wita Stwosza,2,58.8,1,4,Do remontu,True,False,1969
239,488400.0,Woskowa,3,49.1,1,1,Do remontu,True,True,1969
240,639300.0,Zielna,3,58.0,0,2,Do odświeżenia,True,True,1969
241,1199000.0,Rychtalska,3,73.2,4,5,Gotowe do wprowadzenia,True,True,1969
242,870000.0,Księska,4,68.0,0,2,Do remontu,True,True,1969
243,1025000.0,Gajowa,5,118.0,1,2,Do odświeżenia,True,True,1969
244,638412.0,Konińska,3,52.91,0,4,Do odświeżenia,True,True,1969
245,720000.0,Zielna,2,48.4,4,4,Do remontu,False,False,1969
246,539000.0,Ignacego Mościckiego,4,67.5,1,1,Do remontu,True,True,1969
248,1099000.0,Długa,3,56.5,7,9,Do remontu,True,True,1969
249,649000.0,Zamkowa,3,55.0,3,3,Gotowe do wprowadzenia,True,True,1969
251,859000.0,Zielna,4,77.5,0,4,Do odświeżenia,True,False,1969
252,849000.0,Długa,3,61.0,0,9,Do remontu,True,True,1969
254,836600.0,Zielna,4,74.5,2,4,Do odświeżenia,True,False,1969
256,439999.0,Zamkowa,1,34.0,2,7,Do remontu,False,False,1969
258,1082000.0,Zamkowa,4,79.0,6,7,Do odświeżenia,True,True,1969
259,680000.0,Rymarska,3,52.0,3,4,Do remontu,True,True,1969
260,598000.0,Trzebnicka,3,52.0,4,4,Gotowe do wprowadzenia,False,False,1969
261,489000.0,Woskowa,3,49.7,1,1,Do remontu,True,True,1969
262,369000.0,Woskowa,2,32.3,0,0,Do remontu,True,True,1969
264,610394.0,Konińska,2,49.94,0,4,Do odświeżenia,True,True,1969
266,969000.0,Długa,4,71.0,1,9,Do remontu,True,True,1969
267,599000.0,Kossaka,2,50.0,4,4,Gotowe do wprowadzenia,False,True,1969
269,740784.0,Konińska,3,64.5,2,4,Do odświeżenia,True,True,1969
270,1395000.0,Na Polance,4,74.0,3,7,Gotowe do wprowadzenia,False,True,1969
271,610000.0,Gajowa,2,38.4,2,6,Gotowe do wprowadzenia,True,True,1969
272,558300.0,Boiskowa,4,59.1,1,2,Do odświeżenia,True,True,1969
274,678999.0,Kossaka,2,56.6,1,6,Gotowe do wprowadzenia,True,False,1969
275,750000.0,Birmańska,2,48.48,0,4,Gotowe do wprowadzenia,True,True,1969
276,2444000.0,Długa,5,149.5,5,9,Do odświeżenia,True,True,1969
277,519000.0,Wincentego Stysia,1,36.0,4,4,Gotowe do wprowadzenia,False,False,1969
278,449000.0,Legnicka,2,36.6,7,10,Do remontu,False,True,1969
279,650000.0,Rudzka,2,54.0,4,4,Do remontu,True,False,1969
281,630000.0,Nyska,1,39.0,5,5,Gotowe do wprowadzenia,True,True,1969
282,597365.0,Gajowa,3,64.58,3,3,Do odświeżenia,True,True,1969
284,1135000.0,Antoniego Wiwulskiego,2,71.0,3,3,Gotowe do wprowadzenia,True,True,1969
285,597628.0,Gajowa,3,56.0,0,3,Do odświeżenia,True,True,1969
286,663500.0,Blizanowicka,3,53.0,1,2,Do remontu,True,True,1969
287,950000.0,Bolesława Prusa,3,60.0,4,4,Do remontu,False,False,1969
288,750000.0,Zielna,2,50.0,4,4,Gotowe do wprowadzenia,True,True,1969
289,570000.0,Zielna,3,54.0,1,11,Do remontu,True,True,1969
290,616895.0,Gajowa,3,49.05,4,4,Gotowe do wprowadzenia,False,False,1969
291,551923.0,Lawendowa,3,51.5,2,4,Do remontu,True,True,1969
292,403000.0,Nowowiejska,2,38.0,4,5,Gotowe do wprowadzenia,False,True,1969
293,739000.0,Zielna,3,60.3,2,5,Do odświeżenia,True,True,1969
294,522329.0,Konińska,2,40.91,3,4,Do odświeżenia,False,True,1969
296,785000.0,Kowieńska,3,75.52,1,1,Gotowe do wprowadzenia,True,True,1969
297,869000.0,Graniczna,3,59.61,1,4,Gotowe do wprowadzenia,True,False,1969
298,424000.0,Wielka 29,1,43.15,4,5,Do remontu,False,False,1969
300,640000.0,Parafialna,3,64.0,2,3,Do remontu,True,False,1969
301,1539000.0,Długa,4,110.53,6,9,Do odświeżenia,True,True,1969
302,650000.0,Balonowa,4,70.1,2,4,Do remontu,True,False,1969
303,518000.0,Rudzka,2,36.6,6,10,Do remontu,True,False,1969
304,850000.0,Gajowa,3,63.0,0,3,Gotowe do wprowadzenia,True,False,1969
305,1644000.01,Długa,4,101.3,3,9,Do odświeżenia,True,True,1969
307,739107.0,Konińska,3,62.55,0,4,Do odświeżenia,True,True,1969
309,695000.0,Rudzka,3,56.0,2,3,Gotowe do wprowadzenia,True,True,1969
311,724680.0,Braniborska,3,50.37,4,9,Do remontu,True,True,1969
312,560000.0,Ignacego Mościckiego,4,67.5,0,0,Do remontu,True,True,1969
314,509145.0,Konińska,2,38.87,0,4,Do odświeżenia,True,True,1969
315,539000.0,Ignacego Mościckiego,4,67.5,1,1,Do remontu,True,True,1969
316,559000.0,Obornicka,1,29.0,1,4,Gotowe do wprowadzenia,True,False,1969
317,521258.0,Nefrytowa,2,43.84,1,2,Do odświeżenia,True,True,1969
318,698325.0,Przyjaźni,2,41.78,7,8,Do remontu,True,True,1969
320,707133.0,Konińska,3,60.69,0,4,Do odświeżenia,True,True,1969
321,645000.0,Augustowska,2,50.7,2,3,Gotowe do wprowadzenia,True,True,1969
323,598492.0,Zielna,3,60.15,1,2,Do odświeżenia,True,True,1969
324,650000.0,Rudzka,2,54.0,4,4,Do remontu,True,False,1969
325,535000.0,Zamkowa,2,45.0,3,3,Do remontu,False,False,1969
326,539000.0,Woskowa,3,52.7,0,0,Do remontu,True,True,1969
327,669000.0,Gajowa,3,48.79,4,4,Gotowe do wprowadzenia,True,True,1969
328,469000.0,Ignacego Mościckiego,3,58.2,1,1,Do remontu,True,True,1969
333,269000.0,Kossaka,1,18.0,0,4,Gotowe do wprowadzenia,False,False,1969
336,369000.0,Woskowa,2,32.3,0,0,Do remontu,True,True,1969
337,1057875.0,Przyjaźni,4,65.2,8,8,Do remontu,True,True,1969
338,551900.0,Zielna,3,51.63,2,2,Do odświeżenia,True,True,1969
342,453000.0,Woskowa,3,45.91,1,1,Do remontu,True,True,1969
343,574901.0,Przyjaźni,2,33.13,7,8,Do remontu,True,True,1969
344,329000.0,Ignacego Mościckiego,2,36.5,1,1,Do remontu,True,True,1969
348,610000.0,Woskowa,4,60.25,0,0,Do remontu,True,True,1969
349,1046000.0,Zamkowa,4,77.0,5,9,Do odświeżenia,True,True,1969
350,688900.0,Rudzka,3,60.0,1,4,Do odświeżenia,True,True,1969
351,995000.0,Wita Stwosza,2,58.8,1,4,Do remontu,True,False,1969
355,488400.0,Woskowa,3,49.1,1,1,Do remontu,True,True,1969
356,639300.0,Zielna,3,58.0,0,2,Do odświeżenia,True,True,1969
357,1199000.0,Rychtalska,3,73.2,4,5,Gotowe do wprowadzenia,True,True,1969
358,870000.0,Księska,4,68.0,0,2,Do remontu,True,True,1969
359,1025000.0,Gajowa,5,118.0,1,2,Do odświeżenia,True,True,1969
360,638412.0,Konińska,3,52.91,0,4,Do odświeżenia,True,True,1969
361,720000.0,Zielna,2,48.4,4,4,Do remontu,False,False,1969
362,539000.0,Ignacego Mościckiego,4,67.5,1,1,Do remontu,True,True,1969
364,1099000.0,Długa,3,56.5,7,9,Do remontu,True,True,1969
365,649000.0,Zamkowa,3,55.0,3,3,Gotowe do wprowadzenia,True,True,1969
367,859000.0,Zielna,4,77.5,0,4,Do odświeżenia,True,False,1969
368,849000.0,Długa,3,61.0,0,9,Do remontu,True,True,1969
370,836600.0,Zielna,4,74.5,2,4,Do odświeżenia,True,False,1969
372,439999.0,Zamkowa,1,34.0,2,7,Do remontu,False,False,1969
374,1082000.0,Zamkowa,4,79.0,6,7,Do odświeżenia,True,True,1969
375,680000.0,Rymarska,3,52.0,3,4,Do remontu,True,True,1969
376,598000.0,Trzebnicka,3,52.0,4,4,Gotowe do wprowadzenia,False,False,1969
377,489000.0,Woskowa,3,49.7,1,1,Do remontu,True,True,1969
378,369000.0,Woskowa,2,32.3,0,0,Do remontu,True,True,1969
380,610394.0,Konińska,2,49.94,0,4,Do odświeżenia,True,True,1969
382,969000.0,Długa,4,71.0,1,9,Do remontu,True,True,1969
383,599000.0,Kossaka,2,50.0,4,4,Gotowe do wprowadzenia,False,True,1969
385,740784.0,Konińska,3,64.5,2,4,Do odświeżenia,True,True,1969
386,1395000.0,Na Polance,4,74.0,3,7,Gotowe do wprowadzenia,False,True,1969
387,610000.0,Gajowa,2,38.4,2,6,Gotowe do wprowadzenia,True,True,1969
388,558300.0,Boiskowa,4,59.1,1,2,Do odświeżenia,True,True,1969
390,678999.0,Kossaka,2,56.6,1,6,Gotowe do wprowadzenia,True,False,1969
391,750000.0,Birmańska,2,48.48,0,4,Gotowe do wprowadzenia,True,True,1969
392,2444000.0,Długa,5,149.5,5,9,Do odświeżenia,True,True,1969
393,519000.0,Wincentego Stysia,1,36.0,4,4,Gotowe do wprowadzenia,False,False,1969
394,449000.0,Legnicka,2,36.6,7,10,Do remontu,False,True,1969
395,650000.0,Rudzka,2,54.0,4,4,Do remontu,True,False,1969
397,630000.0,Nyska,1,39.0,5,5,Gotowe do wprowadzenia,True,True,1969
398,597365.0,Gajowa,3,64.58,3,3,Do odświeżenia,True,True,1969
400,1135000.0,Antoniego Wiwulskiego,2,71.0,3,3,Gotowe do wprowadzenia,True,True,1969
401,597628.0,Gajowa,3,56.0,0,3,Do odświeżenia,True,True,1969
402,663500.0,Blizanowicka,3,53.0,1,2,Do remontu,True,True,1969
403,950000.0,Bolesława Prusa,3,60.0,4,4,Do remontu,False,False,1969
404,750000.0,Zielna,2,50.0,4,4,Gotowe do wprowadzenia,True,True,1969
405,570000.0,Zielna,3,54.0,1,11,Do remontu,True,True,1969
406,616895.0,Gajowa,3,49.05,4,4,Gotowe do wprowadzenia,False,False,1969
407,551923.0,Lawendowa,3,51.5,2,4,Do remontu,True,True,1969
408,403000.0,Nowowiejska,2,38.0,4,5,Gotowe do wprowadzenia,False,True,1969
409,739000.0,Zielna,3,60.3,2,5,Do odświeżenia,True,True,1969
410,522329.0,Konińska,2,40.91,3,4,Do odświeżenia,False,True,1969
412,785000.0,Kowieńska,3,75.52,1,1,Gotowe do wprowadzenia,True,True,1969
413,869000.0,Graniczna,3,59.61,1,4,Gotowe do wprowadzenia,True,False,1969
414,424000.0,Wielka 29,1,43.15,4,5,Do remontu,False,False,1969
416,640000.0,Parafialna,3,64.0,2,3,Do remontu,True,False,1969
417,1539000.0,Długa,4,110.53,6,9,Do odświeżenia,True,True,1969
418,650000.0,Balonowa,4,70.1,2,4,Do remontu,True,False,1969
419,518000.0,Rudzka,2,36.6,6,10,Do remontu,True,False,1969
420,850000.0,Gajowa,3,63.0,0,3,Gotowe do wprowadzenia,True,False,1969
421,1644000.01,Długa,4,101.3,3,9,Do odświeżenia,True,True,1969
423,739107.0,Konińska,3,62.55,0,4,Do odświeżenia,True,True,1969
425,695000.0,Rudzka,3,56.0,2,3,Gotowe do wprowadzenia,True,True,1969
427,724680.0,Braniborska,3,50.37,4,9,Do remontu,True,True,1969
428,560000.0,Ignacego Mościckiego,4,67.5,0,0,Do remontu,True,True,1969
430,509145.0,Konińska,2,38.87,0,4,Do odświeżenia,True,True,1969
431,539000.0,Ignacego Mościckiego,4,67.5,1,1,Do remontu,True,True,1969
432,559000.0,Obornicka,1,29.0,1,4,Gotowe do wprowadzenia,True,False,1969
433,521258.0,Nefrytowa,2,43.84,1,2,Do odświeżenia,True,True,1969
434,698325.0,Przyjaźni,2,41.78,7,8,Do remontu,True,True,1969
436,707133.0,Konińska,3,60.69,0,4,Do odświeżenia,True,True,1969
437,645000.0,Augustowska,2,50.7,2,3,Gotowe do wprowadzenia,True,True,1969
439,598492.0,Zielna,3,60.15,1,2,Do odświeżenia,True,True,1969
440,650000.0,Rudzka,2,54.0,4,4,Do remontu,True,False,1969
441,535000.0,Zamkowa,2,45.0,3,3,Do remontu,False,False,1969
442,539000.0,Woskowa,3,52.7,0,0,Do remontu,True,True,1969
443,669000.0,Gajowa,3,48.79,4,4,Gotowe do wprowadzenia,True,True,1969
444,469000.0,Ignacego Mościckiego,3,58.2,1,1,Do remontu,True,True,1969
449,269000.0,Kossaka,1,18.0,0,4,Gotowe do wprowadzenia,False,False,1969
452,369000.0,Woskowa,2,32.3,0,0,Do remontu,True,True,1969
453,1057875.0,Przyjaźni,4,65.2,8,8,Do remontu,True,True,1969
454,551900.0,Zielna,3,51.63,2,2,Do odświeżenia,True,True,1969
458,453000.0,Woskowa,3,45.91,1,1,Do remontu,True,True,1969
459,574901.0,Przyjaźni,2,33.13,7,8,Do remontu,True,True,1969
460,329000.0,Ignacego Mościckiego,2,36.5,1,1,Do remontu,True,True,1969
464,610000.0,Woskowa,4,60.25,0,0,Do remontu,True,True,1969
465,1046000.0,Zamkowa,4,77.0,5,9,Do odświeżenia,True,True,1969
466,688900.0,Rudzka,3,60.0,1,4,Do odświeżenia,True,True,1969
467,995000.0,Wita Stwosza,2,58.8,1,4,Do remontu,True,False,1969
471,488400.0,Woskowa,3,49.1,1,1,Do remontu,True,True,1969
472,639300.0,Zielna,3,58.0,0,2,Do odświeżenia,True,True,1969
473,1199000.0,Rychtalska,3,73.2,4,5,Gotowe do wprowadzenia,True,True,1969
474,870000.0,Księska,4,68.0,0,2,Do remontu,True,True,1969
475,1025000.0,Gajowa,5,118.0,1,2,Do odświeżenia,True,True,1969
476,638412.0,Konińska,3,52.91,0,4,Do odświeżenia,True,True,1969
477,720000.0,Zielna,2,48.4,4,4,Do remontu,False,False,1969
478,539000.0,Ignacego Mościckiego,4,67.5,1,1,Do remontu,True,True,1969
480,1099000.0,Długa,3,56.5,7,9,Do remontu,True,True,1969
481,649000.0,Zamkowa,3,55.0,3,3,Gotowe do wprowadzenia,True,True,1969
483,859000.0,Zielna,4,77.5,0,4,Do odświeżenia,True,False,1969
484,849000.0,Długa,3,61.0,0,9,Do remontu,True,True,1969
486,836600.0,Zielna,4,74.5,2,4,Do odświeżenia,True,False,1969
488,439999.0,Zamkowa,1,34.0,2,7,Do remontu,False,False,1969
490,1082000.0,Zamkowa,4,79.0,6,7,Do odświeżenia,True,True,1969
491,680000.0,Rymarska,3,52.0,3,4,Do remontu,True,True,1969
492,598000.0,Trzebnicka,3,52.0,4,4,Gotowe do wprowadzenia,False,False,1969
493,489000.0,Woskowa,3,49.7,1,1,Do remontu,True,True,1969
494,369000.0,Woskowa,2,32.3,0,0,Do remontu,True,True,1969
496,610394.0,Konińska,2,49.94,0,4,Do odświeżenia,True,True,1969
498,969000.0,Długa,4,71.0,1,9,Do remontu,True,True,1969
499,599000.0,Kossaka,2,50.0,4,4,Gotowe do wprowadzenia,False,True,1969
501,740784.0,Konińska,3,64.5,2,4,Do odświeżenia,True,True,1969
502,1395000.0,Na Polance,4,74.0,3,7,Gotowe do wprowadzenia,False,True,1969
503,610000.0,Gajowa,2,38.4,2,6,Gotowe do wprowadzenia,True,True,1969
504,558300.0,Boiskowa,4,59.1,1,2,Do odświeżenia,True,True,1969
506,678999.0,Kossaka,2,56.6,1,6,Gotowe do wprowadzenia,True,False,1969
507,750000.0,Birmańska,2,48.48,0,4,Gotowe do wprowadzenia,True,True,1969
508,2444000.0,Długa,5,149.5,5,9,Do odświeżenia,True,True,1969
509,519000.0,Wincentego Stysia,1,36.0,4,4,Gotowe do wprowadzenia,False,False,1969
510,449000.0,Legnicka,2,36.6,7,10,Do remontu,False,True,1969
511,650000.0,Rudzka,2,54.0,4,4,Do remontu,True,False,1969
513,630000.0,Nyska,1,39.0,5,5,Gotowe do wprowadzenia,True,True,1969
514,597365.0,Gajowa,3,64.58,3,3,Do odświeżenia,True,True,1969
516,1135000.0,Antoniego Wiwulskiego,2,71.0,3,3,Gotowe do wprowadzenia,True,True,1969
517,597628.0,Gajowa,3,56.0,0,3,Do odświeżenia,True,True,1969
518,663500.0,Blizanowicka,3,53.0,1,2,Do remontu,True,True,1969
519,950000.0,Bolesława Prusa,3,60.0,4,4,Do remontu,False,False,1969
520,750000.0,Zielna,2,50.0,4,4,Gotowe do wprowadzenia,True,True,1969
521,570000.0,Zielna,3,54.0,1,11,Do remontu,True,True,1969
522,616895.0,Gajowa,3,49.05,4,4,Gotowe do wprowadzenia,False,False,1969
523,551923.0,Lawendowa,3,51.5,2,4,Do remontu,True,True,1969
524,403000.0,Nowowiejska,2,38.0,4,5,Gotowe do wprowadzenia,False,True,1969
525,739000.0,Zielna,3,60.3,2,5,Do odświeżenia,True,True,1969
526,522329.0,Konińska,2,40.91,3,4,Do odświeżenia,False,True,1969
528,785000.0,Kowieńska,3,75.52,1,1,Gotowe do wprowadzenia,True,True,1969
529,869000.0,Graniczna,3,59.61,1,4,Gotowe do wprowadzenia,True,False,1969
530,424000.0,Wielka 29,1,43.15,4,5,Do remontu,False,False,1969
532,640000.0,Parafialna,3,64.0,2,3,Do remontu,True,False,1969
533,1539000.0,Długa,4,110.53,6,9,Do odświeżenia,True,True,1969
534,650000.0,Balonowa,4,70.1,2,4,Do remontu,True,False,1969
535,518000.0,Rudzka,2,36.6,6,10,Do remontu,True,False,1969
536,850000.0,Gajowa,3,63.0,0,3,Gotowe do wprowadzenia,True,False,1969
537,1644000.01,Długa,4,101.3,3,9,Do odświeżenia,True,True,1969
539,739107.0,Konińska,3,62.55,0,4,Do odświeżenia,True,True,1969
541,695000.0,Rudzka,3,56.0,2,3,Gotowe do wprowadzenia,True,True,1969
543,724680.0,Braniborska,3,50.37,4,9,Do remontu,True,True,1969
544,560000.0,Ignacego Mościckiego,4,67.5,0,0,Do remontu,True,True,1969
546,509145.0,Konińska,2,38.87,0,4,Do odświeżenia,True,True,1969
547,539000.0,Ignacego Mościckiego,4,67.5,1,1,Do remontu,True,True,1969
548,559000.0,Obornicka,1,29.0,1,4,Gotowe do wprowadzenia,True,False,1969
549,521258.0,Nefrytowa,2,43.84,1,2,Do odświeżenia,True,True,1969
550,698325.0,Przyjaźni,2,41.78,7,8,Do remontu,True,True,1969
552,707133.0,Konińska,3,60.69,0,4,Do odświeżenia,True,True,1969
553,645000.0,Augustowska,2,50.7,2,3,Gotowe do wprowadzenia,True,True,1969
555,598492.0,Zielna,3,60.15,1,2,Do odświeżenia,True,True,1969
556,650000.0,Rudzka,2,54.0,4,4,Do remontu,True,False,1969
557,535000.0,Zamkowa,2,45.0,3,3,Do remontu,False,False,1969
558,539000.0,Woskowa,3,52.7,0,0,Do remontu,True,True,1969
559,669000.0,Gajowa,3,48.79,4,4,Gotowe do wprowadzenia,True,True,1969
560,469000.0,Ignacego Mościckiego,3,58.2,1,1,Do remontu,True,True,1969
565,269000.0,Kossaka,1,18.0,0,4,Gotowe do wprowadzenia,False,False,1969
568,369000.0,Woskowa,2,32.3,0,0,Do remontu,True,True,1969
569,1057875.0,Przyjaźni,4,65.2,8,8,Do remontu,True,True,1969
570,551900.0,Zielna,3,51.63,2,2,Do odświeżenia,True,True,1969
574,453000.0,Woskowa,3,45.91,1,1,Do remontu,True,True,1969
575,574901.0,Przyjaźni,2,33.13,7,8,Do remontu,True,True,1969
576,329000.0,Ignacego Mościckiego,2,36.5,1,1,Do remontu,True,True,1969
580,610000.0,Woskowa,4,60.25,0,0,Do remontu,True,True,1969
581,1046000.0,Zamkowa,4,77.0,5,9,Do odświeżenia,True,True,1969
582,688900.0,Rudzka,3,60.0,1,4,Do odświeżenia,True,True,1969
583,995000.0,Wita Stwosza,2,58.8,1,4,Do remontu,True,False,1969
587,488400.0,Woskowa,3,49.1,1,1,Do remontu,True,True,1969
588,639300.0,Zielna,3,58.0,0,2,Do odświeżenia,True,True,1969
589,1199000.0,Rychtalska,3,73.2,4,5,Gotowe do wprowadzenia,True,True,1969
590,870000.0,Księska,4,68.0,0,2,Do remontu,True,True,1969
591,1025000.0,Gajowa,5,118.0,1,2,Do odświeżenia,True,True,1969
592,638412.0,Konińska,3,52.91,0,4,Do odświeżenia,True,True,1969
593,720000.0,Zielna,2,48.4,4,4,Do remontu,False,False,1969
594,539000.0,Ignacego Mościckiego,4,67.5,1,1,Do remontu,True,True,1969
596,1099000.0,Długa,3,56.5,7,9,Do remontu,True,True,1969
597,649000.0,Zamkowa,3,55.0,3,3,Gotowe do wprowadzenia,True,True,1969
599,859000.0,Zielna,4,77.5,0,4,Do odświeżenia,True,False,1969
600,849000.0,Długa,3,61.0,0,9,Do remontu,True,True,1969
602,836600.0,Zielna,4,74.5,2,4,Do odświeżenia,True,False,1969
604,439999.0,Zamkowa,1,34.0,2,7,Do remontu,False,False,1969
606,1082000.0,Zamkowa,4,79.0,6,7,Do odświeżenia,True,True,1969
607,680000.0,Rymarska,3,52.0,3,4,Do remontu,True,True,1969
608,598000.0,Trzebnicka,3,52.0,4,4,Gotowe do wprowadzenia,False,False,1969
609,489000.0,Woskowa,3,49.7,1,1,Do remontu,True,True,1969
610,369000.0,Woskowa,2,32.3,0,0,Do remontu,True,True,1969
612,610394.0,Konińska,2,49.94,0,4,Do odświeżenia,True,True,1969
614,969000.0,Długa,4,71.0,1,9,Do remontu,True,True,1969
615,599000.0,Kossaka,2,50.0,4,4,Gotowe do wprowadzenia,False,True,1969
617,740784.0,Konińska,3,64.5,2,4,Do odświeżenia,True,True,1969
618,1395000.0,Na Polance,4,74.0,3,7,Gotowe do wprowadzenia,False,True,1969
619,610000.0,Gajowa,2,38.4,2,6,Gotowe do wprowadzenia,True,True,1969
620,558300.0,Boiskowa,4,59.1,1,2,Do odświeżenia,True,True,1969
622,678999.0,Kossaka,2,56.6,1,6,Gotowe do wprowadzenia,True,False,1969
623,750000.0,Birmańska,2,48.48,0,4,Gotowe do wprowadzenia,True,True,1969
624,2444000.0,Długa,5,149.5,5,9,Do odświeżenia,True,True,1969
625,519000.0,Wincentego Stysia,1,36.0,4,4,Gotowe do wprowadzenia,False,False,1969
626,449000.0,Legnicka,2,36.6,7,10,Do remontu,False,True,1969
627,650000.0,Rudzka,2,54.0,4,4,Do remontu,True,False,1969
629,630000.0,Nyska,1,39.0,5,5,Gotowe do wprowadzenia,True,True,1969
630,597365.0,Gajowa,3,64.58,3,3,Do odświeżenia,True,True,1969
632,1135000.0,Antoniego Wiwulskiego,2,71.0,3,3,Gotowe do wprowadzenia,True,True,1969
633,597628.0,Gajowa,3,56.0,0,3,Do odświeżenia,True,True,1969
634,663500.0,Blizanowicka,3,53.0,1,2,Do remontu,True,True,1969
635,950000.0,Bolesława Prusa,3,60.0,4,4,Do remontu,False,False,1969
636,750000.0,Zielna,2,50.0,4,4,Gotowe do wprowadzenia,True,True,1969
637,570000.0,Zielna,3,54.0,1,11,Do remontu,True,True,1969
638,616895.0,Gajowa,3,49.05,4,4,Gotowe do wprowadzenia,False,False,1969
639,551923.0,Lawendowa,3,51.5,2,4,Do remontu,True,True,1969
640,403000.0,Nowowiejska,2,38.0,4,5,Gotowe do wprowadzenia,False,True,1969
641,739000.0,Zielna,3,60.3,2,5,Do odświeżenia,True,True,1969
642,522329.0,Konińska,2,40.91,3,4,Do odświeżenia,False,True,1969
644,785000.0,Kowieńska,3,75.52,1,1,Gotowe do wprowadzenia,True,True,1969
645,869000.0,Graniczna,3,59.61,1,4,Gotowe do wprowadzenia,True,False,1969
646,424000.0,Wielka 29,1,43.15,4,5,Do remontu,False,False,1969
648,640000.0,Parafialna,3,64.0,2,3,Do remontu,True,False,1969
649,1539000.0,Długa,4,110.53,6,9,Do odświeżenia,True,True,1969
650,650000.0,Balonowa,4,70.1,2,4,Do remontu,True,False,1969
651,518000.0,Rudzka,2,36.6,6,10,Do remontu,True,False,1969
652,850000.0,Gajowa,3,63.0,0,3,Gotowe do wprowadzenia,True,False,1969
653,1644000.01,Długa,4,101.3,3,9,Do odświeżenia,True,True,1969
655,739107.0,Konińska,3,62.55,0,4,Do odświeżenia,True,True,1969
657,695000.0,Rudzka,3,56.0,2,3,Gotowe do wprowadzenia,True,True,1969
659,724680.0,Braniborska,3,50.37,4,9,Do remontu,True,True,1969
660,560000.0,Ignacego Mościckiego,4,67.5,0,0,Do remontu,True,True,1969
662,509145.0,Konińska,2,38.87,0,4,Do odświeżenia,True,True,1969
663,539000.0,Ignacego Mościckiego,4,67.5,1,1,Do remontu,True,True,1969
664,559000.0,Obornicka,1,29.0,1,4,Gotowe do wprowadzenia,True,False,1969
665,521258.0,Nefrytowa,2,43.84,1,2,Do odświeżenia,True,True,1969
666,698325.0,Przyjaźni,2,41.78,7,8,Do remontu,True,True,1969
668,707133.0,Konińska,3,60.69,0,4,Do odświeżenia,True,True,1969
669,645000.0,Augustowska,2,50.7,2,3,Gotowe do wprowadzenia,True,True,1969
671,598492.0,Zielna,3,60.15,1,2,Do odświeżenia,True,True,1969
672,650000.0,Rudzka,2,54.0,4,4,Do remontu,True,False,1969
673,535000.0,Zamkowa,2,45.0,3,3,Do remontu,False,False,1969
674,539000.0,Woskowa,3,52.7,0,0,Do remontu,True,True,1969
675,669000.0,Gajowa,3,48.79,4,4,Gotowe do wprowadzenia,True,True,1969
676,469000.0,Ignacego Mościckiego,3,58.2,1,1,Do remontu,True,True,1969
681,269000.0,Kossaka,1,18.0,0,4,Gotowe do wprowadzenia,False,False,1969
684,369000.0,Woskowa,2,32.3,0,0,Do remontu,True,True,1969
685,1057875.0,Przyjaźni,4,65.2,8,8,Do remontu,True,True,1969
686,551900.0,Zielna,3,51.63,2,2,Do odświeżenia,True,True,1969
690,453000.0,Woskowa,3,45.91,1,1,Do remontu,True,True,1969
691,574901.0,Przyjaźni,2,33.13,7,8,Do remontu,True,True,1969
692,329000.0,Ignacego Mościckiego,2,36.5,1,1,Do remontu,True,True,1969
696,610000.0,Woskowa,4,60.25,0,0,Do remontu,True,True,1969
697,1046000.0,Zamkowa,4,77.0,5,9,Do odświeżenia,True,True,1969
698,688900.0,Rudzka,3,60.0,1,4,Do odświeżenia,True,True,1969
699,995000.0,Wita Stwosza,2,58.8,1,4,Do remontu,True,False,1969
703,488400.0,Woskowa,3,49.1,1,1,Do remontu,True,True,1969
704,639300.0,Zielna,3,58.0,0,2,Do odświeżenia,True,True,1969
705,1199000.0,Rychtalska,3,73.2,4,5,Gotowe do wprowadzenia,True,True,1969
706,870000.0,Księska,4,68.0,0,2,Do remontu,True,True,1969
707,1025000.0,Gajowa,5,118.0,1,2,Do odświeżenia,True,True,1969
708,638412.0,Konińska,3,52.91,0,4,Do odświeżenia,True,True,1969
709,720000.0,Zielna,2,48.4,4,4,Do remontu,False,False,1969
710,539000.0,Ignacego Mościckiego,4,67.5,1,1,Do remontu,True,True,1969
712,1099000.0,Długa,3,56.5,7,9,Do remontu,True,True,1969
713,649000.0,Zamkowa,3,55.0,3,3,Gotowe do wprowadzenia,True,True,1969
715,859000.0,Zielna,4,77.5,0,4,Do odświeżenia,True,False,1969
716,849000.0,Długa,3,61.0,0,9,Do remontu,True,True,1969
718,836600.0,Zielna,4,74.5,2,4,Do odświeżenia,True,False,1969
720,439999.0,Zamkowa,1,34.0,2,7,Do remontu,False,False,1969
722,1082000.0,Zamkowa,4,79.0,6,7,Do odświeżenia,True,True,1969
723,680000.0,Rymarska,3,52.0,3,4,Do remontu,True,True,1969
724,598000.0,Trzebnicka,3,52.0,4,4,Gotowe do wprowadzenia,False,False,1969
725,489000.0,Woskowa,3,49.7,1,1,Do remontu,True,True,1969
726,369000.0,Woskowa,2,32.3,0,0,Do remontu,True,True,1969
728,610394.0,Konińska,2,49.94,0,4,Do odświeżenia,True,True,1969
730,969000.0,Długa,4,71.0,1,9,Do remontu,True,True,1969
731,599000.0,Kossaka,2,50.0,4,4,Gotowe do wprowadzenia,False,True,1969
733,740784.0,Konińska,3,64.5,2,4,Do odświeżenia,True,True,1969
734,1395000.0,Na Polance,4,74.0,3,7,Gotowe do wprowadzenia,False,True,1969
735,610000.0,Gajowa,2,38.4,2,6,Gotowe do wprowadzenia,True,True,1969
736,558300.0,Boiskowa,4,59.1,1,2,Do odświeżenia,True,True,1969
738,678999.0,Kossaka,2,56.6,1,6,Gotowe do wprowadzenia,True,False,1969
739,750000.0,Birmańska,2,48.48,0,4,Gotowe do wprowadzenia,True,True,1969
740,2444000.0,Długa,5,149.5,5,9,Do odświeżenia,True,True,1969
741,519000.0,Wincentego Stysia,1,36.0,4,4,Gotowe do wprowadzenia,False,False,1969
742,449000.0,Legnicka,2,36.6,7,10,Do remontu,False,True,1969
743,650000.0,Rudzka,2,54.0,4,4,Do remontu,True,False,1969
745,630000.0,Nyska,1,39.0,5,5,Gotowe do wprowadzenia,True,True,1969
746,597365.0,Gajowa,3,64.58,3,3,Do odświeżenia,True,True,1969
748,1135000.0,Antoniego Wiwulskiego,2,71.0,3,3,Gotowe do wprowadzenia,True,True,1969
749,597628.0,Gajowa,3,56.0,0,3,Do odświeżenia,True,True,1969
750,663500.0,Blizanowicka,3,53.0,1,2,Do remontu,True,True,1969
751,950000.0,Bolesława Prusa,3,60.0,4,4,Do remontu,False,False,1969
752,750000.0,Zielna,2,50.0,4,4,Gotowe do wprowadzenia,True,True,1969
753,570000.0,Zielna,3,54.0,1,11,Do remontu,True,True,1969
754,616895.0,Gajowa,3,49.05,4,4,Gotowe do wprowadzenia,False,False,1969
755,551923.0,Lawendowa,3,51.5,2,4,Do remontu,True,True,1969
756,403000.0,Nowowiejska,2,38.0,4,5,Gotowe do wprowadzenia,False,True,1969
757,739000.0,Zielna,3,60.3,2,5,Do odświeżenia,True,True,1969
758,522329.0,Konińska,2,40.91,3,4,Do odświeżenia,False,True,1969
760,785000.0,Kowieńska,3,75.52,1,1,Gotowe do wprowadzenia,True,True,1969
761,869000.0,Graniczna,3,59.61,1,4,Gotowe do wprowadzenia,True,False,1969
762,424000.0,Wielka 29,1,43.15,4,5,Do remontu,False,False,1969
764,640000.0,Parafialna,3,64.0,2,3,Do remontu,True,False,1969
765,1539000.0,Długa,4,110.53,6,9,Do odświeżenia,True,True,1969
766,650000.0,Balonowa,4,70.1,2,4,Do remontu,True,False,1969
767,518000.0,Rudzka,2,36.6,6,10,Do remontu,True,False,1969
768,850000.0,Gajowa,3,63.0,0,3,Gotowe do wprowadzenia,True,False,1969
769,1644000.01,Długa,4,101.3,3,9,Do odświeżenia,True,True,1969
771,739107.0,Konińska,3,62.55,0,4,Do odświeżenia,True,True,1969
773,695000.0,Rudzka,3,56.0,2,3,Gotowe do wprowadzenia,True,True,1969
775,724680.0,Braniborska,3,50.37,4,9,Do remontu,True,True,1969
776,560000.0,Ignacego Mościckiego,4,67.5,0,0,Do remontu,True,True,1969
778,509145.0,Konińska,2,38.87,0,4,Do odświeżenia,True,True,1969
779,539000.0,Ignacego Mościckiego,4,67.5,1,1,Do remontu,True,True,1969
780,559000.0,Obornicka,1,29.0,1,4,Gotowe do wprowadzenia,True,False,1969
781,521258.0,Nefrytowa,2,43.84,1,2,Do odświeżenia,True,True,1969
782,698325.0,Przyjaźni,2,41.78,7,8,Do remontu,True,True,1969
784,707133.0,Konińska,3,60.69,0,4,Do odświeżenia,True,True,1969
785,645000.0,Augustowska,2,50.7,2,3,Gotowe do wprowadzenia,True,True,1969
787,598492.0,Zielna,3,60.15,1,2,Do odświeżenia,True,True,1969
788,650000.0,Rudzka,2,54.0,4,4,Do remontu,True,False,1969
789,535000.0,Zamkowa,2,45.0,3,3,Do remontu,False,False,1969
790,539000.0,Woskowa,3,52.7,0,0,Do remontu,True,True,1969
791,669000.0,Gajowa,3,48.79,4,4,Gotowe do wprowadzenia,True,True,1969
792,469000.0,Ignacego Mościckiego,3,58.2,1,1,Do remontu,True,True,1969
797,269000.0,Kossaka,1,18.0,0,4,Gotowe do wprowadzenia,False,False,1969
800,369000.0,Woskowa,2,32.3,0,0,Do remontu,True,True,1969
801,1057875.0,Przyjaźni,4,65.2,8,8,Do remontu,True,True,1969
802,551900.0,Zielna,3,51.63,2,2,Do odświeżenia,True,True,1969
806,453000.0,Woskowa,3,45.91,1,1,Do remontu,True,True,1969
807,574901.0,Przyjaźni,2,33.13,7,8,Do remontu,True,True,1969
808,329000.0,Ignacego Mościckiego,2,36.5,1,1,Do remontu,True,True,1969
812,610000.0,Woskowa,4,60.25,0,0,Do remontu,True,True,1969
813,1046000.0,Zamkowa,4,77.0,5,9,Do odświeżenia,True,True,1969
814,688900.0,Rudzka,3,60.0,1,4,Do odświeżenia,True,True,1969
815,995000.0,Wita Stwosza,2,58.8,1,4,Do remontu,True,False,1969
819,488400.0,Woskowa,3,49.1,1,1,Do remontu,True,True,1969
820,639300.0,Zielna,3,58.0,0,2,Do odświeżenia,True,True,1969
821,1199000.0,Rychtalska,3,73.2,4,5,Gotowe do wprowadzenia,True,True,1969
822,870000.0,Księska,4,68.0,0,2,Do remontu,True,True,1969
823,1025000.0,Gajowa,5,118.0,1,2,Do odświeżenia,True,True,1969
824,638412.0,Konińska,3,52.91,0,4,Do odświeżenia,True,True,1969
825,720000.0,Zielna,2,48.4,4,4,Do remontu,False,False,1969
826,539000.0,Ignacego Mościckiego,4,67.5,1,1,Do remontu,True,True,1969
828,1099000.0,Długa,3,56.5,7,9,Do remontu,True,True,1969
829,649000.0,Zamkowa,3,55.0,3,3,Gotowe do wprowadzenia,True,True,1969
831,859000.0,Zielna,4,77.5,0,4,Do odświeżenia,True,False,1969
832,849000.0,Długa,3,61.0,0,9,Do remontu,True,True,1969
834,836600.0,Zielna,4,74.5,2,4,Do odświeżenia,True,False,1969
836,439999.0,Zamkowa,1,34.0,2,7,Do remontu,False,False,1969
838,1082000.0,Zamkowa,4,79.0,6,7,Do odświeżenia,True,True,1969
839,680000.0,Rymarska,3,52.0,3,4,Do remontu,True,True,1969
840,598000.0,Trzebnicka,3,52.0,4,4,Gotowe do wprowadzenia,False,False,1969
841,489000.0,Woskowa,3,49.7,1,1,Do remontu,True,True,1969
842,369000.0,Woskowa,2,32.3,0,0,Do remontu,True,True,1969
844,610394.0,Konińska,2,49.94,0,4,Do odświeżenia,True,True,1969
846,969000.0,Długa,4,71.0,1,9,Do remontu,True,True,1969
847,599000.0,Kossaka,2,50.0,4,4,Gotowe do wprowadzenia,False,True,1969
849,740784.0,Konińska,3,64.5,2,4,Do odświeżenia,True,True,1969
850,1395000.0,Na Polance,4,74.0,3,7,Gotowe do wprowadzenia,False,True,1969
851,610000.0,Gajowa,2,38.4,2,6,Gotowe do wprowadzenia,True,True,1969
852,558300.0,Boiskowa,4,59.1,1,2,Do odświeżenia,True,True,1969
854,678999.0,Kossaka,2,56.6,1,6,Gotowe do wprowadzenia,True,False,1969
855,750000.0,Birmańska,2,48.48,0,4,Gotowe do wprowadzenia,True,True,1969
856,2444000.0,Długa,5,149.5,5,9,Do odświeżenia,True,True,1969
857,519000.0,Wincentego Stysia,1,36.0,4,4,Gotowe do wprowadzenia,False,False,1969
858,449000.0,Legnicka,2,36.6,7,10,Do remontu,False,True,1969
859,650000.0,Rudzka,2,54.0,4,4,Do remontu,True,False,1969
861,630000.0,Nyska,1,39.0,5,5,Gotowe do wprowadzenia,True,True,1969
862,597365.0,Gajowa,3,64.58,3,3,Do odświeżenia,True,True,1969
864,1135000.0,Antoniego Wiwulskiego,2,71.0,3,3,Gotowe do wprowadzenia,True,True,1969
865,597628.0,Gajowa,3,56.0,0,3,Do odświeżenia,True,True,1969
866,663500.0,Blizanowicka,3,53.0,1,2,Do remontu,True,True,1969
867,950000.0,Bolesława Prusa,3,60.0,4,4,Do remontu,False,False,1969
868,750000.0,Zielna,2,50.0,4,4,Gotowe do wprowadzenia,True,True,1969
869,570000.0,Zielna,3,54.0,1,11,Do remontu,True,True,1969
870,616895.0,Gajowa,3,49.05,4,4,Gotowe do wprowadzenia,False,False,1969
871,551923.0,Lawendowa,3,51.5,2,4,Do remontu,True,True,1969
872,403000.0,Nowowiejska,2,38.0,4,5,Gotowe do wprowadzenia,False,True,1969
873,739000.0,Zielna,3,60.3,2,5,Do odświeżenia,True,True,1969
874,522329.0,Konińska,2,40.91,3,4,Do odświeżenia,False,True,1969
876,785000.0,Kowieńska,3,75.52,1,1,Gotowe do wprowadzenia,True,True,1969
877,869000.0,Graniczna,3,59.61,1,4,Gotowe do wprowadzenia,True,False,1969
878,424000.0,Wielka 29,1,43.15,4,5,Do remontu,False,False,1969
880,640000.0,Parafialna,3,64.0,2,3,Do remontu,True,False,1969
881,1539000.0,Długa,4,110.53,6,9,Do odświeżenia,True,True,1969
882,650000.0,Balonowa,4,70.1,2,4,Do remontu,True,False,1969
883,518000.0,Rudzka,2,36.6,6,10,Do remontu,True,False,1969
884,850000.0,Gajowa,3,63.0,0,3,Gotowe do wprowadzenia,True,False,1969
885,1644000.01,Długa,4,101.3,3,9,Do odświeżenia,True,True,1969
887,739107.0,Konińska,3,62.55,0,4,Do odświeżenia,True,True,1969
889,695000.0,Rudzka,3,56.0,2,3,Gotowe do wprowadzenia,True,True,1969
891,724680.0,Braniborska,3,50.37,4,9,Do remontu,True,True,1969
892,560000.0,Ignacego Mościckiego,4,67.5,0,0,Do remontu,True,True,1969
894,509145.0,Konińska,2,38.87,0,4,Do odświeżenia,True,True,1969
895,539000.0,Ignacego Mościckiego,4,67.5,1,1,Do remontu,True,True,1969
896,559000.0,Obornicka,1,29.0,1,4,Gotowe do wprowadzenia,True,False,1969
897,521258.0,Nefrytowa,2,43.84,1,2,Do odświeżenia,True,True,1969
898,698325.0,Przyjaźni,2,41.78,7,8,Do remontu,True,True,1969
900,707133.0,Konińska,3,60.69,0,4,Do odświeżenia,True,True,1969
901,645000.0,Augustowska,2,50.7,2,3,Gotowe do wprowadzenia,True,True,1969
903,598492.0,Zielna,3,60.15,1,2,Do odświeżenia,True,True,1969
904,650000.0,Rudzka,2,54.0,4,4,Do remontu,True,False,1969
905,535000.0,Zamkowa,2,45.0,3,3,Do remontu,False,False,1969
906,539000.0,Woskowa,3,52.7,0,0,Do remontu,True,True,1969
907,669000.0,Gajowa,3,48.79,4,4,Gotowe do wprowadzenia,True,True,1969
908,469000.0,Ignacego Mościckiego,3,58.2,1,1,Do remontu,True,True,1969
913,269000.0,Kossaka,1,18.0,0,4,Gotowe do wprowadzenia,False,False,1969
916,369000.0,Woskowa,2,32.3,0,0,Do remontu,True,True,1969
917,1057875.0,Przyjaźni,4,65.2,8,8,Do remontu,True,True,1969
918,551900.0,Zielna,3,51.63,2,2,Do odświeżenia,True,True,1969
922,453000.0,Woskowa,3,45.91,1,1,Do remontu,True,True,1969
923,574901.0,Przyjaźni,2,33.13,7,8,Do remontu,True,True,1969
924,329000.0,Ignacego Mościckiego,2,36.5,1,1,Do remontu,True,True,1969
928,610000.0,Woskowa,4,60.25,0,0,Do remontu,True,True,1969
929,1046000.0,Zamkowa,4,77.0,5,9,Do odświeżenia,True,True,1969
930,688900.0,Rudzka,3,60.0,1,4,Do odświeżenia,True,True,1969
931,995000.0,Wita Stwosza,2,58.8,1,4,Do remontu,True,False,1969
935,488400.0,Woskowa,3,49.1,1,1,Do remontu,True,True,1969
936,639300.0,Zielna,3,58.0,0,2,Do odświeżenia,True,True,1969
937,1199000.0,Rychtalska,3,73.2,4,5,Gotowe do wprowadzenia,True,True,1969
938,870000.0,Księska,4,68.0,0,2,Do remontu,True,True,1969
939,1025000.0,Gajowa,5,118.0,1,2,Do odświeżenia,True,True,1969
940,638412.0,Konińska,3,52.91,0,4,Do odświeżenia,True,True,1969
941,720000.0,Zielna,2,48.4,4,4,Do remontu,False,False,1969
942,539000.0,Ignacego Mościckiego,4,67.5,1,1,Do remontu,True,True,1969
944,1099000.0,Długa,3,56.5,7,9,Do remontu,True,True,1969
945,649000.0,Zamkowa,3,55.0,3,3,Gotowe do wprowadzenia,True,True,1969
947,859000.0,Zielna,4,77.5,0,4,Do odświeżenia,True,False,1969
948,849000.0,Długa,3,61.0,0,9,Do remontu,True,True,1969
950,836600.0,Zielna,4,74.5,2,4,Do odświeżenia,True,False,1969
952,439999.0,Zamkowa,1,34.0,2,7,Do remontu,False,False,1969
954,1082000.0,Zamkowa,4,79.0,6,7,Do odświeżenia,True,True,1969
955,680000.0,Rymarska,3,52.0,3,4,Do remontu,True,True,1969
956,598000.0,Trzebnicka,3,52.0,4,4,Gotowe do wprowadzenia,False,False,1969
957,489000.0,Woskowa,3,49.7,1,1,Do remontu,True,True,1969
958,369000.0,Woskowa,2,32.3,0,0,Do remontu,True,True,1969
960,610394.0,Konińska,2,49.94,0,4,Do odświeżenia,True,True,1969
962,969000.0,Długa,4,71.0,1,9,Do remontu,True,True,1969
963,599000.0,Kossaka,2,50.0,4,4,Gotowe do wprowadzenia,False,True,1969
965,740784.0,Konińska,3,64.5,2,4,Do odświeżenia,True,True,1969
966,1395000.0,Na Polance,4,74.0,3,7,Gotowe do wprowadzenia,False,True,1969
967,610000.0,Gajowa,2,38.4,2,6,Gotowe do wprowadzenia,True,True,1969
968,558300.0,Boiskowa,4,59.1,1,2,Do odświeżenia,True,True,1969
970,678999.0,Kossaka,2,56.6,1,6,Gotowe do wprowadzenia,True,False,1969
971,750000.0,Birmańska,2,48.48,0,4,Gotowe do wprowadzenia,True,True,1969
972,2444000.0,Długa,5,149.5,5,9,Do odświeżenia,True,True,1969
973,519000.0,Wincentego Stysia,1,36.0,4,4,Gotowe do wprowadzenia,False,False,1969
974,449000.0,Legnicka,2,36.6,7,10,Do remontu,False,True,1969
975,650000.0,Rudzka,2,54.0,4,4,Do remontu,True,False,1969
977,630000.0,Nyska,1,39.0,5,5,Gotowe do wprowadzenia,True,True,1969
978,597365.0,Gajowa,3,64.58,3,3,Do odświeżenia,True,True,1969
980,1135000.0,Antoniego Wiwulskiego,2,71.0,3,3,Gotowe do wprowadzenia,True,True,1969
981,597628.0,Gajowa,3,56.0,0,3,Do odświeżenia,True,True,1969
982,663500.0,Blizanowicka,3,53.0,1,2,Do remontu,True,True,1969
983,950000.0,Bolesława Prusa,3,60.0,4,4,Do remontu,False,False,1969
984,750000.0,Zielna,2,50.0,4,4,Gotowe do wprowadzenia,True,True,1969
985,570000.0,Zielna,3,54.0,1,11,Do remontu,True,True,1969
986,616895.0,Gajowa,3,49.05,4,4,Gotowe do wprowadzenia,False,False,1969
987,551923.0,Lawendowa,3,51.5,2,4,Do remontu,True,True,1969
988,403000.0,Nowowiejska,2,38.0,4,5,Gotowe do wprowadzenia,False,True,1969
989,739000.0,Zielna,3,60.3,2,5,Do odświeżenia,True,True,1969
990,522329.0,Konińska,2,40.91,3,4,Do odświeżenia,False,True,1969
992,785000.0,Kowieńska,3,75.52,1,1,Gotowe do wprowadzenia,True,True,1969
993,869000.0,Graniczna,3,59.61,1,4,Gotowe do wprowadzenia,True,False,1969
994,424000.0,Wielka 29,1,43.15,4,5,Do remontu,False,False,1969
996,640000.0,Parafialna,3,64.0,2,3,Do remontu,True,False,1969
997,1539000.0,Długa,4,110.53,6,9,Do odświeżenia,True,True,1969
998,650000.0,Balonowa,4,70.1,2,4,Do remontu,True,False,1969
999,518000.0,Rudzka,2,36.6,6,10,Do remontu,True,False,1969
1000,850000.0,Gajowa,3,63.0,0,3,Gotowe do wprowadzenia,True,False,1969
1001,1644000.01,Długa,4,101.3,3,9,Do odświeżenia,True,True,1969
1003,739107.0,Konińska,3,62.55,0,4,Do odświeżenia,True,True,1969
1005,695000.0,Rudzka,3,56.0,2,3,Gotowe do wprowadzenia,True,True,1969
1007,724680.0,Braniborska,3,50.37,4,9,Do remontu,True,True,1969
1008,560000.0,Ignacego Mościckiego,4,67.5,0,0,Do remontu,True,True,1969
1010,509145.0,Konińska,2,38.87,0,4,Do odświeżenia,True,True,1969
1011,539000.0,Ignacego Mościckiego,4,67.5,1,1,Do remontu,True,True,1969
1012,559000.0,Obornicka,1,29.0,1,4,Gotowe do wprowadzenia,True,False,1969
1013,521258.0,Nefrytowa,2,43.84,1,2,Do odświeżenia,True,True,1969
1014,698325.0,Przyjaźni,2,41.78,7,8,Do remontu,True,True,1969
1016,707133.0,Konińska,3,60.69,0,4,Do odświeżenia,True,True,1969
1017,645000.0,Augustowska,2,50.7,2,3,Gotowe do wprowadzenia,True,True,1969
1019,598492.0,Zielna,3,60.15,1,2,Do odświeżenia,True,True,1969
1020,650000.0,Rudzka,2,54.0,4,4,Do remontu,True,False,1969
1021,535000.0,Zamkowa,2,45.0,3,3,Do remontu,False,False,1969
1022,539000.0,Woskowa,3,52.7,0,0,Do remontu,True,True,1969
1023,669000.0,Gajowa,3,48.79,4,4,Gotowe do wprowadzenia,True,True,1969
1024,469000.0,Ignacego Mościckiego,3,58.2,1,1,Do remontu,True,True,1969
1029,269000.0,Kossaka,1,18.0,0,4,Gotowe do wprowadzenia,False,False,1969
1032,369000.0,Woskowa,2,32.3,0,0,Do remontu,True,True,1969
1033,1057875.0,Przyjaźni,4,65.2,8,8,Do remontu,True,True,1969
1034,551900.0,Zielna,3,51.63,2,2,Do odświeżenia,True,True,1969
1038,453000.0,Woskowa,3,45.91,1,1,Do remontu,True,True,1969
1039,574901.0,Przyjaźni,2,33.13,7,8,Do remontu,True,True,1969
1040,329000.0,Ignacego Mościckiego,2,36.5,1,1,Do remontu,True,True,1969
1044,610000.0,Woskowa,4,60.25,0,0,Do remontu,True,True,1969
1045,1046000.0,Zamkowa,4,77.0,5,9,Do odświeżenia,True,True,1969
1046,688900.0,Rudzka,3,60.0,1,4,Do odświeżenia,True,True,1969
1047,995000.0,Wita Stwosza,2,58.8,1,4,Do remontu,True,False,1969
1051,488400.0,Woskowa,3,49.1,1,1,Do remontu,True,True,1969
1052,639300.0,Zielna,3,58.0,0,2,Do odświeżenia,True,True,1969
1053,1199000.0,Rychtalska,3,73.2,4,5,Gotowe do wprowadzenia,True,True,1969
1054,870000.0,Księska,4,68.0,0,2,Do remontu,True,True,1969
1055,1025000.0,Gajowa,5,118.0,1,2,Do odświeżenia,True,True,1969
1056,638412.0,Konińska,3,52.91,0,4,Do odświeżenia,True,True,1969
1057,720000.0,Zielna,2,48.4,4,4,Do remontu,False,False,1969
1058,539000.0,Ignacego Mościckiego,4,67.5,1,1,Do remontu,True,True,1969
1060,1099000.0,Długa,3,56.5,7,9,Do remontu,True,True,1969
1061,649000.0,Zamkowa,3,55.0,3,3,Gotowe do wprowadzenia,True,True,1969
1063,859000.0,Zielna,4,77.5,0,4,Do odświeżenia,True,False,1969
1064,849000.0,Długa,3,61.0,0,9,Do remontu,True,True,1969
1066,836600.0,Zielna,4,74.5,2,4,Do odświeżenia,True,False,1969
1068,439999.0,Zamkowa,1,34.0,2,7,Do remontu,False,False,1969
1070,1082000.0,Zamkowa,4,79.0,6,7,Do odświeżenia,True,True,1969
1071,680000.0,Rymarska,3,52.0,3,4,Do remontu,True,True,1969
1072,598000.0,Trzebnicka,3,52.0,4,4,Gotowe do wprowadzenia,False,False,1969
1073,489000.0,Woskowa,3,49.7,1,1,Do remontu,True,True,1969
1074,369000.0,Woskowa,2,32.3,0,0,Do remontu,True,True,1969
1076,610394.0,Konińska,2,49.94,0,4,Do odświeżenia,True,True,1969
1078,969000.0,Długa,4,71.0,1,9,Do remontu,True,True,1969
1079,599000.0,Kossaka,2,50.0,4,4,Gotowe do wprowadzenia,False,True,1969
1081,740784.0,Konińska,3,64.5,2,4,Do odświeżenia,True,True,1969
1082,1395000.0,Na Polance,4,74.0,3,7,Gotowe do wprowadzenia,False,True,1969
1083,610000.0,Gajowa,2,38.4,2,6,Gotowe do wprowadzenia,True,True,1969
1084,558300.0,Boiskowa,4,59.1,1,2,Do odświeżenia,True,True,1969
1086,678999.0,Kossaka,2,56.6,1,6,Gotowe do wprowadzenia,True,False,1969
1087,750000.0,Birmańska,2,48.48,0,4,Gotowe do wprowadzenia,True,True,1969
1088,2444000.0,Długa,5,149.5,5,9,Do odświeżenia,True,True,1969
1089,519000.0,Wincentego Stysia,1,36.0,4,4,Gotowe do wprowadzenia,False,False,1969
1090,449000.0,Legnicka,2,36.6,7,10,Do remontu,False,True,1969
1091,650000.0,Rudzka,2,54.0,4,4,Do remontu,True,False,1969
1093,630000.0,Nyska,1,39.0,5,5,Gotowe do wprowadzenia,True,True,1969
1094,597365.0,Gajowa,3,64.58,3,3,Do odświeżenia,True,True,1969
1096,1135000.0,Antoniego Wiwulskiego,2,71.0,3,3,Gotowe do wprowadzenia,True,True,1969
1097,597628.0,Gajowa,3,56.0,0,3,Do odświeżenia,True,True,1969
1098,663500.0,Blizanowicka,3,53.0,1,2,Do remontu,True,True,1969
1099,950000.0,Bolesława Prusa,3,60.0,4,4,Do remontu,False,False,1969
1100,750000.0,Zielna,2,50.0,4,4,Gotowe do wprowadzenia,True,True,1969
1101,570000.0,Zielna,3,54.0,1,11,Do remontu,True,True,1969
1102,616895.0,Gajowa,3,49.05,4,4,Gotowe do wprowadzenia,False,False,1969
1103,551923.0,Lawendowa,3,51.5,2,4,Do remontu,True,True,1969
1104,403000.0,Nowowiejska,2,38.0,4,5,Gotowe do wprowadzenia,False,True,1969
1105,739000.0,Zielna,3,60.3,2,5,Do odświeżenia,True,True,1969
1106,522329.0,Konińska,2,40.91,3,4,Do odświeżenia,False,True,1969
1108,785000.0,Kowieńska,3,75.52,1,1,Gotowe do wprowadzenia,True,True,1969
1109,869000.0,Graniczna,3,59.61,1,4,Gotowe do wprowadzenia,True,False,1969
1110,424000.0,Wielka 29,1,43.15,4,5,Do remontu,False,False,1969
1112,640000.0,Parafialna,3,64.0,2,3,Do remontu,True,False,1969
1113,1539000.0,Długa,4,110.53,6,9,Do odświeżenia,True,True,1969
1114,650000.0,Balonowa,4,70.1,2,4,Do remontu,True,False,1969
1115,518000.0,Rudzka,2,36.6,6,10,Do remontu,True,False,1969
1116,850000.0,Gajowa,3,63.0,0,3,Gotowe do wprowadzenia,True,False,1969
1117,1644000.01,Długa,4,101.3,3,9,Do odświeżenia,True,True,1969
1119,739107.0,Konińska,3,62.55,0,4,Do odświeżenia,True,True,1969
1121,695000.0,Rudzka,3,56.0,2,3,Gotowe do wprowadzenia,True,True,1969
1123,724680.0,Braniborska,3,50.37,4,9,Do remontu,True,True,1969
1124,560000.0,Ignacego Mościckiego,4,67.5,0,0,Do remontu,True,True,1969
1126,509145.0,Konińska,2,38.87,0,4,Do odświeżenia,True,True,1969
1127,539000.0,Ignacego Mościckiego,4,67.5,1,1,Do remontu,True,True,1969
1128,559000.0,Obornicka,1,29.0,1,4,Gotowe do wprowadzenia,True,False,1969
1129,521258.0,Nefrytowa,2,43.84,1,2,Do odświeżenia,True,True,1969
1130,698325.0,Przyjaźni,2,41.78,7,8,Do remontu,True,True,1969
1132,707133.0,Konińska,3,60.69,0,4,Do odświeżenia,True,True,1969
1133,645000.0,Augustowska,2,50.7,2,3,Gotowe do wprowadzenia,True,True,1969
1135,598492.0,Zielna,3,60.15,1,2,Do odświeżenia,True,True,1969
1136,650000.0,Rudzka,2,54.0,4,4,Do remontu,True,False,1969
1137,535000.0,Zamkowa,2,45.0,3,3,Do remontu,False,False,1969
1138,539000.0,Woskowa,3,52.7,0,0,Do remontu,True,True,1969
1139,669000.0,Gajowa,3,48.79,4,4,Gotowe do wprowadzenia,True,True,1969
1140,469000.0,Ignacego Mościckiego,3,58.2,1,1,Do remontu,True,True,1969
1145,269000.0,Kossaka,1,18.0,0,4,Gotowe do wprowadzenia,False,False,1969
1148,369000.0,Woskowa,2,32.3,0,0,Do remontu,True,True,1969
1149,1057875.0,Przyjaźni,4,65.2,8,8,Do remontu,True,True,1969
1150,551900.0,Zielna,3,51.63,2,2,Do odświeżenia,True,True,1969
1154,453000.0,Woskowa,3,45.91,1,1,Do remontu,True,True,1969
1155,574901.0,Przyjaźni,2,33.13,7,8,Do remontu,True,True,1969
1156,329000.0,Ignacego Mościckiego,2,36.5,1,1,Do remontu,True,True,1969
1160,610000.0,Woskowa,4,60.25,0,0,Do remontu,True,True,1969
1161,1046000.0,Zamkowa,4,77.0,5,9,Do odświeżenia,True,True,1969
1162,688900.0,Rudzka,3,60.0,1,4,Do odświeżenia,True,True,1969
1163,995000.0,Wita Stwosza,2,58.8,1,4,Do remontu,True,False,1969
1167,488400.0,Woskowa,3,49.1,1,1,Do remontu,True,True,1969
1168,639300.0,Zielna,3,58.0,0,2,Do odświeżenia,True,True,1969
1169,1199000.0,Rychtalska,3,73.2,4,5,Gotowe do wprowadzenia,True,True,1969
1170,870000.0,Księska,4,68.0,0,2,Do remontu,True,True,1969
1171,1025000.0,Gajowa,5,118.0,1,2,Do odświeżenia,True,True,1969
1172,638412.0,Konińska,3,52.91,0,4,Do odświeżenia,True,True,1969
1173,720000.0,Zielna,2,48.4,4,4,Do remontu,False,False,1969
1174,539000.0,Ignacego Mościckiego,4,67.5,1,1,Do remontu,True,True,1969
1176,1099000.0,Długa,3,56.5,7,9,Do remontu,True,True,1969
1177,649000.0,Zamkowa,3,55.0,3,3,Gotowe do wprowadzenia,True,True,1969
1179,859000.0,Zielna,4,77.5,0,4,Do odświeżenia,True,False,1969
1180,849000.0,Długa,3,61.0,0,9,Do remontu,True,True,1969
1182,836600.0,Zielna,4,74.5,2,4,Do odświeżenia,True,False,1969
1184,439999.0,Zamkowa,1,34.0,2,7,Do remontu,False,False,1969
1186,1082000.0,Zamkowa,4,79.0,6,7,Do odświeżenia,True,True,1969
1187,680000.0,Rymarska,3,52.0,3,4,Do remontu,True,True,1969
1188,598000.0,Trzebnicka,3,52.0,4,4,Gotowe do wprowadzenia,False,False,1969
1189,489000.0,Woskowa,3,49.7,1,1,Do remontu,True,True,1969
1190,369000.0,Woskowa,2,32.3,0,0,Do remontu,True,True,1969
1192,610394.0,Konińska,2,49.94,0,4,Do odświeżenia,True,True,1969
1194,969000.0,Długa,4,71.0,1,9,Do remontu,True,True,1969
1195,599000.0,Kossaka,2,50.0,4,4,Gotowe do wprowadzenia,False,True,1969
1197,740784.0,Konińska,3,64.5,2,4,Do odświeżenia,True,True,1969
1198,1395000.0,Na Polance,4,74.0,3,7,Gotowe do wprowadzenia,False,True,1969
1199,610000.0,Gajowa,2,38.4,2,6,Gotowe do wprowadzenia,True,True,1969
1200,558300.0,Boiskowa,4,59.1,1,2,Do odświeżenia,True,True,1969
1202,678999.0,Kossaka,2,56.6,1,6,Gotowe do wprowadzenia,True,False,1969
1203,750000.0,Birmańska,2,48.48,0,4,Gotowe do wprowadzenia,True,True,1969
1204,2444000.0,Długa,5,149.5,5,9,Do odświeżenia,True,True,1969
1205,519000.0,Wincentego Stysia,1,36.0,4,4,Gotowe do wprowadzenia,False,False,1969
1206,449000.0,Legnicka,2,36.6,7,10,Do remontu,False,True,1969
1207,650000.0,Rudzka,2,54.0,4,4,Do remontu,True,False,1969
1209,630000.0,Nyska,1,39.0,5,5,Gotowe do wprowadzenia,True,True,1969
1210,597365.0,Gajowa,3,64.58,3,3,Do odświeżenia,True,True,1969
1212,1135000.0,Antoniego Wiwulskiego,2,71.0,3,3,Gotowe do wprowadzenia,True,True,1969
1213,597628.0,Gajowa,3,56.0,0,3,Do odświeżenia,True,True,1969
1214,663500.0,Blizanowicka,3,53.0,1,2,Do remontu,True,True,1969
1215,950000.0,Bolesława Prusa,3,60.0,4,4,Do remontu,False,False,1969
1216,750000.0,Zielna,2,50.0,4,4,Gotowe do wprowadzenia,True,True,1969
1217,570000.0,Zielna,3,54.0,1,11,Do remontu,True,True,1969
1218,616895.0,Gajowa,3,49.05,4,4,Gotowe do wprowadzenia,False,False,1969
1219,551923.0,Lawendowa,3,51.5,2,4,Do remontu,True,True,1969
1220,403000.0,Nowowiejska,2,38.0,4,5,Gotowe do wprowadzenia,False,True,1969
1221,739000.0,Zielna,3,60.3,2,5,Do odświeżenia,True,True,1969
1222,522329.0,Konińska,2,40.91,3,4,Do odświeżenia,False,True,1969
1224,785000.0,Kowieńska,3,75.52,1,1,Gotowe do wprowadzenia,True,True,1969
1225,869000.0,Graniczna,3,59.61,1,4,Gotowe do wprowadzenia,True,False,1969
1226,424000.0,Wielka 29,1,43.15,4,5,Do remontu,False,False,1969
1228,640000.0,Parafialna,3,64.0,2,3,Do remontu,True,False,1969
1229,1539000.0,Długa,4,110.53,6,9,Do odświeżenia,True,True,1969
1230,650000.0,Balonowa,4,70.1,2,4,Do remontu,True,False,1969
1231,518000.0,Rudzka,2,36.6,6,10,Do remontu,True,False,1969
1232,850000.0,Gajowa,3,63.0,0,3,Gotowe do wprowadzenia,True,False,1969
1233,1644000.01,Długa,4,101.3,3,9,Do odświeżenia,True,True,1969
1235,739107.0,Konińska,3,62.55,0,4,Do odświeżenia,True,True,1969
1237,695000.0,Rudzka,3,56.0,2,3,Gotowe do wprowadzenia,True,True,1969
1239,724680.0,Braniborska,3,50.37,4,9,Do remontu,True,True,1969
1240,560000.0,Ignacego Mościckiego,4,67.5,0,0,Do remontu,True,True,1969
1242,509145.0,Konińska,2,38.87,0,4,Do odświeżenia,True,True,1969
1243,539000.0,Ignacego Mościckiego,4,67.5,1,1,Do remontu,True,True,1969
1244,559000.0,Obornicka,1,29.0,1,4,Gotowe do wprowadzenia,True,False,1969
1245,521258.0,Nefrytowa,2,43.84,1,2,Do odświeżenia,True,True,1969
1246,698325.0,Przyjaźni,2,41.78,7,8,Do remontu,True,True,1969
1248,707133.0,Konińska,3,60.69,0,4,Do odświeżenia,True,True,1969
1249,645000.0,Augustowska,2,50.7,2,3,Gotowe do wprowadzenia,True,True,1969
1251,598492.0,Zielna,3,60.15,1,2,Do odświeżenia,True,True,1969
1252,650000.0,Rudzka,2,54.0,4,4,Do remontu,True,False,1969
1253,535000.0,Zamkowa,2,45.0,3,3,Do remontu,False,False,1969
1254,539000.0,Woskowa,3,52.7,0,0,Do remontu,True,True,1969
1255,669000.0,Gajowa,3,48.79,4,4,Gotowe do wprowadzenia,True,True,1969
1256,469000.0,Ignacego Mościckiego,3,58.2,1,1,Do remontu,True,True,1969
1261,269000.0,Kossaka,1,18.0,0,4,Gotowe do wprowadzenia,False,False,1969
1264,369000.0,Woskowa,2,32.3,0,0,Do remontu,True,True,1969
1265,1057875.0,Przyjaźni,4,65.2,8,8,Do remontu,True,True,1969
1266,551900.0,Zielna,3,51.63,2,2,Do odświeżenia,True,True,1969
1270,453000.0,Woskowa,3,45.91,1,1,Do remontu,True,True,1969
1271,574901.0,Przyjaźni,2,33.13,7,8,Do remontu,True,True,1969
1272,329000.0,Ignacego Mościckiego,2,36.5,1,1,Do remontu,True,True,1969
1276,610000.0,Woskowa,4,60.25,0,0,Do remontu,True,True,1969
1277,1046000.0,Zamkowa,4,77.0,5,9,Do odświeżenia,True,True,1969
1278,688900.0,Rudzka,3,60.0,1,4,Do odświeżenia,True,True,1969
1279,995000.0,Wita Stwosza,2,58.8,1,4,Do remontu,True,False,1969
1283,488400.0,Woskowa,3,49.1,1,1,Do remontu,True,True,1969
1284,639300.0,Zielna,3,58.0,0,2,Do odświeżenia,True,True,1969
1285,1199000.0,Rychtalska,3,73.2,4,5,Gotowe do wprowadzenia,True,True,1969
1286,870000.0,Księska,4,68.0,0,2,Do remontu,True,True,1969
1287,1025000.0,Gajowa,5,118.0,1,2,Do odświeżenia,True,True,1969
1288,638412.0,Konińska,3,52.91,0,4,Do odświeżenia,True,True,1969
1289,720000.0,Zielna,2,48.4,4,4,Do remontu,False,False,1969
1290,539000.0,Ignacego Mościckiego,4,67.5,1,1,Do remontu,True,True,1969
1292,1099000.0,Długa,3,56.5,7,9,Do remontu,True,True,1969
1293,649000.0,Zamkowa,3,55.0,3,3,Gotowe do wprowadzenia,True,True,1969
1295,859000.0,Zielna,4,77.5,0,4,Do odświeżenia,True,False,1969
1296,849000.0,Długa,3,61.0,0,9,Do remontu,True,True,1969
1298,836600.0,Zielna,4,74.5,2,4,Do odświeżenia,True,False,1969
1300,439999.0,Zamkowa,1,34.0,2,7,Do remontu,False,False,1969
1302,1082000.0,Zamkowa,4,79.0,6,7,Do odświeżenia,True,True,1969
1303,680000.0,Rymarska,3,52.0,3,4,Do remontu,True,True,1969
1304,598000.0,Trzebnicka,3,52.0,4,4,Gotowe do wprowadzenia,False,False,1969
1305,489000.0,Woskowa,3,49.7,1,1,Do remontu,True,True,1969
1306,369000.0,Woskowa,2,32.3,0,0,Do remontu,True,True,1969
1308,610394.0,Konińska,2,49.94,0,4,Do odświeżenia,True,True,1969
1310,969000.0,Długa,4,71.0,1,9,Do remontu,True,True,1969
1311,599000.0,Kossaka,2,50.0,4,4,Gotowe do wprowadzenia,False,True,1969
1313,740784.0,Konińska,3,64.5,2,4,Do odświeżenia,True,True,1969
1314,1395000.0,Na Polance,4,74.0,3,7,Gotowe do wprowadzenia,False,True,1969
1315,610000.0,Gajowa,2,38.4,2,6,Gotowe do wprowadzenia,True,True,1969
1316,558300.0,Boiskowa,4,59.1,1,2,Do odświeżenia,True,True,1969
1318,678999.0,Kossaka,2,56.6,1,6,Gotowe do wprowadzenia,True,False,1969
1319,750000.0,Birmańska,2,48.48,0,4,Gotowe do wprowadzenia,True,True,1969
1320,2444000.0,Długa,5,149.5,5,9,Do odświeżenia,True,True,1969
1321,519000.0,Wincentego Stysia,1,36.0,4,4,Gotowe do wprowadzenia,False,False,1969
1322,449000.0,Legnicka,2,36.6,7,10,Do remontu,False,True,1969
1323,650000.0,Rudzka,2,54.0,4,4,Do remontu,True,False,1969
1325,630000.0,Nyska,1,39.0,5,5,Gotowe do wprowadzenia,True,True,1969
1326,597365.0,Gajowa,3,64.58,3,3,Do odświeżenia,True,True,1969
1328,1135000.0,Antoniego Wiwulskiego,2,71.0,3,3,Gotowe do wprowadzenia,True,True,1969
1329,597628.0,Gajowa,3,56.0,0,3,Do odświeżenia,True,True,1969
1330,663500.0,Blizanowicka,3,53.0,1,2,Do remontu,True,True,1969
1331,950000.0,Bolesława Prusa,3,60.0,4,4,Do remontu,False,False,1969
1332,750000.0,Zielna,2,50.0,4,4,Gotowe do wprowadzenia,True,True,1969
1333,570000.0,Zielna,3,54.0,1,11,Do remontu,True,True,1969
1334,616895.0,Gajowa,3,49.05,4,4,Gotowe do wprowadzenia,False,False,1969
1335,551923.0,Lawendowa,3,51.5,2,4,Do remontu,True,True,1969
1336,403000.0,Nowowiejska,2,38.0,4,5,Gotowe do wprowadzenia,False,True,1969
1337,739000.0,Zielna,3,60.3,2,5,Do odświeżenia,True,True,1969
1338,522329.0,Konińska,2,40.91,3,4,Do odświeżenia,False,True,1969
1340,785000.0,Kowieńska,3,75.52,1,1,Gotowe do wprowadzenia,True,True,1969
1341,869000.0,Graniczna,3,59.61,1,4,Gotowe do wprowadzenia,True,False,1969
1342,424000.0,Wielka 29,1,43.15,4,5,Do remontu,False,False,1969
1344,640000.0,Parafialna,3,64.0,2,3,Do remontu,True,False,1969
1345,1539000.0,Długa,4,110.53,6,9,Do odświeżenia,True,True,1969
1346,650000.0,Balonowa,4,70.1,2,4,Do remontu,True,False,1969
1347,518000.0,Rudzka,2,36.6,6,10,Do remontu,True,False,1969
1348,850000.0,Gajowa,3,63.0,0,3,Gotowe do wprowadzenia,True,False,1969
1349,1644000.01,Długa,4,101.3,3,9,Do odświeżenia,True,True,1969
1351,739107.0,Konińska,3,62.55,0,4,Do odświeżenia,True,True,1969
1353,695000.0,Rudzka,3,56.0,2,3,Gotowe do wprowadzenia,True,True,1969
1355,724680.0,Braniborska,3,50.37,4,9,Do remontu,True,True,1969
1356,560000.0,Ignacego Mościckiego,4,67.5,0,0,Do remontu,True,True,1969
1358,509145.0,Konińska,2,38.87,0,4,Do odświeżenia,True,True,1969
1359,539000.0,Ignacego Mościckiego,4,67.5,1,1,Do remontu,True,True,1969
1360,559000.0,Obornicka,1,29.0,1,4,Gotowe do wprowadzenia,True,False,1969
1361,521258.0,Nefrytowa,2,43.84,1,2,Do odświeżenia,True,True,1969
1362,698325.0,Przyjaźni,2,41.78,7,8,Do remontu,True,True,1969
1364,707133.0,Konińska,3,60.69,0,4,Do odświeżenia,True,True,1969
1365,645000.0,Augustowska,2,50.7,2,3,Gotowe do wprowadzenia,True,True,1969
1367,598492.0,Zielna,3,60.15,1,2,Do odświeżenia,True,True,1969
1368,650000.0,Rudzka,2,54.0,4,4,Do remontu,True,False,1969
1369,535000.0,Zamkowa,2,45.0,3,3,Do remontu,False,False,1969
1370,539000.0,Woskowa,3,52.7,0,0,Do remontu,True,True,1969
1371,669000.0,Gajowa,3,48.79,4,4,Gotowe do wprowadzenia,True,True,1969
1372,469000.0,Ignacego Mościckiego,3,58.2,1,1,Do remontu,True,True,1969
1377,269000.0,Kossaka,1,18.0,0,4,Gotowe do wprowadzenia,False,False,1969
1380,369000.0,Woskowa,2,32.3,0,0,Do remontu,True,True,1969
1381,1057875.0,Przyjaźni,4,65.2,8,8,Do remontu,True,True,1969
1382,551900.0,Zielna,3,51.63,2,2,Do odświeżenia,True,True,1969
1386,453000.0,Woskowa,3,45.91,1,1,Do remontu,True,True,1969
1387,574901.0,Przyjaźni,2,33.13,7,8,Do remontu,True,True,1969
1388,329000.0,Ignacego Mościckiego,2,36.5,1,1,Do remontu,True,True,1969
1392,649000.0,Zielna,2,41.56,2,2,Do remontu,False,True,1969
1393,565000.0,Kruszwicka,2,39.1,9,10,Gotowe do wprowadzenia,True,True,1969
1394,1081200.0,Gajowa,5,90.1,0,1,Do remontu,False,False,1969
1395,1400000.0,Kossaka,3,72.0,6,8,Gotowe do wprowadzenia,True,True,1969
1396,620496.0,Gajowa,2,50.04,2,4,Do odświeżenia,True,False,1969
1398,269000.0,Kossaka,1,18.0,0,4,Gotowe do wprowadzenia,False,False,1969
1401,619000.0,Zielna,3,52.5,2,2,Do remontu,False,False,1969
1402,378000.0,Ignacego Mościckiego,2,41.6,0,0,Do remontu,True,True,1969
1403,610000.0,Woskowa,4,60.25,0,0,Do remontu,True,True,1969
1404,639400.0,Zielna,2,49.0,4,4,Do remontu,True,True,1969
1405,875000.0,Przyjaźni,2,56.48,4,8,Gotowe do wprowadzenia,True,True,1969
1406,708500.0,Gajowa,3,62.0,1,2,Do remontu,True,True,1969
1407,870000.0,Rudzka,4,67.3,3,4,Gotowe do wprowadzenia,True,False,1969
1408,890000.0,Legnicka,3,64.34,0,0,Gotowe do wprowadzenia,True,True,1969
1409,560000.0,Ignacego Mościckiego,4,67.5,0,0,Do remontu,True,True,1969
1410,539000.0,Woskowa,3,52.7,0,0,Do remontu,True,True,1969
1411,679780.0,Rudzka,3,58.1,0,4,Do remontu,False,False,1969
1412,748400.0,Rudzka,4,64.3,1,4,Do remontu,False,False,1969
1413,729000.0,Zielna,3,60.3,1,4,Do remontu,True,True,1969
1414,591170.0,Długa,2,38.14,6,9,Do odświeżenia,True,True,1969
1415,688905.0,Rudzka,3,60.1,1,4,Do remontu,False,False,1969
1416,800000.0,Zielna,4,94.5,1,1,Do remontu,False,False,1969
1417,499000.0,Zamkowa,2,50.36,4,4,Do remontu,False,False,1969
1418,569000.0,Długa,1,32.49,4,6,Do remontu,True,True,1969
1419,539000.0,Ignacego Mościckiego,4,67.5,1,1,Do remontu,True,True,1969
1420,453000.0,Woskowa,3,45.91,1,1,Do remontu,True,True,1969
1421,649000.0,Zielna,3,66.5,1,4,Do odświeżenia,True,False,1969
1422,649000.0,Honoriusza Balzaka,3,55.0,3,3,Gotowe do wprowadzenia,True,True,1969
1424,380000.0,Woskowa,2,33.0,0,0,Do remontu,True,True,1969
1425,587478.0,Konińska,2,46.03,0,4,Do odświeżenia,True,True,1969
1426,329000.0,Ignacego Mościckiego,2,36.5,1,1,Do remontu,True,True,1969
1427,565000.0,Zamkowa,2,39.3,9,10,Do remontu,False,False,1969
1428,569890.0,Gajowa,2,48.0,2,2,Do remontu,True,True,1969
1429,469000.0,Ignacego Mościckiego,3,58.2,1,1,Do remontu,True,True,1969
1430,865800.0,Zielna,4,77.2,1,4,Do odświeżenia,True,False,1969
1431,415000.0,Woskowa,2,39.5,1,1,Do remontu,True,True,1969
1432,950000.0,Ludwika Rydygiera,3,76.0,4,5,Gotowe do wprowadzenia,False,False,1969
1433,346000.0,Ignacego Mościckiego,2,36.8,0,0,Do remontu,True,True,1969
1435,649000.0,Zamkowa,3,55.0,3,3,Gotowe do wprowadzenia,True,True,1969
1436,609000.0,Długa,2,39.57,0,6,Do remontu,True,True,1969
1438,623820.0,Konińska,3,52.65,1,4,Do odświeżenia,True,True,1969
